No;"Jenis Faskes";"Kode Sarana / Faskes";"Kode SatuSehat Kemenkes";"Nama Fasilitas Kesehatan";"Kategori / Subjenis";"Alamat Lengkap";"Kode Provinsi";"Nama Provinsi";"Kode Kab/Kota";"Nama Kab/Kota";"Kode Kecamatan";"Nama Kecamatan";Latitude;Longitude;"No Telepon";Email;Website;"Status Operasional";"Status Aktif"
1;"Rumah Sakit";5303045;1000262529;"RS Umum Daerah Naibonat";"Rumah Sakit Umum";"Jl. Timor Raya KM.37 Oelamasi, Kupang";53;"Nusa Tenggara Timur";5301;"Kab. Kupang";530106;"Kupang Timur";-10.184;123.595;81337574455;rsnaibonat@yahoo.com;www.rsnaibonat.wordpress.com;Operasional;Aktif
2;"Rumah Sakit";5303056;1000669210;"RS Umum Pusat dr. Ben Mboi";"Rumah Sakit Umum";"Jl. Viquam RT.15/RW.5 Kel. Manulai II Kec. Alak, Kota Kupang Provinsi Nusa Tenggara Timur 85238 Indonesia";53;"Nusa Tenggara Timur";5301;"Kab. Kupang";;;-10.22185;123.57966;082147038684;rsupkupang@gmail.com;rsupbenmboi.com;Operasional;Aktif
3;"Rumah Sakit";5304026;5304026;"RS Pratama Kualin";"Rumah Sakit Umum";"Jl. Poros Panite, Desa Tuafanu, Kecamatan Kualin, Kab.TTS, Prov. NTT";53;"Nusa Tenggara Timur";5302;"Kab. Timor Tengah Selatan";;;-10.1436169;124.377882;;082174964986@domain.com;;Non-Operasional;Aktif
4;"Rumah Sakit";5304015;1000282232;"RS Umum Muder Ignacia";"Rumah Sakit Umum";"Jalan Kakatua No. 38 Kelurahan Nunumeu Kecamatan Kota Soe";53;"Nusa Tenggara Timur";5302;"Kab. Timor Tengah Selatan";530201;"Kota Soe";-2.41856;108.49191;082147043847;"rsu_muderignacia@yahoo. com";rsumuderignacia.co.id;Operasional;Aktif
5;"Rumah Sakit";5304014;1000262658;"RS Umum Soe";"Rumah Sakit Umum";"Jl. Boegenville No.7 Soe - Timor Tengah Selatan";53;"Nusa Tenggara Timur";5302;"Kab. Timor Tengah Selatan";530201;"Kota Soe";-9.6964;124.481;0388-21005;rsud_soe@yahoo.co.id;;Operasional;Aktif
6;"Rumah Sakit";5305024;5305024;"RS Umum Bunda Pembantu Abadi Naob";"Rumah Sakit Umum";"Desa Naob Kecamatan Noemuti Timur";53;"Nusa Tenggara Timur";5303;"Kab. Timor Tengah Utara";;;-9.6059222;124.5994768;081314539947;alexiamariaprr@yahoo.com;;Operasional;Aktif
7;"Rumah Sakit";5305015;1000261549;"RS Umum Daerah Kefamenanu";"Rumah Sakit Umum";"Jl. Letjen Suprapto Kefamenanu";53;"Nusa Tenggara Timur";5303;"Kab. Timor Tengah Utara";530305;"Kota Kefamenanu";-9.4379;124.471;(0388)31149;kefarsud.blud@gmail.com;http://www.rsudkefamenanu.com;Operasional;Aktif
8;"Rumah Sakit";5305025;1000271099;"RS Umum Leona";"Rumah Sakit Umum";"Jl. Eltari Kelurahan MAUBELI, Kecamatan: Kota Kefamenanu";53;"Nusa Tenggara Timur";5303;"Kab. Timor Tengah Utara";530305;"Kota Kefamenanu";-2.41856;108.49191;3882430113;rsuleonakefa@gmail.com;"tidak ada";Operasional;Aktif
9;"Rumah Sakit";5306020;1000284204;"RS Katholik Marianum Halilulik";"Rumah Sakit Umum";"Jl. Raya Halilulik - Betun, Dusun Halibaurenes";53;"Nusa Tenggara Timur";5304;"Kab. Belu";530404;"Tasifeto Barat";-9.27542;124.87702;081353703253;halilulikmarianum20@gmail.com;;Operasional;Aktif
10;"Rumah Sakit";5306031;1000284448;"RS Sito Husada";"Rumah Sakit Umum";"Jl. KH.Dewantara No.15,Atambua Belu";53;"Nusa Tenggara Timur";5304;"Kab. Belu";530421;"Atambua Barat";-10.1772;123.60703;081366373077;sitohusadars@gmail.com;xxx;Operasional;Aktif
11;"Rumah Sakit";5306055;5306055;"RS Sumber Kasih Sejati";"Rumah Sakit Umum";"Jl. Meo Baru Kel. Tenukiik Atambua Kota";53;"Nusa Tenggara Timur";5304;"Kab. Belu";;;-9.1064894;124.8987786;081326420150;rsu.sumberkasihsejati@gmail.com;;Non-Operasional;Aktif
12;"Rumah Sakit";5306053;1000264175;"RS Tk. IV 09.07.04 Atambua";"Rumah Sakit Umum";"Jl. Piere Tendean, Gerbades, Kota Atambua";53;"Nusa Tenggara Timur";5304;"Kab. Belu";530421;"Atambua Barat";-2.41856;108.49191;03892513659;rstatambua090802@gmail.com;http://rstatambua.wordpress.com;Operasional;Aktif
13;"Rumah Sakit";5306016;1000259649;"RS Umum Daerah MGR Gabriel Manek";"Rumah Sakit Umum";"Jl. Dr Sutomo No. 2 Atambua";53;"Nusa Tenggara Timur";5304;"Kab. Belu";530412;"Kota Atambua";-9.09865;124.89716;(0389)2513137;rsudatambua66@gmail.com;rsgmbelu.simkeskhanza.com;Operasional;Aktif
14;"Rumah Sakit";5307010;1000258645;"RS Daerah Kalabahi";"Rumah Sakit Umum";"Jl. Dr Soetomo No 08 Kelurahan Kalabahi Kota Kec. Teluk Mutiara  Kab. Alor";53;"Nusa Tenggara Timur";5305;"Kab. Alor";530501;"Teluk Mutiara";-8.25;124.75;038621008;rsudkalabahi@ymail.com;;Operasional;Aktif
15;"Rumah Sakit";5307021;1000256374;"RS Umum Kelas D Pratama Mola";"Rumah Sakit Umum";"Jl. Masang, RT. 08 RW. 04 Kel. Welai Timur, Kec. Teluk Mutiara";53;"Nusa Tenggara Timur";5305;"Kab. Alor";;;-10.1772;123.60703;085337214787;rs.kelasdmola@gmail.com;;Operasional;Aktif
16;"Rumah Sakit";5309045;5309045;"RS Pratama Adonara";"Rumah Sakit Umum";"Desa Saosina - kecamatan Adonara Timur -Kab. Flores Timur-NTT";53;"Nusa Tenggara Timur";5306;"Kab. Flores Timur";;;-8.371901099999999;123.1688741;;081237201530@domain.com;;Non-Operasional;Aktif
17;"Rumah Sakit";5309012;1000260193;"RS Umum Daerah dr. Hendrikus Fernandez Larantuka";"Rumah Sakit Umum";"Jl. Jend. Sudirman No. 33 Kelurahan Sarotari Tengah, Kecamatan Larantuka, Kabupaten Flores Timur, Provinsi Nusa Tenggara Timur";53;"Nusa Tenggara Timur";5306;"Kab. Flores Timur";530603;Larantuka;-8.31656;123.01513;(0383)21836;perencanaan.rsudlarantuka@gmail.com;https://rsudhfzl.florestimurkab.go.id;Operasional;Aktif
18;"Rumah Sakit";5310023;1000285466;"RS St Elizabeth Lela";"Rumah Sakit Umum";"Lela Maumere,Kab.Sikka";53;"Nusa Tenggara Timur";5307;"Kab. Sikka";;;-8.6573;121.079;081325636969;rslela@yahoo.com;;Operasional;Aktif
19;"Rumah Sakit";5310012;1000259118;"RS Umum Dr TC Hillers Maumere";"Rumah Sakit Umum";"Jl. Wairklau, Kel. Kota Uneng, Kec. Alok, Kabupaten Sikka, Nusa Tenggara Timur";53;"Nusa Tenggara Timur";5307;"Kab. Sikka";530705;Alok;-8.6208;122.208;081261153944;info@rsudtchillers.id;www.rsudtchillers.id;Operasional;Aktif
20;"Rumah Sakit";5310034;1000283391;"RS Umum St. Gabriel Kewapante Sikka";"Rumah Sakit Umum";"Kewapante Kabupaten Sikka";53;"Nusa Tenggara Timur";5307;"Kab. Sikka";530710;Kewapante;-8.7402;122.189;0382-2425116;rs.stgabriel@yahoo.id;www.stgabriel-hospital.com;Operasional;Aktif
21;"Rumah Sakit";5311025;5311025;"RS Kelas D Pratama Tanali";"Rumah Sakit Umum";"Jl. Detusoko Maurole Desa Tanali, Kec. Wewaria";53;"Nusa Tenggara Timur";5308;"Kab. Ende";530807;Wewaria;-8.630260999999997;121.706079;;rspratamaende@gmail.com;;Operasional;Aktif
22;"Rumah Sakit";5311024;1000285519;"RS St Antonius Jopu";"Rumah Sakit Umum";"JLN. WOLOWARU-NGGELA RT 018/RW 009, DESA JOPU, KEC. WOLOWARU";53;"Nusa Tenggara Timur";5308;"Kab. Ende";530808;Wolowaru;-8.854;121.654;081346249103;jopurssantoantonius@gmail.com;rssantoantoniusjopu.com;Operasional;Aktif
23;"Rumah Sakit";5311013;1000259039;"RS Umum Daerah Ende";"Rumah Sakit Umum";"Jl. Prof Dr. WZ.Johanes Ende";53;"Nusa Tenggara Timur";5308;"Kab. Ende";530819;"Ende Tengah";-8.854;121.654;"0812 3941 4545";rsud.ende@gmail.com;www.rsudende.co.id;Operasional;Aktif
24;"Rumah Sakit";5312014;1000257536;"RS Umum Bajawa";"Rumah Sakit Umum";"Jl. Diponegoro No. 5, Bajawa";53;"Nusa Tenggara Timur";5309;"Kab. Ngada";530906;Bajawa;-8.7923;120.961;(0384)21030;rsudbajawa01@gmail.com;www.rsudbajawa.com;Operasional;Aktif
25;"Rumah Sakit";5313026;1000285686;"RS  ST Rafael Cancar";"Rumah Sakit Umum";"Jl.Ruteng-Labuan Bajo, Kel. Wae Belang";53;"Nusa Tenggara Timur";5310;"Kab. Manggarai";531003;Ruteng;-8.6573;121.079;081235192992;rsst.rafael@gmail.com;;Operasional;Aktif
26;"Rumah Sakit";5313037;5313037;"RS Pratama Reo";"Rumah Sakit Umum";"Jl. Pelabuhan Reo Wangkung. Kec. Reok";53;"Nusa Tenggara Timur";5310;"Kab. Manggarai";;;-8.2960992;120.4617928;082247530559;rumahsakitpratamareo@gmail.com;;Operasional;Non-Aktif
27;"Rumah Sakit";5313015;1000258360;"RS Umum Daerah Ruteng";"Rumah Sakit Umum";"Jl. Dr. Soetomo No. 1 Ruteng, Kab. Manggarai";53;"Nusa Tenggara Timur";5310;"Kab. Manggarai";531012;"Langke Rembong";-8.62617;120.48765;2138922317;rs_sim@yahoo.co.id;https://rsudruteng.manggaraikab.go.id/;Operasional;Aktif
28;"Rumah Sakit";5302012;1000285234;"RS Kristen Lindimara";"Rumah Sakit Umum";"Jl. Prof.DR WZ. Johannes No.6,Waingapu";53;"Nusa Tenggara Timur";5311;"Kab. Sumba Timur";531116;Kambera;-9.6628;120.267;0387-61064;rsk.lindimara@yahoo.com;www.lindimara.org;Operasional;Aktif
29;"Rumah Sakit";5302023;1000259182;"RS Umum Daerah Waingapu";"Rumah Sakit Umum";"Jl. Adam Malik No.54 Kel. Kambajawa - Kecamatan Kota Waingapu";53;"Nusa Tenggara Timur";5311;"Kab. Sumba Timur";531101;"Kota Waingapu";-9.6628;120.267;(0387)61302;rarameha@gmail.com;www.rsudurm.sumbatimurkab.go.id;Operasional;Aktif
30;"Rumah Sakit";5302034;1000284890;"RS Umum Imanuel Sumba";"Rumah Sakit Umum";"Jl. Nangka No.4,Waingapu-Sumba Timur";53;"Nusa Tenggara Timur";5311;"Kab. Sumba Timur";531101;"Kota Waingapu";-9.65279;120.26227;(0387)62980;rsuimanuel@yahoo.com;rsuimanuel.wixsite.com/rsu-imanuel-sumba;Operasional;Aktif
31;"Rumah Sakit";5301011;1000282799;"RS Kristen Lende Moripa";"Rumah Sakit Umum";"Jl. El Tari No.2 Waikabubak";53;"Nusa Tenggara Timur";5312;"Kab. Sumba Barat";531212;Lamboya;-9.6324;119.41405;0387-21085;lendemoripa@gmail.com;https://rs-lendemoripa.com/;Operasional;Aktif
32;"Rumah Sakit";5301035;1000256714;"RS Umum Hobakalla";"Rumah Sakit Umum";"Desa Patiala Bawa Kec. Lamboya";53;"Nusa Tenggara Timur";5312;"Kab. Sumba Barat";;;-9.74261;119.32763;082145650900;pratamahobakalla17@gmail.com;;Operasional;Aktif
33;"Rumah Sakit";5301033;1000261329;"RS Umum Waikabubak";"Rumah Sakit Umum";"Jl. Adhyaksa, Km.3, Kel. Diratana, Kec. Loli, Waikabubak";53;"Nusa Tenggara Timur";5312;"Kab. Sumba Barat";531212;Lamboya;-9.6355;119.40986;"(0387) 21701";rsudwkb@gmail.com;http://rsudwaikabubak.id;Operasional;Aktif
34;"Rumah Sakit";5308023;1000285416;"RS  Bukit Lewoleba";"Rumah Sakit Umum";"Jl. Trans Atadei Kel. Lewoleba Barat";53;"Nusa Tenggara Timur";5313;"Kab. Lembata";531301;"Naga Wutung";-8.6573;121.079;081342906091;rsbukitlewoleba@yahoo.com;;Operasional;Aktif
35;"Rumah Sakit";5309034;1000285727;"RS Damian Lembata";"Rumah Sakit Umum";"jalan Trans Nagawutung";53;"Nusa Tenggara Timur";5313;"Kab. Lembata";531305;Nubatukan;-8.37574;123.4047;0821-4459-5115;rsdamianlwe.59@gmail.com;;Operasional;Aktif
36;"Rumah Sakit";5308045;1000257691;"RS Umum Daerah Lewoleba";"Rumah Sakit Umum";"Jl.Trans Lembata No.1 Lewoleba Lembata";53;"Nusa Tenggara Timur";5313;"Kab. Lembata";;;-8.3736;123.4;"0383 2343442";rsudl.lewoleba@yahoo.co.id;;Operasional;Aktif
37;"Rumah Sakit";5303024;1000258762;"RS Umum Daerah Rote Ndao Ba'a";"Rumah Sakit Umum";"Jl. Prof. Adrianus Mooy, Kel. Mokdale, Kec. Lobalain, Kab. Rote Ndao";53;"Nusa Tenggara Timur";5314;"Kab. Rote Ndao";531403;Lobalain;-10.74785;123.04535;"(0380) 8572043";rsud.baa@gmail.com;www.rotendaokab.go.id;Operasional;Aktif
38;"Rumah Sakit";5315002;5315002;"RS Siloam Labuan Bajo";"Rumah Sakit Umum";"Jl. Gabriel GampurKecamatan Komodo - Labuan BajoKab. Manggarai Barat";53;"Nusa Tenggara Timur";5315;"Kab. Manggarai Barat";531505;Komodo;-8.4962711;119.8842898;0385-2381900;info.shlb@siloamhospitals.com;www.siloamhospitals.com;Operasional;Aktif
39;"Rumah Sakit";5315003;5315003;"RS Umum Daerah Komodo";"Rumah Sakit Umum";"Jalan Raya Labuan Bajo-Ruteng, Desa Golo Bilas, Kecamatan Komodo, Kabupaten Manggarai Barat, NTT";53;"Nusa Tenggara Timur";5315;"Kab. Manggarai Barat";531505;Komodo;-8.5412596;119.8962618;81337055250;rsudkomodo@yahoo.com;https://rsudkomodo.manggaraibaratkab.go.;Operasional;Aktif
40;"Rumah Sakit";5315004;1000285363;"RS Umum Santo Yoseph Labuan bajo";"Rumah Sakit Umum";"Jl. Eduardus Sangsung Kel. Wae Kelambu Kec. Komodo";53;"Nusa Tenggara Timur";5315;"Kab. Manggarai Barat";531505;Komodo;-8.63361;119.8472;;rsu.styoseph@gmail.com;RSU.STYOSEPH;Operasional;Aktif
41;"Rumah Sakit";5318013;5318013;"RS Pratama Raja";"Rumah Sakit Umum";"Desa Raja Kec. Boawae Kab. Nakegeo";53;"Nusa Tenggara Timur";5316;"Kab. Nagekeo";;;-8.748371999999998;121.2709355;;081337762086@domain.com;;Non-Operasional;Aktif
42;"Rumah Sakit";5318002;1000260727;"RS Umum Daerah Aeramo Kabupaten Nagekeo";"Rumah Sakit Umum";"Desa Aeramo, Kecamatan Aesesa Kabupaten Nagekeo";53;"Nusa Tenggara Timur";5316;"Kab. Nagekeo";531601;Aesesa;-10.16791;123.62383;081337762086;rsdaeramo2017@gmail.com;https://rsudaeramo.nagekeokab.go.id/;Operasional;Aktif
43;"Rumah Sakit";5316003;1000259405;"RS Umum Daerah Waibakul";"Rumah Sakit Umum";"Jl. Lintas Waihibur Desa Umbu Mamijuk Kecamatan Umbu Ratu Nggay Barat Kabupaten Sumba Tengah";53;"Nusa Tenggara Timur";5317;"Kab. Sumba Tengah";531702;"Umbu Ratu Nggay Barat";-9.6077;119.62034;082213347853;rsud.waibakul@gmail.com;www.rsudwaibakul.sumbatengahkab.go.id/;Operasional;Aktif
44;"Rumah Sakit";5301022;1000282921;"RS Karitas Weetabula";"Rumah Sakit Umum";"Jl. Bulgur No 1 - Weetebula";53;"Nusa Tenggara Timur";5318;"Kab. Sumba Barat Daya";531809;"Kota Tambolaka";-9.44298;119.23128;081237279066;rskaritaswtb.sbd@gmail.com;rskaritaswtb.simkeskhanza.com/epasien;Operasional;Aktif
45;"Rumah Sakit";5317002;1000257055;"RS Umum Daerah Reda Bolo";"Rumah Sakit Umum";"Jl. Welonda, Desa Watu Kawula, Kec. Kota Tambolaka, Kab. Sumba Barat Daya";53;"Nusa Tenggara Timur";5318;"Kab. Sumba Barat Daya";531809;"Kota Tambolaka";-2.41856;108.49191;081221828019;rsudredabolo@gmail.com;;Operasional;Aktif
46;"Rumah Sakit";5319013;5319013;"RS Pratama Watunggong";"Rumah Sakit Umum";"Desa Satar Nawang Kec. Congkar Kab. Manggarai Timur";53;"Nusa Tenggara Timur";5319;"Kab. Manggarai Timur";;;-8.543916699999999;120.6746136;;081353049783@domain.com;;Non-Operasional;Aktif
47;"Rumah Sakit";5319002;1000257914;"RS Umum Daerah Borong";"Rumah Sakit Umum";"Lehong, Desa Gurung Liwut, Kecamatan Borong";53;"Nusa Tenggara Timur";5319;"Kab. Manggarai Timur";;;-8.7512;120.60756;;rsudborong@gmail.com;;Operasional;Aktif
48;"Rumah Sakit";5320013;5320013;"RS Pratama Raijua";"Rumah Sakit Umum";"Kelurahan Ledeunu Kecamatan Raijua, Kabupaten Sabu Raijua";53;"Nusa Tenggara Timur";5320;"Kab. Sabu Raijua";;;-10.6120855;121.6275134;;081237326871@domain.com;;Non-Operasional;Aktif
49;"Rumah Sakit";5320002;1000261472;"RS Umum Daerah Sabu Raijua";"Rumah Sakit Umum";"Jl. El-Tari Seba, Menia";53;"Nusa Tenggara Timur";5320;"Kab. Sabu Raijua";;;-10.48466;121.89523;0380861116;rsudsr@gmail.com;;Operasional;Aktif
50;"Rumah Sakit";5306042;1000262335;"RS Umum Penyangga Perbatasan Betun";"Rumah Sakit Umum";"Jl. Sukabihanawa No. 02 Desa Kamanasa Kec.Malaka Tengah";53;"Nusa Tenggara Timur";5321;"Kab. Malaka";532101;"Malaka Tengah";-9.101;124.891;81321596129;rsppbetun@gmail.com;www.rsuppbetun.com;Operasional;Aktif
51;"Rumah Sakit";5303033;1000255760;"RS Bhayangkara";"Rumah Sakit Umum";"Jl. Nangka No. 84 Kupang";53;"Nusa Tenggara Timur";5371;"Kota Kupang";537104;Oebobo;-10.16395;123.59202;"0380 821273";rsb.kupang@gmail.com;www.rsbkupang.com;Operasional;Aktif
52;"Rumah Sakit";5371047;1000283535;"RS Ibu dan Anak Dedari";"Rumah Sakit Khusus";"Jl. Rantai Damai No. 69 D, Kel. Tuak Daun Merah.";53;"Nusa Tenggara Timur";5371;"Kota Kupang";537104;Oebobo;-10.16545;123.62762;0380-830041;rsia_dedari@yahoo.com;www.rsiadedarikupang.com;Operasional;Aktif
53;"Rumah Sakit";5371059;1000265052;"RS Jiwa Naimata";"Rumah Sakit Khusus";"Jl. Taebenu RT. 007 RW. 003 Kel. Naimata Kec. Maulafa";53;"Nusa Tenggara Timur";5371;"Kota Kupang";537102;Maulafa;-10.17934;123.6388;"0380 825212";rumahsakitjiwanaimata@gmail.com;https://rsjnaimata.com/;Operasional;Aktif
54;"Rumah Sakit";5371054;1000266903;"RS Mamami";"Rumah Sakit Umum";"Jl. R. W. Monginsidi I No 3, Kota Kupang Kel. Pasir Panjang, Kec. Kota Lama";53;"Nusa Tenggara Timur";5371;"Kota Kupang";537106;"Kota Lama";-10.1536;123.60911;08113811014;rumahsakitmamami@yahoo.com;www.rsumamami.com;Operasional;Aktif
55;"Rumah Sakit";5303028;1000275928;"RS Siloam Kupang";"Rumah Sakit Umum";"Jl. R. W. Monginsidi Kelurahan Fatululi Kecamatan Oebobo";53;"Nusa Tenggara Timur";5371;"Kota Kupang";537104;Oebobo;-10.15626;123.61044;"0380 8530900";putri.manafe@siloamhospitals.com;www.siloamhospitals.com;Operasional;Aktif
56;"Rumah Sakit";5371052;1000285404;"RS St. Carolus Borromeus";"Rumah Sakit Umum";"Jl. H.R. Koroh, km. 08, Kel. Bello, Kec. Maulafa, Kota Kupang, NTT";53;"Nusa Tenggara Timur";5371;"Kota Kupang";;;-10.21511;123.61804;"0380 8438508";rscbkupang@gmail.com;www.rscbkupang.co.id;Operasional;Aktif
57;"Rumah Sakit";5303022;1000264280;"RS Tk. III Wirasakti Kupang";"Rumah Sakit Umum";"Jl. Dr.DR.Moch Hatta No.9-11 ,Kupang";53;"Nusa Tenggara Timur";5371;"Kota Kupang";537105;"Kota Raja";-10.184;123.595;"(0380) 8824735";rstwirasakti@gmail.com;www.rstwirasakti.com;Operasional;Aktif
58;"Rumah Sakit";5371046;1000264656;"RS TNI AL Lantamal VII Kupang";"Rumah Sakit Umum";"Jl. Yos Sudarso No. 5 Osmok, Kel Namosain Kec.Alak, Kupang";53;"Nusa Tenggara Timur";5371;"Kota Kupang";537101;Alak;-10.17595;123.55541;0380-890670;rsalkupang7@gmail.com;"info.tni.mil.id/lantamal 7";Operasional;Aktif
59;"Rumah Sakit";5371055;1000264864;"RS TNI AU EL TARI";"Rumah Sakit Umum";"Penfui, Kota Kupang";53;"Nusa Tenggara Timur";5371;"Kota Kupang";537102;Maulafa;-2.41856;108.49191;0380-8003477;rumkiteli@gmail.com;;Non-Operasional;Aktif
60;"Rumah Sakit";5303013;1000263391;"RS Umum Daerah S. K. Lerik";"Rumah Sakit Umum";"Jl. Timor Raya  No. 134 Kelurahan Pasir Panjang Kecamatan Kota Lama Kota Kupang Nusa Tenggara Timur (85227)";53;"Nusa Tenggara Timur";5371;"Kota Kupang";537103;"Kelapa Lima";-10.15027;123.60824;"0380 824157";rsudsklerik.pemkotkupang@gmail.com;https://www.rsudsklerik.com;Operasional;Aktif
61;"Rumah Sakit";5371057;1000270966;"RS Umum Kartini Kupang";"Rumah Sakit Umum";"Jl. Frans Seda No. 17 RT.34 RW.09 Kelurhan Tuak Daun Merah, Kecamatan Oebobo, Kota kUpang-NTT";53;"Nusa Tenggara Timur";5371;"Kota Kupang";;;-10.15775;123624295.18;"0380 - 831270";rskartinikupang@gmail.com;www.rskartinikupang.com;Operasional;Aktif
62;"Rumah Sakit";5371058;1000282971;"RS Umum Leona Kupang";"Rumah Sakit Umum";"Jl. Soeverdi No. 20 Oebufu";53;"Nusa Tenggara Timur";5371;"Kota Kupang";537101;Alak;-10.1772;123.60703;08113818622;rsuleona@gmail.com;"Tidak ada";Operasional;Aktif
63;"Rumah Sakit";5371011;1000265301;"RS Umum Prof. Dr. WZ Johanes";"Rumah Sakit Umum";"Jl. Dr Moch Hatta No. 19 Kupang";53;"Nusa Tenggara Timur";5371;"Kota Kupang";537104;Oebobo;-10.16831;123.58507;0380833614;rsudjohannes@gmail.com;www.rsudwzjohanes.nttprov.go.id;Operasional;Aktif
64;"Rumah Sakit";5371060;1000280569;"RS Umum Universitas Nusa Cendana";"Rumah Sakit Umum";"Jl. Jenderal Soeharto No. 72 Naikoten 1";53;"Nusa Tenggara Timur";5371;"Kota Kupang";537105;"Kota Raja";-10.1825;123.60129;082236649914;info.rsu@undana.ac.id;https://rsu.undana.ac.id/;Operasional;Aktif
65;Puskesmas;53010200002;1000133687;AKLE;"Puskesmas Non Perawatan";"Ds. Akle, Kec. Semau Selatan";53;"Nusa Tenggara Timur";5301;"Kab. Kupang";530123;"Semau Selatan";-10.31036;123.38335;;lindanuban24@gmail.com;;Operasional;Aktif
66;Puskesmas;53010200003;1000133807;BATAKTE;"Puskesmas Non Perawatan";"Ds. Batakte, Kec. Kupang Barat";53;"Nusa Tenggara Timur";5301;"Kab. Kupang";530105;"Kupang Barat";-10.25378;123.55422;;fktpbatakte@yahoo.com;;Operasional;Aktif
67;Puskesmas;53010200006;1000133792;BAUMATA;"Puskesmas Non Perawatan";"Ds. Baumata, Kec. Taebenu";53;"Nusa Tenggara Timur";5301;"Kab. Kupang";530124;Taebenu;-10.20243;123.67909;;puskesmasbaumata@yahoo.com;;Operasional;Aktif
68;Puskesmas;53010200008;1000133728;BAUN;"Puskesmas Non Perawatan";"Ds. Teunbaun, Kec. Amarasi Barat";53;"Nusa Tenggara Timur";5301;"Kab. Kupang";530117;"Amarasi Barat";-10.30083;123.72784;;ridhoprayogie@gmail.com;;Operasional;Aktif
69;Puskesmas;53010200016;1000133663;CAMPLONG;"Puskesmas Non Perawatan";"Camplong I, Kec. Fatuleu";53;"Nusa Tenggara Timur";5301;"Kab. Kupang";530110;Fatuleu;-10.04826;123.88579;;wiwinrau@gmail.com;;Operasional;Aktif
70;Puskesmas;53010200014;1000133754;FATUKANUTU;"Puskesmas Non Perawatan";"Ds. Fatuknutu, Kec. Amabi Oefeto";53;"Nusa Tenggara Timur";5301;"Kab. Kupang";530125;"Amabi Oefeto";-10.17556;123.9097;;ilhamrakatesa85@gmail.com;;Operasional;Aktif
71;Puskesmas;53010200023;1000133675;FATUMONAS;"Puskesmas Non Perawatan";"Ds. Fatumonas, Kec. Amfoang Tengah";53;"Nusa Tenggara Timur";5301;"Kab. Kupang";530130;"Amfoang Tengah";-9.69353;123.97314;;kulishanty@gmail.com;;Operasional;Aktif
72;Puskesmas;53010200020;1000133766;HUEBUNIF;"Puskesmas Non Perawatan";"Ds. Tanini, Kec. Takari";53;"Nusa Tenggara Timur";5301;"Kab. Kupang";530111;Takari;-9.79403;123.93657;;;;Operasional;Aktif
73;Puskesmas;53010200021;1000133649;LELOGAMA;"Puskesmas Perawatan (Rawat Inap)";"Ds. Lelogama, Kec. Amfoang Selatan";53;"Nusa Tenggara Timur";5301;"Kab. Kupang";530112;"Amfoang Selatan";-9.70258;123.95612;;lelogamapuskesmas@gmail.com;;Operasional;Aktif
74;Puskesmas;53010200022;1000133821;MANUBELON;"Puskesmas Non Perawatan";"Ds. Manubelon, Kec. Amfoang Barat Daya";53;"Nusa Tenggara Timur";5301;"Kab. Kupang";530121;"Amfoang Barat Daya";-9.68821;123.71707;;judithhambleton87@gmail.com;;Operasional;Aktif
75;Puskesmas;53010200012;1000133716;NAIBONAT;"Puskesmas Non Perawatan";"Ds. Naibonat, Kec. Kupang Timur";53;"Nusa Tenggara Timur";5301;"Kab. Kupang";530106;"Kupang Timur";-10.09004;123.81741;;antoniuskapa@gmail.com;;Operasional;Aktif
76;Puskesmas;53010200024;1000133584;NAIKLIU;"Puskesmas Perawatan (Rawat Inap)";"Ds. Naikliu, Kec. Amfoang Utara";53;"Nusa Tenggara Timur";5301;"Kab. Kupang";530113;"Amfoang Utara";-9.52215;123.85492;;roniedisonolla@gmail.com;;Operasional;Aktif
77;Puskesmas;53010200007;1000133625;OEKABITI;"Puskesmas Perawatan (Rawat Inap)";"Ds. Nonbes, Kec. Amarasi";53;"Nusa Tenggara Timur";5301;"Kab. Kupang";530109;Amarasi;-10.19273;123.83038;;puskesmasoekabiti2021@gmail.com;;Operasional;Aktif
78;Puskesmas;53010200017;1000133699;OELBITENO;"Puskesmas Non Perawatan";"Ds. Oelbiteno, Kec. Fatuleu Tengah";53;"Nusa Tenggara Timur";5301;"Kab. Kupang";530128;"Fatuleu Tengah";-9.93106;123.81062;;puskesmasoelbitenofateng@gmail.com;;Operasional;Aktif
79;Puskesmas;53010200004;1000133651;OEMASI;"Puskesmas Non Perawatan";"Ds. Oemasi, Kec. Nekemese";53;"Nusa Tenggara Timur";5301;"Kab. Kupang";530116;Nekamese;-10.27139;123.65002;;yovialist.radjatadoe@gmail.com;;Operasional;Aktif
80;Puskesmas;53010200013;1000133819;OENUNTONO;"Puskesmas Non Perawatan";"Ds. Oenuntono, Kec. Amabi Oefeto Timur";53;"Nusa Tenggara Timur";5301;"Kab. Kupang";530120;"Amabi Oefeto Timur";-10.11072;124.05656;;pkmoenuntono952@gmail.com;;Operasional;Aktif
81;Puskesmas;53010200026;1000133778;OEPOLI;"Puskesmas Non Perawatan";"Ds. Netemnamu Utara, Kec. Amfoang Timur";53;"Nusa Tenggara Timur";5301;"Kab. Kupang";530126;"Amfoang Timur";-9.34908;124.03705;;leloalexander14@gmail.com;;Operasional;Aktif
82;Puskesmas;53010200011;1000133637;OESAO;"Puskesmas Perawatan (Rawat Inap)";"Jl. Timor Raya Km. 27, Kec. Kupang Timur";53;"Nusa Tenggara Timur";5301;"Kab. Kupang";530106;"Kupang Timur";-10.10149;123.8119;;puskesmas_oesao@yahoo.com;;Operasional;Aktif
83;Puskesmas;53010200010;1000133780;PAKUBAUN;"Puskesmas Non Perawatan";"Ds. Pakubaun, Kec. Amarasi Timur";53;"Nusa Tenggara Timur";5301;"Kab. Kupang";530119;"Amarasi Timur";-10.22938;124.02533;;puskesmas.pakubaun@yahoo.com;;Operasional;Aktif
84;Puskesmas;53010200018;1000133730;POTO;"Puskesmas Non Perawatan";"Ds. Poto, Kec. Fatuleu Barat";53;"Nusa Tenggara Timur";5301;"Kab. Kupang";530127;"Fatuleu Barat";-9.90857;123.65818;;puskesmaspoto77@gmail.com;;Operasional;Aktif
85;Puskesmas;53010200025;1000133596;SOLIU;"Puskesmas Perawatan (Rawat Inap)";"Ds. Soliu, Kec. Amfoang Barat Laut";53;"Nusa Tenggara Timur";5301;"Kab. Kupang";530122;"Amfoang Barat Laut";-9.62034;123.74059;;puskesmas.soliu11@gmail.com;;Operasional;Aktif
86;Puskesmas;53010200009;1000133742;SONRAEN;"Puskesmas Non Perawatan";"Ds. Sonrean, Kec. Amarasi Selatan";53;"Nusa Tenggara Timur";5301;"Kab. Kupang";530118;"Amarasi Selatan";-10.28058;123.82571;;nellalodoh@gmail.com;;Operasional;Aktif
87;Puskesmas;53010200015;1000133601;SULAMU;"Puskesmas Perawatan (Rawat Inap)";"Ds. Sulamu, Kec. Sulamu";53;"Nusa Tenggara Timur";5301;"Kab. Kupang";530107;Sulamu;-10.01612;123.60385;;yatiilyilham@gmail.com;;Operasional;Aktif
88;Puskesmas;53010200019;1000133613;TAKARI;"Puskesmas Perawatan (Rawat Inap)";"Ds. Takari, Kec. Takari";53;"Nusa Tenggara Timur";5301;"Kab. Kupang";530111;Takari;-9.98802;124.05902;;puskesmastakari22@gmail.com;;Operasional;Aktif
89;Puskesmas;53010200005;1000133704;TARUS;"Puskesmas Non Perawatan";"Ds. Tarus, Kec. Kupang Tengah";53;"Nusa Tenggara Timur";5301;"Kab. Kupang";530108;"Kupang Tengah";-10.14213;123.68694;;puskesmastaruskm13@gmail.com;;Operasional;Aktif
90;Puskesmas;53010200001;1000133572;UITAO;"Puskesmas Perawatan (Rawat Inap)";"Ds. Uitao, Kec. Semau";53;"Nusa Tenggara Timur";5301;"Kab. Kupang";530104;Semau;-10.18736;123.41531;;juanitabanase@gmail.com;;Operasional;Aktif
91;Puskesmas;53020200028;1000111457;AYOTUPAS;"Puskesmas Perawatan (Rawat Inap)";"Ds. Snok, Kec. Amanatun Utara";53;"Nusa Tenggara Timur";5302;"Kab. Timor Tengah Selatan";530209;"Amanatun Utara";-9.69684;124.70439;;;;Operasional;Aktif
92;Puskesmas;53020200031;1000111536;BATI;"Puskesmas Non Perawatan";"Jl. Lilana, Desa Nefokoko - Kec. Mollo Utara";53;"Nusa Tenggara Timur";5302;"Kab. Timor Tengah Selatan";530203;"Mollo Utara";-9.71105;124.16247;81337636969;batipuskesmas@gmail.com;;Operasional;Aktif
93;Puskesmas;53020200011;1000111744;"BATU PUTIH";"Puskesmas Non Perawatan";"Ds. Oebobo, Kec. Batu Putih";53;"Nusa Tenggara Timur";5302;"Kab. Timor Tengah Selatan";530214;"Batu Putih";-9.97783;124.14096;;puskesmasbatuputih23@gmail.com;;Operasional;Aktif
94;Puskesmas;53020200032;1000111691;BINAUS;"Puskesmas Non Perawatan";"Desa  Binaus Kec. Mollo Tengah";53;"Nusa Tenggara Timur";5302;"Kab. Timor Tengah Selatan";530230;"Mollo Tengah";-9.79404;124.28169;85253716489;puskesmasbinaus01@gmail.com;;Operasional;Aktif
95;Puskesmas;53020200025;1000111471;BOKING;"Puskesmas Perawatan (Rawat Inap)";"Ds. Boking, Kec. Boking";53;"Nusa Tenggara Timur";5302;"Kab. Timor Tengah Selatan";530215;Boking;-9.8422;124.75525;;;;Operasional;Aktif
96;Puskesmas;53020200033;1000111550;FATUKOPA;"Puskesmas Non Perawatan";"Desa Fatukopa - Kec. Fatukopa";53;"Nusa Tenggara Timur";5302;"Kab. Timor Tengah Selatan";530229;Fatukopa;-9.61815;124.63219;82363564020;baunselef@gmail.com;;Operasional;Aktif
97;Puskesmas;53020200002;1000111720;FATUMNASI;"Puskesmas Non Perawatan";"Jl. San Polly, Ds. Fatumnasi - Kec. Fatumnasi";53;"Nusa Tenggara Timur";5302;"Kab. Timor Tengah Selatan";530213;Polen;-9.61398;124.219;;puskesmasfatumnasi@gmail.com;;Operasional;Aktif
98;Puskesmas;53020200007;1000111706;FATUMNUTU;"Puskesmas Non Perawatan";"Ds. Fatumutu, Kec. Polen";53;"Nusa Tenggara Timur";5302;"Kab. Timor Tengah Selatan";530213;Polen;-9.59377;124.33157;;;;Operasional;Aktif
99;Puskesmas;53020200029;1000111756;HAUHASI;"Puskesmas Non Perawatan";"Ds. Toianas, Kec. Toianas";53;"Nusa Tenggara Timur";5302;"Kab. Timor Tengah Selatan";530216;Toianas;-9.71817;124.8012;;puskesmashauhasi@gmail.com;;Operasional;Aktif
100;Puskesmas;53020200023;1000111639;HOIBETI;"Puskesmas Non Perawatan";"Ds. Hoibeti, Kec. Kot Olin";53;"Nusa Tenggara Timur";5302;"Kab. Timor Tengah Selatan";530220;"Kot olin";-9.97717;124.59047;;widiawaty.nenoliu@gmail.com;;Operasional;Aktif
101;Puskesmas;53020200001;1000111445;KAPAN;"Puskesmas Perawatan (Rawat Inap)";"Ds. O'besi, Kec. Mollo Utara";53;"Nusa Tenggara Timur";5302;"Kab. Timor Tengah Selatan";530203;"Mollo Utara";-9.73422;124.27388;;uptpuskkapan@gmail.com;;Operasional;Aktif
102;Puskesmas;53020200022;1000111524;KIE;"Puskesmas Non Perawatan";"Ds. Napi, Kec. Ki'e";53;"Nusa Tenggara Timur";5302;"Kab. Timor Tengah Selatan";530210;'KI''E';-9.84705;124.54906;;uptpuskesmaskie@gmail.com;;Operasional;Aktif
103;Puskesmas;53020200018;1000111495;KOLBANO;"Puskesmas Perawatan (Rawat Inap)";"Ds. Kolbano, Kec. Kolbano";53;"Nusa Tenggara Timur";5302;"Kab. Timor Tengah Selatan";530219;Kolbano;-10.03558;124.52481;;puskesmaskolbano380@gmail.com;;Operasional;Aktif
104;Puskesmas;53020200009;1000111598;"KOTA SOE";"Puskesmas Non Perawatan";"Kel. Taubneno, Kec. Kota Soe";53;"Nusa Tenggara Timur";5302;"Kab. Timor Tengah Selatan";530201;"Kota Soe";-9.84966;124.28937;;puskesmaskotasoe2023@gmail.com;;Operasional;Aktif
105;Puskesmas;53020200015;1000111732;KUALIN;"Puskesmas Non Perawatan";"Ds. Kualin, Kec. Kualin";53;"Nusa Tenggara Timur";5302;"Kab. Timor Tengah Selatan";530221;Kualin;-10.12332;124.46031;;puskesmaskualin6@gmail.com;;Operasional;Aktif
106;Puskesmas;53020200014;1000111483;KUANFATU;"Puskesmas Perawatan (Rawat Inap)";"Ds. Kuanfatu, Kec. Kuanfatu";53;"Nusa Tenggara Timur";5302;"Kab. Timor Tengah Selatan";530211;Kuanfatu;-10.02402;124.43705;;imanugrahataopan4@gmail.com;;Operasional;Aktif
107;Puskesmas;53020200004;1000111768;LILANA;"Puskesmas Non Perawatan";"Ds. Liliana, Kec. Nunbena";53;"Nusa Tenggara Timur";5302;"Kab. Timor Tengah Selatan";530232;Nunbena;-9.69631;124.14146;;arthurkrisdianto@gmail.com;;Operasional;Aktif
108;Puskesmas;53020200030;1000111770;LOTAS;"Puskesmas Non Perawatan";"Ds. Sapnala, Kec. Kokbaun";53;"Nusa Tenggara Timur";5302;"Kab. Timor Tengah Selatan";530223;"Kok Baun";-9.61944;124.75186;;musaberelaku@gmail.com;;Operasional;Aktif
109;Puskesmas;53020200027;1000111665;MANUFUI;"Puskesmas Non Perawatan";"Ds. Manufui, Kec. Santian";53;"Nusa Tenggara Timur";5302;"Kab. Timor Tengah Selatan";530225;Santian;-9.78905;124.72626;;;;Operasional;Aktif
110;Puskesmas;53020200016;1000111512;"NIKI - NIKI";"Puskesmas Perawatan (Rawat Inap)";"Kel. Niki-niki, Kec. Amanuban Tengah";53;"Nusa Tenggara Timur";5302;"Kab. Timor Tengah Selatan";530205;"Amanuban Tengah";-9.8249;124.46521;;yanemella824@gmail.com;;Operasional;Aktif
111;Puskesmas;53020200034;1000111586;NOEBANA;"Puskesmas Non Perawatan";"Jl. Fatufua no.1 Desa Noebana- Kec. Noebana";53;"Nusa Tenggara Timur";5302;"Kab. Timor Tengah Selatan";530224;Noebana;-9.77771;124.6527;85257666920;uptpusknoebana@gmail.com;;Operasional;Aktif
112;Puskesmas;53020200035;1000111641;NOEBEBA;"Puskesmas Non Perawatan";"Jl. Meo Nabuasa, Desa Oepliki Kec. Noebeba";53;"Nusa Tenggara Timur";5302;"Kab. Timor Tengah Selatan";530226;Noebeba;-9.09847;124.33061;82198518522;tampanisammy@gmail.com;;Operasional;Aktif
113;Puskesmas;53020200013;1000111615;NOEMUKE;"Puskesmas Non Perawatan";"Ds. Noemuke, Kec. Amanuban Selatan";53;"Nusa Tenggara Timur";5302;"Kab. Timor Tengah Selatan";530206;"Amanuban Selatan";-10.06307;124.34872;;ytse02782@gmail.com;;Operasional;Aktif
114;Puskesmas;53020200010;1000111603;NULLE;"Puskesmas Non Perawatan";"Ds. Tublopo, Kec. Amanuban Barat";53;"Nusa Tenggara Timur";5302;"Kab. Timor Tengah Selatan";530207;"Amanuban Barat";-9.86496;124.34801;;nullepuskesmas@gmail.com;;Operasional;Aktif
115;Puskesmas;53020200026;1000111718;NUNKOLO;"Puskesmas Non Perawatan";"Ds. Nunkolo, Kec. Nunkolo";53;"Nusa Tenggara Timur";5302;"Kab. Timor Tengah Selatan";530217;Nunkolo;-9.87807;124.71738;;gustyelia@gmail.com;;Operasional;Aktif
116;Puskesmas;53020200021;1000111689;NUNUKNITI;"Puskesmas Non Perawatan";"Ds. Oeleon, Kec. Fautmolo";53;"Nusa Tenggara Timur";5302;"Kab. Timor Tengah Selatan";530228;Fautmolo;-9.77184;124.57223;;puskesmasnunuhkniti@gmail.com;;Operasional;Aktif
117;Puskesmas;53020200020;1000111653;OEEKAM;"Puskesmas Non Perawatan";"Ds. Oeekam, Kec. Amanabun Timur";53;"Nusa Tenggara Timur";5302;"Kab. Timor Tengah Selatan";530204;"Amanuban Timur";-9.85966;124.27738;;maistefa29@gmail.com;;Operasional;Aktif
118;Puskesmas;53020200019;1000111627;OENINO;"Puskesmas Non Perawatan";"Ds. Kota Baru, Kec. Oenino";53;"Nusa Tenggara Timur";5302;"Kab. Timor Tengah Selatan";530218;Oenino;-9.86704;124.27214;;puskesmasoenino@gmail.com;;Operasional;Aktif
119;Puskesmas;53020200024;1000111433;OINLASI;"Puskesmas Perawatan (Rawat Inap)";"Ds. Oinlasi, Kec. Amanatun Selatan";53;"Nusa Tenggara Timur";5302;"Kab. Timor Tengah Selatan";530208;"Amanatun Selatan";-9.84589;124.58443;;puskesmasoinlasi11@gmail.com;;Operasional;Aktif
120;Puskesmas;53020200012;1000111500;PANITE;"Puskesmas Perawatan (Rawat Inap)";"Ds. Bena, Kec. Amanuban Selatan";53;"Nusa Tenggara Timur";5302;"Kab. Timor Tengah Selatan";530206;"Amanuban Selatan";-10.07774;124.23104;;akreditasipanite@gmail.com;;Operasional;Aktif
121;Puskesmas;53020200006;1000111469;POLEN;"Puskesmas Perawatan (Rawat Inap)";"Ds. Puna, Kec. Polen";53;"Nusa Tenggara Timur";5302;"Kab. Timor Tengah Selatan";530213;Polen;-9.68553;124.48176;;dianaataupah5@gmail.com;;Operasional;Aktif
122;Puskesmas;53020200008;1000111782;SALBAIT;"Puskesmas Non Perawatan";"Ds. Salbait, Kec. Mollo Barat";53;"Nusa Tenggara Timur";5302;"Kab. Timor Tengah Selatan";530222;"Mollo Barat";-9.85188;124.10127;;uptpkmsalbait2@gmail.com;;Operasional;Aktif
123;Puskesmas;53020200017;1000111677;SEI;"Puskesmas Non Perawatan";"Ds. Sei, Kec. Kolbano";53;"Nusa Tenggara Timur";5302;"Kab. Timor Tengah Selatan";530219;Kolbano;-10.00144;124.52121;;ririnpurba92@gmail.com;;Operasional;Aktif
124;Puskesmas;53020200005;1000111574;SISO;"Puskesmas Non Perawatan";"Ds. Biloto, Kec. Mollo Selatan";53;"Nusa Tenggara Timur";5302;"Kab. Timor Tengah Selatan";530202;"Mollo Selatan";-9.87074;124.2213;;uptpuskesmassiso@gmail.com;;Operasional;Aktif
125;Puskesmas;53020200037;1000670324;TANEOTOB;"Puskesmas Non Perawatan";"Matpunu, Desa Taneotob, Kec.  Nunbena";53;"Nusa Tenggara Timur";5302;"Kab. Timor Tengah Selatan";530232;Nunbena;-9.64428;124.07093;;puskesmastaneotob@gmail.com;;Operasional;Aktif
126;Puskesmas;53020200036;1000111548;TETAF;"Puskesmas Non Perawatan";"Desa Tetaf Kec. Kuatnana";53;"Nusa Tenggara Timur";5302;"Kab. Timor Tengah Selatan";530227;Kuatnana;-9.85219;124.43206;81338668811;puskesmastetaf2015@gmail.com;;Operasional;Aktif
127;Puskesmas;53020200003;1000111562;TOBU;"Puskesmas Non Perawatan";"Ds. Tobu Kec. Tobu";53;"Nusa Tenggara Timur";5302;"Kab. Timor Tengah Selatan";530231;Tobu;-9.64598;124.28503;;;;Operasional;Aktif
128;Puskesmas;53030200003;1000088947;BIJAEPASU;"Puskesmas Non Perawatan";"Ds. Bijaepasu, Kec. Miomafo Tengah";53;"Nusa Tenggara Timur";5303;"Kab. Timor Tengah Utara";530311;"Miomaffo Tengah";-9.5333;124.42873;;pkmbijaepasu01@gmail.com;;Operasional;Aktif
129;Puskesmas;53030200005;1000088909;BITEFA;"Puskesmas Perawatan (Rawat Inap)";"Kel. Bitefa, Kec. Miomaffo Timur";53;"Nusa Tenggara Timur";5303;"Kab. Timor Tengah Utara";530301;"Miomafo Timur";-9.36871;124.45539;;puskesmasbitefa22@gmail.com;;Operasional;Aktif
130;Puskesmas;53030200001;1000088935;EBAN;"Puskesmas Perawatan (Rawat Inap)";"Kel. Eban, Kec. Miomaffo Barat";53;"Nusa Tenggara Timur";5303;"Kab. Timor Tengah Utara";530302;"Miomafo Barat";-9.55084;124.3104;;puskesmaseban@gmail.com;;Operasional;Aktif
131;Puskesmas;53030200014;1000088882;HAEKTO;"Puskesmas Perawatan (Rawat Inap)";"Ds. Haekto, Kec. Noemuti Timur";53;"Nusa Tenggara Timur";5303;"Kab. Timor Tengah Utara";530310;"Noemuti Timur";-9.56015;124.64002;;puskesmashaekto20@gmail.com;;Operasional;Aktif
132;Puskesmas;53030200010;1000088997;INBATE;"Puskesmas Non Perawatan";"Ds. Sunkaen, Kec. Bikomi Nilulat";53;"Nusa Tenggara Timur";5303;"Kab. Timor Tengah Utara";530316;"Bikomi Nilulat";-9.46286;124.36648;;puskesmasinbate123@gmail.com;;Operasional;Aktif
133;Puskesmas;53030200023;1000088961;KAUBELE;"Puskesmas Non Perawatan";"Kel. Oepuah, Kec. Biboki Moenleu";53;"Nusa Tenggara Timur";5303;"Kab. Timor Tengah Utara";530323;"Biboki Moenleu";-9.20283;124.59482;;puskesmaskaubele123@gmail.com;;Operasional;Aktif
134;Puskesmas;53030200024;1000088818;LURASIK;"Puskesmas Perawatan (Rawat Inap)";"Kel. Boronubaen, Kec. Biboki Utara";53;"Nusa Tenggara Timur";5303;"Kab. Timor Tengah Utara";530306;"Biboki Utara";-9.28827;124.83729;;betadinlurasik@gmail.com;;Operasional;Aktif
135;Puskesmas;53030200018;1000089020;MAMSENA;"Puskesmas Non Perawatan";"Desa Atmen, Kec.  Insana Barat";53;"Nusa Tenggara Timur";5303;"Kab. Timor Tengah Utara";530320;"Insana Barat";-9.4877;124.59968;;puskesmasmamsena9@gmail.com;;Operasional;Aktif
136;Puskesmas;53030200012;1000088973;MANAMAS;"Puskesmas Non Perawatan";"Desa Manamas, Kec.  Naibenu";53;"Nusa Tenggara Timur";5303;"Kab. Timor Tengah Utara";530318;Naibenu;-9.25974;124.50167;;puskesmasmanamas01@gmail.com;;Operasional;Aktif
137;Puskesmas;53030200021;1000088832;MANUFUI;"Puskesmas Perawatan (Rawat Inap)";"Desa Upfaon, Kec.  Biboki Selatan";53;"Nusa Tenggara Timur";5303;"Kab. Timor Tengah Utara";530303;"Biboki Selatan";-9.373;124.69644;;puskesmasmanufui21@gmail.com;;Operasional;Aktif
138;Puskesmas;53030200026;1000088844;MANUMEAN;"Puskesmas Non Perawatan";"Desa Naku, Kec.  Biboki Feotleu";53;"Nusa Tenggara Timur";5303;"Kab. Timor Tengah Utara";530324;"Biboki Feotleu";-9.22071;124.80576;;puskmanumean@gmail.com;;Operasional;Aktif
139;Puskesmas;53030200019;1000089044;MAUBESI;"Puskesmas Non Perawatan";"Kel. Maubesi, Kec. Insana Tengah";53;"Nusa Tenggara Timur";5303;"Kab. Timor Tengah Utara";530321;"Insana Tengah";-9.42418;124.57881;;puskesmasmaubesi.040223@gmail.com;;Operasional;Aktif
140;Puskesmas;53030200011;1000088894;NAPAN;"Puskesmas Perawatan (Rawat Inap)";"Desa Napan, Kec.  Bikomi Utara";53;"Nusa Tenggara Timur";5303;"Kab. Timor Tengah Utara";530317;"Bikomi Utara";-9.36666;124.38745;;puskesmasnapan03@gmail.com;;Operasional;Aktif
141;Puskesmas;53030200009;1000088868;NIMASI;"Puskesmas Perawatan (Rawat Inap)";"Desa Oenenu, Kec.  Bikomi Tengah";53;"Nusa Tenggara Timur";5303;"Kab. Timor Tengah Utara";530315;"Bikomi Tengah";-9.43157;124.44015;;nimasipusk@gmail.com;;Operasional;Aktif
142;Puskesmas;53030200008;1000089018;NOEMUTI;"Puskesmas Non Perawatan";"Desa Fatumuti, Kec.  Noemuti";53;"Nusa Tenggara Timur";5303;"Kab. Timor Tengah Utara";530304;Noemuti;-9.56754;124.48332;;puskesnoe@gmail.com;;Operasional;Aktif
143;Puskesmas;53030200006;1000088870;NUNPENE;"Puskesmas Perawatan (Rawat Inap)";"Desa Oesena, Kec.  Miomaffo Timur";53;"Nusa Tenggara Timur";5303;"Kab. Timor Tengah Utara";530301;"Miomafo Timur";-9.41674;124.46798;;puskesmasnunpene2022@gmail.com;;Operasional;Aktif
144;Puskesmas;53030200016;1000088856;OELOLOK;"Puskesmas Perawatan (Rawat Inap)";"Desa Ainiut, Kec.  Insana";53;"Nusa Tenggara Timur";5303;"Kab. Timor Tengah Utara";530308;Insana;-9.46972;124.69909;;fellybilasi@gmail.com;;Operasional;Aktif
145;Puskesmas;53030200013;1000089006;OEMEU;"Puskesmas Non Perawatan";"Desa Popnam, Kec.  Noemuti Timur";53;"Nusa Tenggara Timur";5303;"Kab. Timor Tengah Utara";530304;Noemuti;-9.62074;124.55161;;puskesmasoemeu@gmail.com;;Operasional;Aktif
146;Puskesmas;53030200022;1000088959;OENOPU;"Puskesmas Non Perawatan";"Desa T'eba, Kec.  Biboki Tan Pah";53;"Nusa Tenggara Timur";5303;"Kab. Timor Tengah Utara";530322;"Biboki Tan Pah";-9.38297;124.7786;;puskesmasoenopu6@gmail.com;;Operasional;Aktif
147;Puskesmas;53030200002;1000088820;OEOLO;"Puskesmas Perawatan (Rawat Inap)";"Ds. Oeolo, Kec. Musi";53;"Nusa Tenggara Timur";5303;"Kab. Timor Tengah Utara";530312;Musi;-9.47517;124.39301;;puskesmasoeolo25@gmail.com;;Operasional;Aktif
148;Puskesmas;53030200025;1000088923;PONU;"Puskesmas Perawatan (Rawat Inap)";"Desa Ponu, Kec.  Biboki Anleu";53;"Nusa Tenggara Timur";5303;"Kab. Timor Tengah Utara";530307;"Biboki Anleu";-9.14109;124.68397;;ponupuskesmas1@gmail.com;;Operasional;Aktif
149;Puskesmas;53030200015;1000088985;SASI;"Puskesmas Non Perawatan";"Kelurahan Sasi, Kec.  Kota Kefamenanu";53;"Nusa Tenggara Timur";5303;"Kab. Timor Tengah Utara";530305;"Kota Kefamenanu";-9.49928;124.49068;;puskesmassasi07@gmail.com;;Operasional;Aktif
150;Puskesmas;53030200020;1000089032;TAMIS;"Puskesmas Non Perawatan";"Desa Fafinesu, Kec.  Insana Fafinesu";53;"Nusa Tenggara Timur";5303;"Kab. Timor Tengah Utara";530319;"Insana Fafinesu";-9.35058;124.56509;;puskesmastamis63@gmail.com;;Operasional;Aktif
151;Puskesmas;53030200004;1000088806;TASINIFU;"Puskesmas Perawatan (Rawat Inap)";"Desa Tasinifu, Kec.  Mutis";53;"Nusa Tenggara Timur";5303;"Kab. Timor Tengah Utara";530312;Musi;-9.42579;124.25207;;Puskesmastasinifu22@gmail.com;;Operasional;Aktif
152;Puskesmas;53030200007;1000089056;TUBLOPO;"Puskesmas Non Perawatan";"Desa Tublopo, Kec.  Bikomi Selatan";53;"Nusa Tenggara Timur";5303;"Kab. Timor Tengah Utara";530314;"Bikomi Selatan";-9.52928;124.57192;;tublopopuskesmas@gmail.com;;Operasional;Aktif
153;Puskesmas;53030200017;1000088911;WINI;"Puskesmas Perawatan (Rawat Inap)";"Desa Humusu C, Kec.  Insana Utara";53;"Nusa Tenggara Timur";5303;"Kab. Timor Tengah Utara";530309;"Insana Utara";-9.18308;124.49062;;winipuskesmas8@gmail.com;;Operasional;Aktif
154;Puskesmas;53040200006;1000067981;AINIBA;"Puskesmas Non Perawatan";"Kec. Kakuluk Mesak";53;"Nusa Tenggara Timur";5304;"Kab. Belu";530405;"Kakuluk Mesak";-9.05288;124.81161;;puskesmasainiba@gmail.com;;Operasional;Aktif
155;Puskesmas;53040200010;1000067993;"ATAMBUA SELATAN";"Puskesmas Non Perawatan";"Kec. Atambua Selatan";53;"Nusa Tenggara Timur";5304;"Kab. Belu";530422;"Atambua Selatan";-9.12112;124.86387;;pkmatsel22@gmail.com;;Operasional;Aktif
156;Puskesmas;53040200004;1000067979;ATAPUPU;"Puskesmas Non Perawatan";"Kec. Kakuluk Mesak";53;"Nusa Tenggara Timur";5304;"Kab. Belu";530405;"Kakuluk Mesak";-9.04911;124.86091;;atapupupuskesmas@gmail.com;;Operasional;Aktif
157;Puskesmas;53040200014;1000067876;AULULIK;"Puskesmas Non Perawatan";"Kec. Lasiolat";53;"Nusa Tenggara Timur";5304;"Kab. Belu";530417;Lasiolat;-9.07191;125.01201;;puskesmasaululik01@gmail.com;;Operasional;Aktif
158;Puskesmas;53040200016;1000067943;DILUMIL;"Puskesmas Non Perawatan";"Kec. Lamaknen";53;"Nusa Tenggara Timur";5304;"Kab. Belu";530401;Lamaknen;-9.07768;125.03863;;dilumilpuskesmas22@gmail.com;;Operasional;Aktif
159;Puskesmas;53040200013;1000067840;HAEKESAK;"Puskesmas Perawatan (Rawat Inap)";"Kec. Raihat";53;"Nusa Tenggara Timur";5304;"Kab. Belu";530403;Raihat;-9.05562;125.12008;;puskesmashaekesak9@gmail.com;;Operasional;Aktif
160;Puskesmas;53040200003;1000067890;HALIULIK;"Puskesmas Non Perawatan";"Kec. Tasifeto Barat";53;"Nusa Tenggara Timur";5304;"Kab. Belu";530404;"Tasifeto Barat";-9.20879;124.95917;;puskhllkbelu@gmail.com;;Operasional;Aktif
161;Puskesmas;53040200005;1000067905;HALIWEN;"Puskesmas Non Perawatan";"Kec. Kakuluk Mesak";53;"Nusa Tenggara Timur";5304;"Kab. Belu";530405;"Kakuluk Mesak";-9.04971;124.89657;;;;Operasional;Aktif
162;Puskesmas;53040200008;1000067864;"KOTA ATAMBUA";"Puskesmas Non Perawatan";"Jl. Adi Sucipto No. 38 B, Kel. Tenukiik";53;"Nusa Tenggara Timur";5304;"Kab. Belu";530412;"Kota Atambua";-9.09866;124.89498;;puskesmaskotaatambua@gmail.com;;Operasional;Aktif
163;Puskesmas;53040200007;1000067967;LAKTULUS;"Puskesmas Non Perawatan";"Kec. Nanaet Duabesi";53;"Nusa Tenggara Timur";5304;"Kab. Belu";530423;"Nanaet Duabesi";-9.3063;124.95186;;uptdpusk.laktutus@gmail.com;;Operasional;Aktif
164;Puskesmas;53040200017;1000068002;NUALAIN;"Puskesmas Non Perawatan";"Ds. Kec. Lamaknen Selatan";53;"Nusa Tenggara Timur";5304;"Kab. Belu";530418;"Lamaknen Selatan";-9.12618;125.14032;;nualainpuskesmas@gmail.com;;Operasional;Aktif
165;Puskesmas;53040200002;1000067888;RAFAE;"Puskesmas Non Perawatan";"Kec. Raimanuk";53;"Nusa Tenggara Timur";5304;"Kab. Belu";530413;Raimanuk;-9.332;124.86664;;puskesmasrafae8@gmail.com;;Operasional;Aktif
166;Puskesmas;53040200012;1000067917;SILAWAN;"Puskesmas Non Perawatan";"Ds. Silawan, Kec. Tasifeto Timur";53;"Nusa Tenggara Timur";5304;"Kab. Belu";530402;TasifetoTimur;-8.98676;124.92836;;puskesmassilawan8@gmail.com;;Operasional;Aktif
167;Puskesmas;53040200009;1000067955;UMANEN;"Puskesmas Non Perawatan";"Jl. Meo Out Hale No 03, Surama, Kel. Umanen, Kec. Atambua Barat";53;"Nusa Tenggara Timur";5304;"Kab. Belu";530421;"Atambua Barat";-9.09261;124.87038;;puskesmasumn@gmail.com;;Operasional;Aktif
168;Puskesmas;53040200001;1000067929;WEBORA;"Puskesmas Non Perawatan";"Kec. Raimanuk";53;"Nusa Tenggara Timur";5304;"Kab. Belu";530413;Raimanuk;-9.33301;124.87135;;webora.uptd@gmail.com;;Operasional;Aktif
169;Puskesmas;53040200011;1000067931;WEDOMU;"Puskesmas Non Perawatan";"Kec. Tasifeto Timur";53;"Nusa Tenggara Timur";5304;"Kab. Belu";530402;TasifetoTimur;-9.19255;124.87183;;uptdpuskesmaswdm@gmail.com;;Operasional;Aktif
170;Puskesmas;53040200015;1000067852;WELULI;"Puskesmas Perawatan (Rawat Inap)";"Kec. Lamaknen";53;"Nusa Tenggara Timur";5304;"Kab. Belu";530401;Lamaknen;-9.01712;125.16161;;uptdpuskesmasweluli@gmail.com;;Operasional;Aktif
171;Puskesmas;53050200019;1000150271;"ALOR KECIL";"Puskesmas Perawatan (Rawat Inap)";"Ds. Alor Kecil, Kec. Alor Barat Laut";53;"Nusa Tenggara Timur";5305;"Kab. Alor";530502;"Alor Barat Laut";-8.269;124.40626;;puskesmasacil@gmail.com;;Operasional;Aktif
172;Puskesmas;53050200010;1000150219;APUI;"Puskesmas Perawatan (Rawat Inap)";"Ds. Kelaisi Timur, Kec. Alor Selatan";53;"Nusa Tenggara Timur";5305;"Kab. Alor";530504;"Alor Selatan";-8.2732;124.73935;;puskesmasapui092@gmail.com;;Operasional;Aktif
173;Puskesmas;53050200004;1000150441;BAKALANG;"Puskesmas Non Perawatan";"Ds. Bakalang, Kec. Pantar Timur";53;"Nusa Tenggara Timur";5305;"Kab. Alor";530514;"Pantar Timur";-8.36327;124.17396;;puskbakalang@gmail.com;;Operasional;Aktif
174;Puskesmas;53050200002;1000150207;BARANUSA;"Puskesmas Perawatan (Rawat Inap)";"Ds. Baraler, Kec. Pantar Barat";53;"Nusa Tenggara Timur";5305;"Kab. Alor";530509;"Pantar Barat";-8.36387;124.08702;;pusk.baranusa@gmail.com;;Operasional;Aktif
175;Puskesmas;53050200014;1000150336;BUKAPITING;"Puskesmas Perawatan (Rawat Inap)";"Ds. Nailang, Kec. Alor Timur Laut";53;"Nusa Tenggara Timur";5305;"Kab. Alor";530508;"Alor Timur Laut";-8.1877;124.77966;;puskesmasbukapiting2022@gmail.com;;Operasional;Aktif
176;Puskesmas;53050200007;1000150312;BURAGA;"Puskesmas Perawatan (Rawat Inap)";"Ds. Tribur, Kec. Alor Barat Daya";53;"Nusa Tenggara Timur";5305;"Kab. Alor";530503;"Alor Barat Daya";-8.38937;124.46501;;pkmburaga23@gmail.com;;Operasional;Aktif
177;Puskesmas;53050200001;1000150295;KABIR;"Puskesmas Perawatan (Rawat Inap)";"Kel. Kabir, Kec. Pantar";53;"Nusa Tenggara Timur";5305;"Kab. Alor";530506;Pantar;-8.24997;124.22086;;puskesmaskabir22@gmail.com;;Operasional;Aktif
178;Puskesmas;53050200009;1000150439;KALUNAN;"Puskesmas Non Perawatan";"Ds. Mataru Selatan, Kec. Mataru";53;"Nusa Tenggara Timur";5305;"Kab. Alor";530512;Mataru;-8.36899;124.69109;;kalunanpusk@gmail.com;;Operasional;Aktif
179;Puskesmas;53050200005;1000150453;KAYANG;"Puskesmas Non Perawatan";"Ds. Kayang, Kec. Pantar Baru Laut";53;"Nusa Tenggara Timur";5305;"Kab. Alor";530517;"Pantar Baru Laut";-8.36275;123.97736;;indrawatiindra09@gmail.com;;Operasional;Aktif
180;Puskesmas;53050200016;1000150348;KENARILANG;"Puskesmas Non Perawatan";"Kel. Klabahi Barat, Kec. Teluk Mutiara";53;"Nusa Tenggara Timur";5305;"Kab. Alor";530501;"Teluk Mutiara";-8.21671;124.48441;;uptdpuskesmaskenarilang@gmail.com;;Operasional;Aktif
181;Puskesmas;53050200018;1000150221;KOKAR;"Puskesmas Perawatan (Rawat Inap)";"Kel. Adang, Kec. Alor Barat Laut";53;"Nusa Tenggara Timur";5305;"Kab. Alor";530502;"Alor Barat Laut";-8.17854;124.46343;;pkmkokar2023@gmail.com;;Operasional;Aktif
182;Puskesmas;53050200013;1000150427;LANTOKA;"Puskesmas Non Perawatan";"Ds. Tanglapui, Kec. Alor Timur";53;"Nusa Tenggara Timur";5305;"Kab. Alor";530505;"Alor Timur";-8.28617;124.94742;;puskesmaslantoka@yahoo.com;;Operasional;Aktif
183;Puskesmas;53050200017;1000150300;LAWAHING;"Puskesmas Perawatan (Rawat Inap)";"Ds. Lawahing, Kec. Kabola";53;"Nusa Tenggara Timur";5305;"Kab. Alor";530510;Kabola;-8.16408;124.54012;;;;Operasional;Aktif
184;Puskesmas;53050200024;1000150403;LEMBUR;"Puskesmas Non Perawatan";"Ds. Tuleng Kec. Lembur";53;"Nusa Tenggara Timur";5305;"Kab. Alor";530515;Lembur;-8.20345;124.67927;;puskesmaslembur.alor@gmail.com;;Operasional;Aktif
185;Puskesmas;53050200023;1000150398;LIMARAHING;"Puskesmas Non Perawatan";"Kel. Pura, Kec. Pulau Pura";53;"Nusa Tenggara Timur";5305;"Kab. Alor";530511;"Pulau Pura";-8.28286;124.34747;;"limarahing 13@gmail.com";;Operasional;Aktif
186;Puskesmas;53050200015;1000150283;MADEMANG;"Puskesmas Perawatan (Rawat Inap)";"Ds. Langkuru, Kec. Pureman";53;"Nusa Tenggara Timur";5305;"Kab. Alor";530513;Pureman;-8.3597;124.84815;;puskesmasmademang2019@gmail.com;;Operasional;Aktif
187;Puskesmas;53050200022;1000150415;MAINANG;"Puskesmas Non Perawatan";"Ds. Welai Selatan, Kec. Alor Tengah Utara";53;"Nusa Tenggara Timur";5305;"Kab. Alor";530507;"Alor Tengah Utara";-8.26982;124.59975;;pkmmainang@gmail.com;;Operasional;Aktif
188;Puskesmas;53050200027;1000670312;MALI;"Puskesmas Non Perawatan";"Jl. Soekarno - Hatta, Kelurahan Kabola, Kec.  Kabola";53;"Nusa Tenggara Timur";5305;"Kab. Alor";530510;Kabola;-8.14444;124.59049;;;;Operasional;Aktif
189;Puskesmas;53050200006;1000150233;MALIANG;"Puskesmas Perawatan (Rawat Inap)";"Ds. Muriabang, Kec. Pantar Tengah";53;"Nusa Tenggara Timur";5305;"Kab. Alor";530516;"Pantar Tengah";-8.3968;124.12873;;evetblegur17@gmail.com;;Operasional;Aktif
190;Puskesmas;53050200012;1000150324;MARITAING;"Puskesmas Perawatan (Rawat Inap)";"Ds. Maritaing, Kec. Alor Timur";53;"Nusa Tenggara Timur";5305;"Kab. Alor";530505;"Alor Timur";-8.29983;125.10536;;pkmmaritaing1223@gmail.com;;Operasional;Aktif
191;Puskesmas;53050200021;1000150245;MEBUNG;"Puskesmas Perawatan (Rawat Inap)";"Ds. Alim Mebung, Kec. Alor Tengah Utara";53;"Nusa Tenggara Timur";5305;"Kab. Alor";530507;"Alor Tengah Utara";-8.2007;124.59358;;puskesmasmebung@gmail.com;;Operasional;Aktif
192;Puskesmas;53050200008;1000150257;MORU;"Puskesmas Perawatan (Rawat Inap)";"Kel. Moru, Kec. Alor Barat Daya";53;"Nusa Tenggara Timur";5305;"Kab. Alor";530503;"Alor Barat Daya";-8.25645;124.51197;;puskesmasmoru1023@gmail.com;;Operasional;Aktif
193;Puskesmas;53050200011;1000150269;"PADANG ALANG";"Puskesmas Perawatan (Rawat Inap)";"Ds. Padang Alang, Kec. Alor Selatan";53;"Nusa Tenggara Timur";5305;"Kab. Alor";530504;"Alor Selatan";-8.38754;124.71342;;padangalang76@gmail.com;;Operasional;Aktif
194;Puskesmas;53050200025;1000150362;PROBUR;"Puskesmas Non Perawatan";"Ds. Probur Kec. Alor Barat Daya";53;"Nusa Tenggara Timur";5305;"Kab. Alor";530503;"Alor Barat Daya";-8.37481;124.41519;;pkmprobur@gmail.com;;Operasional;Aktif
195;Puskesmas;53050200003;1000150386;TAMALABANG;"Puskesmas Non Perawatan";"Ds. Kaleb, Kec. Pantar Timur";53;"Nusa Tenggara Timur";5305;"Kab. Alor";530514;"Pantar Timur";-8.3471;124.24738;;uptpuskesmastamalabang@gmail.com;;Operasional;Aktif
196;Puskesmas;53050200026;1000150350;"TAMAN MATARU";"Puskesmas Non Perawatan";"Ds. Taman Mataru Kec. Mataru";53;"Nusa Tenggara Timur";5305;"Kab. Alor";530512;Mataru;-8.33669;124.65459;;ptamanmataru@gmail.com;;Operasional;Aktif
197;Puskesmas;53050200020;1000150374;TERNATE;"Puskesmas Non Perawatan";"Ds. Ternate Kec. Alor Barat Laut";53;"Nusa Tenggara Timur";5305;"Kab. Alor";530502;"Alor Barat Laut";-8.20927;124.3665;;marohalena@gmail.com;;Operasional;Aktif
198;Puskesmas;53060200014;1000127286;BANIONA;"Puskesmas Non Perawatan";"Ds. Klukeng, Kec. Wotan Ulumando";53;"Nusa Tenggara Timur";5306;"Kab. Flores Timur";530609;"Wotan Ulumando";-8.38266;123.08341;;pkmbaniona@gmail.com;;Operasional;Aktif
199;Puskesmas;53060200001;1000127157;BORU;"Puskesmas Perawatan (Rawat Inap)";"Ds. Boru, Kec. Wulanggitang";53;"Nusa Tenggara Timur";5306;"Kab. Flores Timur";530601;Wulanggitang;-8.5179;122.69423;;mariamasniandrea@gmail.com;;Operasional;Aktif
200;Puskesmas;53060200009;1000127200;"DEMON PAGONG";"Puskesmas Non Perawatan";"Ds. Watotika Ile, Kec. Demon Pagong";53;"Nusa Tenggara Timur";5306;"Kab. Flores Timur";530614;"Demon Pagong";-8.41911;122.8596;;halimakt78@gmail.com;;Operasional;Aktif
201;Puskesmas;53060200017;1000127262;"ILE BOLENG";"Puskesmas Non Perawatan";"Ds. Lamawolo, Kec. Ile Boleng";53;"Nusa Tenggara Timur";5306;"Kab. Flores Timur";530613;"Ile Boleng";-8.38053;123.25131;;puskesmasileboleng@gmail.com;;Operasional;Aktif
202;Puskesmas;53060200004;1000127224;"ILE BURA";"Puskesmas Non Perawatan";"Ds. Birawan, Kec. Ile Bura";53;"Nusa Tenggara Timur";5306;"Kab. Flores Timur";530616;"Ile Bura";-8.57795;122.82372;;puskesmasileburadfo@gmail.com;;Operasional;Aktif
203;Puskesmas;53060200011;1000127327;KALIKE;"Puskesmas Non Perawatan";"Ds. Kalike, Kec. Solor Selatan";53;"Nusa Tenggara Timur";5306;"Kab. Flores Timur";530619;"Solor Selatan";-8.47539;123.00541;;fernandesrita798@gmail.com;;Operasional;Aktif
204;Puskesmas;53060200019;1000127195;LAMBUNGA;"Puskesmas Perawatan (Rawat Inap)";"Ds. Lambunga, Kec. Kelubagolit";53;"Nusa Tenggara Timur";5306;"Kab. Flores Timur";530611;Kelubagolit;-8.27722;123.21896;;pusklamabunga23@gmail.com;;Operasional;Aktif
205;Puskesmas;53060200003;1000127250;LATO;"Puskesmas Non Perawatan";"Ds. Watowara, Kec. Titehena";53;"Nusa Tenggara Timur";5306;"Kab. Flores Timur";530602;Titehena;-8.35651;122.75272;;parinbala97@gmail.com;;Operasional;Aktif
206;Puskesmas;53060200002;1000127236;LEWOLAGA;"Puskesmas Non Perawatan";"Ds. Lewolaga, Kec. Titehena";53;"Nusa Tenggara Timur";5306;"Kab. Flores Timur";530602;Titehena;-8.42073;122.79181;;puskesmaslewo@gmail.com;;Operasional;Aktif
207;Puskesmas;53060200006;1000127303;LEWOLEMA;"Puskesmas Non Perawatan";"Ds. Riangkotek, Kec. Lewolema";53;"Nusa Tenggara Timur";5306;"Kab. Flores Timur";530615;Lewolema;-8.29023;122.89546;;pusklewo5@gmail.com;;Operasional;Aktif
208;Puskesmas;53060200015;1000127315;LITE;"Puskesmas Non Perawatan";"Ds. Lite, Kec. Adonara Tengah";53;"Nusa Tenggara Timur";5306;"Kab. Flores Timur";530618;"Adonara Tengah";-8.33441;123.14859;;puskesmaslite01@gmail.com;;Operasional;Aktif
209;Puskesmas;53060200012;1000127183;MENGANGA;"Puskesmas Perawatan (Rawat Inap)";"Ds. Menanga, Kec. Solor Timur";53;"Nusa Tenggara Timur";5306;"Kab. Flores Timur";530607;"Solor Timur";-8.44299;123.09401;;yeremiasmukin11@gmail.com;;Operasional;Aktif
210;Puskesmas;53060200021;1000127298;NAGI;"Puskesmas Non Perawatan";"Kel. Puken Tobi Wangibao, Kec. Larantuka";53;"Nusa Tenggara Timur";5306;"Kab. Flores Timur";530603;Larantuka;-8.31398;122.99548;;puskesmasnagilarantuka@gmail.com;;Operasional;Aktif
211;Puskesmas;53060200007;1000127171;OKA;"Puskesmas Perawatan (Rawat Inap)";"Ds. Lewoloba, Kec. Ile Mandiri";53;"Nusa Tenggara Timur";5306;"Kab. Flores Timur";530604;"Ile Mandiri";-8.31953;122.93893;;lisiniamaria01@gmail.com;;Operasional;Aktif
212;Puskesmas;53060200010;1000127133;RITAEBANG;"Puskesmas Perawatan (Rawat Inap)";"Kel. Ritaebang, Kec. Solor Barat";53;"Nusa Tenggara Timur";5306;"Kab. Flores Timur";530606;"Solor Barat";-8.53032;122.90184;;pkmritaebang23@gmail.com;;Operasional;Aktif
213;Puskesmas;53060200020;1000127274;SAGU;"Puskesmas Non Perawatan";"Ds. Sagu, Kec. Adonara";53;"Nusa Tenggara Timur";5306;"Kab. Flores Timur";530617;Adonara;-8.24427;123.21742;;puskesmassagu@gmail.com;;Operasional;Aktif
214;Puskesmas;53060200005;1000127121;WAIKLIBANG;"Puskesmas Perawatan (Rawat Inap)";"Ds. Ratulodong, Kec. Tanjung Bunga";53;"Nusa Tenggara Timur";5306;"Kab. Flores Timur";530605;"Tanjung Bunga";-8.13535;122.90125;;puskesmaswaiklibang@gmail.com;;Operasional;Aktif
215;Puskesmas;53060200008;1000127248;WAIMANA;"Puskesmas Non Perawatan";"Ds. Watotutu, Kec. Ile Mandiri";53;"Nusa Tenggara Timur";5306;"Kab. Flores Timur";530604;"Ile Mandiri";-8.26986;122.97006;;waimanapuskesmas273@gmail.com;;Operasional;Aktif
216;Puskesmas;53060200013;1000127169;WAIWADAN;"Puskesmas Perawatan (Rawat Inap)";"Ds. Waiwadan, Kec. Adonara Barat";53;"Nusa Tenggara Timur";5306;"Kab. Flores Timur";530608;"Adonara Barat";-8.28725;123.09296;;puskesmaswaiwadan123@gmail.com;;Operasional;Aktif
217;Puskesmas;53060200016;1000127145;WAIWERANG;"Puskesmas Perawatan (Rawat Inap)";"Kel. Waiwerang, Kec. Adonara Timur";53;"Nusa Tenggara Timur";5306;"Kab. Flores Timur";530610;"Adonara Timur";-8.384;123.1601;;puskesmaswaiwerang2020@gail.com;;Operasional;Aktif
218;Puskesmas;53060200018;1000127212;WITIHAMA;"Puskesmas Non Perawatan";"Ds. Sandosi, Kec. Witihama";53;"Nusa Tenggara Timur";5306;"Kab. Flores Timur";530612;Witihama;-8.26686;123.28083;;puskesmaswitihama@gmail.com;;Operasional;Aktif
219;Puskesmas;53070200023;1000105458;BERU;"Puskesmas Perawatan (Rawat Inap)";"Kel. Beru, Kec. Alok Timur";53;"Nusa Tenggara Timur";5307;"Kab. Sikka";530715;"Alok Timur";-8.63288;122.22246;;puskesmasberu@gmail.com;;Operasional;Aktif
220;Puskesmas;53070200009;1000105446;BOGANATAR;"Puskesmas Non Perawatan";"Ds. Kringa, Kec. Talibura";53;"Nusa Tenggara Timur";5307;"Kab. Sikka";530708;Talibura;-8.489;122.62334;;boganatarpkm@gmail.com;;Operasional;Aktif
221;Puskesmas;53070200005;1000105496;BOLA;"Puskesmas Perawatan (Rawat Inap)";"Ds. Bola, Kec. Bola";53;"Nusa Tenggara Timur";5307;"Kab. Sikka";530711;Bola;-8.7333;122.29238;;pkmbolasehati@gmail.com;;Operasional;Aktif
222;Puskesmas;53070200024;1000105460;FEONDARI;"Puskesmas Perawatan (Rawat Inap)";"Ds. Wolodhesa Kec. Mego";53;"Nusa Tenggara Timur";5307;"Kab. Sikka";530702;Mego;-8.66238;122.01808;;pfeondari@gmail.com;;Operasional;Aktif
223;Puskesmas;53070200006;1000105587;HABIBOLA;"Puskesmas Non Perawatan";"Ds. Waihawa, Kec. Doreng";53;"Nusa Tenggara Timur";5307;"Kab. Sikka";530720;Doreng;-8.73571;122.38519;;puskesmashabibola939@gmail.com;;Operasional;Aktif
224;Puskesmas;53070200012;1000105630;HEWOKLOANG;"Puskesmas Non Perawatan";"Ds. Hewokloang, Kec. Hewokloang";53;"Nusa Tenggara Timur";5307;"Kab. Sikka";530718;Hewokloang;-8.70004;122.30504;;pkmhewokloang@gmail.com;;Operasional;Aktif
225;Puskesmas;53070200025;1000105642;KEWAPANTE;"Puskesmas Non Perawatan";"Ds. Wairkoja Kec. Kewapante";53;"Nusa Tenggara Timur";5307;"Kab. Sikka";530710;Kewapante;-8.65292;122.28576;;Kewapantepuskesmas46@gmail.com;;Operasional;Aktif
226;Puskesmas;53070200020;1000105599;KOPETA;"Puskesmas Non Perawatan";"Kel. Madawat, Kec. Alok";53;"Nusa Tenggara Timur";5307;"Kab. Sikka";530705;Alok;-8.6329;122.20052;;uptpuskesmaskopeta@gmail.com;;Operasional;Aktif
227;Puskesmas;53070200017;1000105654;KOTING;"Puskesmas Non Perawatan";"Ds. Koting B, Kec. Koting";53;"Nusa Tenggara Timur";5307;"Kab. Sikka";530716;Koting;-8.6874;122.1867;;puskesmaskoting98@gmail.com;;Operasional;Aktif
228;Puskesmas;53070200002;1000105616;LEKEBAI;"Puskesmas Non Perawatan";"Ds. Bhera, Kec. Mego";53;"Nusa Tenggara Timur";5307;"Kab. Sikka";530702;Mego;-8.70829;122.06973;;pkmlekebai2023@gmail.com;;Operasional;Aktif
229;Puskesmas;53070200019;1000105537;MAGEPANDA;"Puskesmas Perawatan (Rawat Inap)";"Ds.Magepanda, Kec. Magepanda";53;"Nusa Tenggara Timur";5307;"Kab. Sikka";530712;Magepanda;-8.56749;122.06227;;uptpuskesmasmagepanda@gmail.com;;Operasional;Aktif
230;Puskesmas;53070200007;1000105525;MAPITARA;"Puskesmas Non Perawatan";"Ds. Hebing, Kec. Mapitara";53;"Nusa Tenggara Timur";5307;"Kab. Sikka";530721;Mapitara;-8.7054;122.47144;;uptpuskesmasmapitara@gmail.com;;Operasional;Aktif
231;Puskesmas;53070200004;1000105628;NANGA;"Puskesmas Non Perawatan";"Ds. Lela, Kec. Lela";53;"Nusa Tenggara Timur";5307;"Kab. Sikka";530703;Lela;-8.71767;122.1726;;puskesmasnanga501@gmail.com;;Operasional;Aktif
232;Puskesmas;53070200014;1000105678;NELLE;"Puskesmas Non Perawatan";"Ds. Nelle Urung, Kec. Nelle";53;"Nusa Tenggara Timur";5307;"Kab. Sikka";530707;Nelle;-8.6591;122.21355;;nellepkm@gmail.com;;Operasional;Aktif
233;Puskesmas;53070200018;1000105484;NITA;"Puskesmas Perawatan (Rawat Inap)";"Ds. Nita, Kec. Nita";53;"Nusa Tenggara Timur";5307;"Kab. Sikka";530704;Nita;-8.66729;122.17796;;puskesmasnita74@gmail.com;;Operasional;Aktif
234;Puskesmas;53070200001;1000105551;PAGA;"Puskesmas Perawatan (Rawat Inap)";"Ds. Paga, Kec. Paga";53;"Nusa Tenggara Timur";5307;"Kab. Sikka";530701;Paga;-8.74996;122.05119;;puskesmaspaga.maumere@gmail.com;;Operasional;Aktif
235;Puskesmas;53070200015;1000105472;PALUE;"Puskesmas Perawatan (Rawat Inap)";"Ds. Reruwairere, Kec. Palue";53;"Nusa Tenggara Timur";5307;"Kab. Sikka";530706;Palue;-8.31329;121.73582;;uptpuskesmaspalue@gmail.com;;Operasional;Aktif
236;Puskesmas;53070200011;1000105563;TANARAWA;"Puskesmas Perawatan (Rawat Inap)";"Jl. Nangahale - Pruda KM.16 Desa. Tanarawa Kecamatan Waiblama Kabupaten Sikka";53;"Nusa Tenggara Timur";5307;"Kab. Sikka";530713;Waiblama;-8.59149;122.58581;082339331150;pkmtanarawa@gmail.com;;Operasional;Aktif
237;Puskesmas;53070200022;1000105501;"TELUK MAUMERE";"Puskesmas Perawatan (Rawat Inap)";"Ds. Gunung Sari, Kec. Alok Timur";53;"Nusa Tenggara Timur";5307;"Kab. Sikka";530715;"Alok Timur";-8.6314;122.21718;;pkmtelukmaumere@gmail.com;;Operasional;Aktif
238;Puskesmas;53070200016;1000105680;TUANGGEO;"Puskesmas Non Perawatan";"Kec. Palue";53;"Nusa Tenggara Timur";5307;"Kab. Sikka";530706;Palue;-8.31398;121.70667;;tuanggeopuskesmas@gmail.com;;Operasional;Aktif
239;Puskesmas;53070200010;1000105575;WAIGETE;"Puskesmas Perawatan (Rawat Inap)";"Ds. Egon, Kec. Waigete";53;"Nusa Tenggara Timur";5307;"Kab. Sikka";530709;Waigete;-8.64457;122.40337;;waigetepuskesmas@gmail.com;;Operasional;Aktif
240;Puskesmas;53070200013;1000105604;WAIPARE;"Puskesmas Non Perawatan";"Ds. Watumilok, Kec. Kangae";53;"Nusa Tenggara Timur";5307;"Kab. Sikka";530719;Kangae;-8.64526;122.27808;;puskesmaswaipare0@gmail.com;;Operasional;Aktif
241;Puskesmas;53070200008;1000105549;WATUBAING;"Puskesmas Perawatan (Rawat Inap)";"Ds. Talibura, Kec. Talibura";53;"Nusa Tenggara Timur";5307;"Kab. Sikka";530708;Talibura;-8.53478;122.54976;;uptpuskesmaswatubaing123@gmail.com;;Operasional;Aktif
242;Puskesmas;53070200003;1000105513;WOLOFEO;"Puskesmas Perawatan (Rawat Inap)";"Desa Renggarasi, Kec. Tana Wawo";53;"Nusa Tenggara Timur";5307;"Kab. Sikka";530717;"Tana Wawo";-8.82955;121.67805;;pkmw0l0f30@gmail.com;;Operasional;Aktif
243;Puskesmas;53070200021;1000105666;WOLOMARANG;"Puskesmas Non Perawatan";"Kel. Walomarang, Kec. Alok Barat";53;"Nusa Tenggara Timur";5307;"Kab. Sikka";530714;"Alok Barat";-8.6212;122.18671;;wolmarhwl@gmail.com;;Operasional;Aktif
244;Puskesmas;53080200002;1000084147;"A. YANI";"Puskesmas Perawatan (Rawat Inap)";"Ds. Ndoriwoi, Kec. Pulau Ende";53;"Nusa Tenggara Timur";5308;"Kab. Ende";530802;"Pulau Ende";-8.88483;121.51273;;achmadyani11pulend@gmail.com;;Operasional;Aktif
245;Puskesmas;53080200022;1000084226;DETUSOKO;"Puskesmas Perawatan (Rawat Inap)";"Ds. Detusoko, Kec. Detusoko";53;"Nusa Tenggara Timur";5308;"Kab. Ende";530806;Detusoko;-8.7126;121.7555;;puskesmasdetusoko20@gmail.com;;Operasional;Aktif
246;Puskesmas;53080200019;1000084044;"KOTA BARU";"Puskesmas Perawatan (Rawat Inap)";"Ds. Tou, Kec. Kota Baru";53;"Nusa Tenggara Timur";5308;"Kab. Ende";530813;"Kota Baru";-8.5104;121.9911;;kotabarupuskesmas66@gmail.com;;Operasional;Aktif
247;Puskesmas;53080200008;1000084238;"KOTA ENDE";"Puskesmas Non Perawatan";"Kel. Mautapaga, Kec. Ende Tengah";53;"Nusa Tenggara Timur";5308;"Kab. Ende";530819;"Ende Tengah";-8.83045;121.662;;yoris.interisti@gmail.com;;Operasional;Aktif
248;Puskesmas;53080200010;1000084288;"KOTA RATU";"Puskesmas Non Perawatan";"Kel. Kotaraja, Kec. Ende Utara";53;"Nusa Tenggara Timur";5308;"Kab. Ende";530818;"Ende Utara";-8.84111;121.64536;;akrepuskesmaskotaratu@gmail.com;;Operasional;Aktif
249;Puskesmas;53080200025;1000084276;LOBONIKI;"Puskesmas Non Perawatan";"Jl. Trans Maurole Kotabaru";53;"Nusa Tenggara Timur";5308;"Kab. Ende";530813;"Kota Baru";-8.51125;121.92417;"08214533 0381";puskesmasloboniki@gmail.com;;Operasional;Aktif
250;Puskesmas;53080200017;1000084068;MAUBASA;"Puskesmas Perawatan (Rawat Inap)";"Ds. Ndori, Kec. Ndori";53;"Nusa Tenggara Timur";5308;"Kab. Ende";530817;Ndori;-8.8263;121.9328;;pkmmaubasa@gmail.com;;Operasional;Aktif
251;Puskesmas;53080200003;1000084056;MAUKARO;"Puskesmas Perawatan (Rawat Inap)";"Ds. Kebirangga, Kec. Maukaro";53;"Nusa Tenggara Timur";5308;"Kab. Ende";530811;Maukaro;-8.6148;121.525;;puskesmasmaukaro13@gmail.com;;Operasional;Aktif
252;Puskesmas;53080200018;1000084173;MAUROLE;"Puskesmas Perawatan (Rawat Inap)";"Ds. Watukamba, Kec. Maurole";53;"Nusa Tenggara Timur";5308;"Kab. Ende";530810;Maurole;-8.511;121.8023;;londakristina@gmail.com;;Operasional;Aktif
253;Puskesmas;53080200016;1000084185;MONI;"Puskesmas Perawatan (Rawat Inap)";"Ds. Woloara, Kec. Kelimutu";53;"Nusa Tenggara Timur";5308;"Kab. Ende";530814;Kelimutu;-8.7565;121.8556;;puskesmasmoni18@gmail.com;;Operasional;Aktif
254;Puskesmas;53080200026;53080200026;MUKUSAKI;"Puskesmas Perawatan (Rawat Inap)";"Jl. Trans Utara - Maukaro, Desa Mukusaki";53;"Nusa Tenggara Timur";5308;"Kab. Ende";530807;Wewaria;-8.567363499999999;121.6213223;1234567890;mukusakipuskesmas@gmail.com;;Operasional;Aktif
255;Puskesmas;53080200001;1000084135;"NANGA PANDA";"Puskesmas Perawatan (Rawat Inap)";"Kel. Ndorurea, Kec. Nangapanda";53;"Nusa Tenggara Timur";5308;"Kab. Ende";530801;Nangapanda;-8.7928;121.4691;;puskesmasnangapanda@yahoo.com;;Operasional;Aktif
256;Puskesmas;53080200004;1000084159;NDETUNDORA;"Puskesmas Perawatan (Rawat Inap)";"Ds. Ndetundora I, Kec. Ende";53;"Nusa Tenggara Timur";5308;"Kab. Ende";530803;Ende;-8.8031;121.6361;;ndetundorap@gmail.com;;Operasional;Aktif
257;Puskesmas;53080200011;1000084214;NGALUPOLO;"Puskesmas Non Perawatan";"Ds. Ngalupolo, Kec. Ndona";53;"Nusa Tenggara Timur";5308;"Kab. Ende";530805;Ndona;-8.8716;121.7352;;pkmngalupolo23@gmail.com;;Operasional;Aktif
258;Puskesmas;53080200009;1000084252;ONEKORE;"Puskesmas Non Perawatan";"Kel. Onekore, Kec. Ende Tengah";53;"Nusa Tenggara Timur";5308;"Kab. Ende";530819;"Ende Tengah";-8.8366;121.6518;;;;Operasional;Aktif
259;Puskesmas;53080200021;1000084197;PEIBENGA;"Puskesmas Perawatan (Rawat Inap)";"Ds. Ngumbelaka, Kec. Lepembusu Kelisoke";53;"Nusa Tenggara Timur";5308;"Kab. Ende";530821;"Lepembusu Kelisoke";-8.6892;121.8495;;peibengaakreditasi@gmail.com;;Operasional;Aktif
260;Puskesmas;53080200007;1000084264;REWARANGGA;"Puskesmas Non Perawatan";"Kel. Rewarangga, Kec. Ende Timur";53;"Nusa Tenggara Timur";5308;"Kab. Ende";530820;"Ende Timur";-8.823;121.6782;;prewarangga@gmail.com;;Operasional;Aktif
261;Puskesmas;53080200005;1000084202;"RIA RAJA";"Puskesmas Perawatan (Rawat Inap)";"Ds. Rukuramba, Kec. Ende";53;"Nusa Tenggara Timur";5308;"Kab. Ende";530803;Ende;-8.7916;121.597;;pusk.riaraja2023@gmail.com;;Operasional;Aktif
262;Puskesmas;53080200012;1000084070;ROGA;"Puskesmas Perawatan (Rawat Inap)";"Ds. Roga, Kec. Ndona Timur";53;"Nusa Tenggara Timur";5308;"Kab. Ende";530816;"Ndona Timur";-8.8179;121.7679;;pkmroga@gmail.com;;Operasional;Aktif
263;Puskesmas;53080200006;1000084240;"RUKUN LIMA";"Puskesmas Non Perawatan";"Kel. Rukun Lima, Kec. Ende Selatan";53;"Nusa Tenggara Timur";5308;"Kab. Ende";530804;"Ende Selatan";-8.8512;121.6439;;pkmrukunlima@gmail.com;;Operasional;Aktif
264;Puskesmas;53080200023;1000084111;SAGA;"Puskesmas Non Perawatan";"Ds. Saga, Kec. Detusoko";53;"Nusa Tenggara Timur";5308;"Kab. Ende";530806;Detusoko;-8.7694;121.7349;;arkadiusdominggo48@gmail.com;;Operasional;Aktif
265;Puskesmas;53080200015;1000084094;WATUNESO;"Puskesmas Perawatan (Rawat Inap)";"Kec. Watuneso, Kec. Lio Timur";53;"Nusa Tenggara Timur";5308;"Kab. Ende";530812;"Lio Timur";-8.7865;121.9769;;puskesmaswatuneso2@gmail.com;;Operasional;Aktif
266;Puskesmas;53080200020;1000084123;WATUNGGERE;"Puskesmas Perawatan (Rawat Inap)";"Ds. Maurole Selatan, Kec. Detukeli";53;"Nusa Tenggara Timur";5308;"Kab. Ende";530815;Detukeli;-8.6361;121.8183;;pkmwangger@yahoo.com;;Operasional;Aktif
267;Puskesmas;53080200024;1000084161;WELAMOSA;"Puskesmas Perawatan (Rawat Inap)";"Ds. Welamosa, Kec. Wewaria";53;"Nusa Tenggara Timur";5308;"Kab. Ende";530807;Wewaria;-8.6058;121.7176;;puskesmaswelamosa2023@gmail.com;;Operasional;Aktif
268;Puskesmas;53080200013;1000084082;"WOLO WARU";"Puskesmas Perawatan (Rawat Inap)";"Ds. Bokasape, Kec. Wolowaru";53;"Nusa Tenggara Timur";5308;"Kab. Ende";530808;Wolowaru;-8.7784;121.8867;;pkmwolowaru70@gmail.com;;Operasional;Aktif
269;Puskesmas;53080200014;1000084109;WOLOJITA;"Puskesmas Perawatan (Rawat Inap)";"Kel. Wolojita, Kec. Wolojita";53;"Nusa Tenggara Timur";5308;"Kab. Ende";530809;Wolojita;-8.8535;121.8067;;nonahilaria66@gmail.com;;Operasional;Aktif
270;Puskesmas;53090200001;1000062383;AIMERE;"Puskesmas Perawatan (Rawat Inap)";"Ds. Aimere Timur, Kec. Aimere";53;"Nusa Tenggara Timur";5309;"Kab. Ngada";530901;Aimere;-8.84518;120.8583;;warusobayesto2@gmail.com;;Operasional;Aktif
271;Puskesmas;53090200015;1000062498;BOBA;"Puskesmas Non Perawatan";"Ds. Wogowela Kec. Golewa Selatan";53;"Nusa Tenggara Timur";5309;"Kab. Ngada";530918;"Golewa Selatan";-6.23846;106.79416;;puskesmasboba2018@gmail.com;;Operasional;Aktif
272;Puskesmas;53090200016;1000062577;DONA;"Puskesmas Non Perawatan";"Ds. Naruwolo I Kec. Jerebuu";53;"Nusa Tenggara Timur";5309;"Kab. Ngada";530912;Jerebuu;-6.23846;106.79416;;hardianusbegugoze25@gmail.com;;Operasional;Aktif
273;Puskesmas;53090200021;1000670128;"INELIKA RAYA";"Puskesmas Non Perawatan";"Jl. TW Mengeruda, Desa Wololika";53;"Nusa Tenggara Timur";5309;"Kab. Ngada";530915;"Bajawa Utara";-8.73621;120.9975;;pkminlr722@gmail.com;;Operasional;Aktif
274;Puskesmas;53090200002;1000062553;INERIE;"Puskesmas Non Perawatan";"Ds. Kelitey Kec. Inerie";53;"Nusa Tenggara Timur";5309;"Kab. Ngada";530920;Inerie;-8.93755;120.94636;;puskesmasinerie@yahoo.com;;Operasional;Aktif
275;Puskesmas;53090200006;1000062412;KOELODA;"Puskesmas Perawatan (Rawat Inap)";"Ds. Todabelu, Kec. Golewa";53;"Nusa Tenggara Timur";5309;"Kab. Ngada";530902;Golewa;-8.82262;121.08391;;pkmkoeloda@yahoo.co.id;;Operasional;Aktif
276;Puskesmas;53090200004;1000062515;KOTA;"Puskesmas Non Perawatan";"Ds. Jawameze, Kec. Bajawa";53;"Nusa Tenggara Timur";5309;"Kab. Ngada";530906;Bajawa;-8.78447;120.96439;;puskesmaskotabajawa@gmail.com;;Operasional;Aktif
277;Puskesmas;53090200008;1000062541;LADJA;"Puskesmas Non Perawatan";"Ds. Ladja Kec. Golewa Selatan";53;"Nusa Tenggara Timur";5309;"Kab. Ngada";530918;"Golewa Selatan";-8.8603;121.10718;;puskesmasladja@gmail.com;;Operasional;Aktif
278;Puskesmas;53090200017;1000062539;LANGA;"Puskesmas Non Perawatan";"Ds. Bomari Kec. Bajawa";53;"Nusa Tenggara Timur";5309;"Kab. Ngada";530906;Bajawa;-6.23846;106.79416;;puskesmaslanga5@gmail.com;;Operasional;Aktif
279;Puskesmas;53090200020;1000062565;LENGKOSAMBI;"Puskesmas Non Perawatan";"Jl. Raya Riung - Mbay";53;"Nusa Tenggara Timur";5309;"Kab. Ngada";530909;Riung;-8.44663;121.13208;81237589210;puskesmaslengkosambi@gmail.com;;Operasional;Aktif
280;Puskesmas;53090200018;1000062450;LINDI;"Puskesmas Non Perawatan";"Ds. Benteng Tawa Kec. Riung Barat";53;"Nusa Tenggara Timur";5309;"Kab. Ngada";530914;"Riung Barat";-8.61757;120.9109;;puskesmaslindi2018@gmail.com;;Operasional;Aktif
281;Puskesmas;53090200007;1000062436;MANGULEWA;"Puskesmas Non Perawatan";"Ds. Mangulewa, Kec. Golewa Barat";53;"Nusa Tenggara Timur";5309;"Kab. Ngada";530919;"Golewa Barat";-8.7893;120.99715;;puskesmasmangulewa13@gmail.com;;Operasional;Aktif
282;Puskesmas;53090200013;1000062424;MARONGGELA;"Puskesmas Perawatan (Rawat Inap)";"Ds. Wolomeze, Kec. Riung Barat";53;"Nusa Tenggara Timur";5309;"Kab. Ngada";530914;"Riung Barat";-8.52721;120.94603;;pkmmaronggela@gmail.com;;Operasional;Aktif
283;Puskesmas;53090200014;1000062448;"NATA RANDANG";"Puskesmas Non Perawatan";"Kec. Wolomeze";53;"Nusa Tenggara Timur";5309;"Kab. Ngada";530916;Wolomeze;-8.6192;121.06342;;pkmnatarandang19@gmail.com;;Operasional;Aktif
284;Puskesmas;53090200019;1000062486;RADABATA;"Puskesmas Non Perawatan";"Ds. Radabata Kec. Golewa";53;"Nusa Tenggara Timur";5309;"Kab. Ngada";530902;Golewa;-6.23846;106.79416;;pkmrdbt21@gmail.com;;Operasional;Aktif
285;Puskesmas;53090200012;1000062474;RAWANGKALO;"Puskesmas Non Perawatan";"Ds. Rawangkalo Kec. Riung";53;"Nusa Tenggara Timur";5309;"Kab. Ngada";530909;Riung;-8.49056;121.05588;;rawangkalo@gmail.com;;Operasional;Aktif
286;Puskesmas;53090200011;1000062395;RIUNG;"Puskesmas Perawatan (Rawat Inap)";"Ds. Benteng Tengah, Kec. Riung";53;"Nusa Tenggara Timur";5309;"Kab. Ngada";530909;Riung;-8.42726;121.02554;;puskesmasriung@gmail.com;;Operasional;Aktif
287;Puskesmas;53090200022;1000670130;SOA;"Puskesmas Non Perawatan";"Anafolo, Desa Tarawaja Kec Soa";53;"Nusa Tenggara Timur";5309;"Kab. Ngada";530907;Soa;-8.73595;120.95888;;puskesmassoa2022@gmail.com;;Operasional;Aktif
288;Puskesmas;53090200005;1000062503;SURISINA;"Puskesmas Non Perawatan";"Ds. Faobata, Kec. Bajawa";53;"Nusa Tenggara Timur";5309;"Kab. Ngada";530906;Bajawa;-8.78318;120.98881;;puskesmassurisina1983@gmail.com;;Operasional;Aktif
289;Puskesmas;53090200023;1000670116;"ULUWAE RAYA";"Puskesmas Non Perawatan";"Malakiku - Desa Uluwae 2 Kec. Bajawa Utara";53;"Nusa Tenggara Timur";5309;"Kab. Ngada";530915;"Bajawa Utara";-8.68672;120.88943;;surifabianus8@gmail.com;;Operasional;Aktif
290;Puskesmas;53090200010;1000062400;WAEPANA;"Puskesmas Perawatan (Rawat Inap)";"Ds. Waepana, Kec. Soa";53;"Nusa Tenggara Timur";5309;"Kab. Ngada";530907;Soa;-8.69782;121.03514;;pkmwaepanatersenyum21@gmail.com;;Operasional;Aktif
291;Puskesmas;53090200009;1000062527;"WATU KAPU";"Puskesmas Non Perawatan";"Kec. Bajawa Utara";53;"Nusa Tenggara Timur";5309;"Kab. Ngada";530915;"Bajawa Utara";-8.67834;120.94625;;pwatukapu2018@gmail.com;;Operasional;Aktif
292;Puskesmas;53090200003;1000062462;WATUMANU;"Puskesmas Non Perawatan";"Ds. Watumanu, Kec. Jerebuu";53;"Nusa Tenggara Timur";5309;"Kab. Ngada";530912;Jerebuu;-8.89822;120.99014;;pkmwatumanu2022@gmail.com;;Operasional;Aktif
293;Puskesmas;53090200024;1000670142;WOLOWIO;"Puskesmas Non Perawatan";"Wolowio, Jl. Likowali Beiposo Kec. Bajawa";53;"Nusa Tenggara Timur";5309;"Kab. Ngada";530906;Bajawa;-8.77708;120.95318;;puskesmaswolowio@gmail.com;;Operasional;Aktif
294;Puskesmas;53100200022;1000145305;ANAM;"Puskesmas Non Perawatan";"Jl. Ruteng -Labuan Bajo Anam Desa Bulan Kec Ruteng";53;"Nusa Tenggara Timur";5310;"Kab. Manggarai";531003;Ruteng;-8.63474;120.35299;81236804972;uptdpuskesmasanam@gmail.com;;Operasional;Aktif
295;Puskesmas;53100200012;1000145317;"BANGKA KENDA";"Puskesmas Non Perawatan";"Kec. Wae Rii";53;"Nusa Tenggara Timur";5310;"Kab. Manggarai";531001;"Wae Rii";-8.56464;120.45922;;;;Operasional;Aktif
296;Puskesmas;53100200018;1000145379;"BEA MESE";"Puskesmas Non Perawatan";"Kec. Cibal";53;"Nusa Tenggara Timur";5310;"Kab. Manggarai";531006;Cibal;-8.73181;120.38758;;;;Operasional;Aktif
297;Puskesmas;53100200008;1000145408;CANCAR;"Puskesmas Non Perawatan";"Kec. Ruteng";53;"Nusa Tenggara Timur";5310;"Kab. Manggarai";531003;Ruteng;-8.58539;120.37953;;puskesmascancar@gmail.com;;Operasional;Aktif
298;Puskesmas;53100200005;1000145422;DINTOR;"Puskesmas Non Perawatan";"Kec. Satar Mese Barat";53;"Nusa Tenggara Timur";5310;"Kab. Manggarai";531013;"Satar Mese Barat";-8.80933;120.36994;;puskesmasdintor.bok@gmail.com;;Operasional;Aktif
299;Puskesmas;53100200001;1000145276;ITENG;"Puskesmas Perawatan (Rawat Inap)";"Iteng Satar Mese";53;"Nusa Tenggara Timur";5310;"Kab. Manggarai";531005;"Satar Mese";-8.81258;120.42564;082145423853;hermanusmangkur@gmail.com;;Operasional;Aktif
300;Puskesmas;53100200013;1000145240;KETANG;"Puskesmas Non Perawatan";"Kec. Lelak";53;"Nusa Tenggara Timur";5310;"Kab. Manggarai";531015;Lelak;-8.64158;120.33419;;puskesmasketang267@gmail.com;;Operasional;Aktif
301;Puskesmas;53100200006;1000145329;KOTA;"Puskesmas Non Perawatan";"Kec. Langke Rembong";53;"Nusa Tenggara Timur";5310;"Kab. Manggarai";531012;"Langke Rembong";-8.37611;120.33364;;pkmkotaruteng10@gmail.com;;Operasional;Aktif
302;Puskesmas;53100200007;1000145381;LA'O;"Puskesmas Non Perawatan";"Kec. Langke Rembong";53;"Nusa Tenggara Timur";5310;"Kab. Manggarai";531012;"Langke Rembong";-8.60417;120.44978;;pkmlao2018@gmail.com;;Operasional;Aktif
303;Puskesmas;53100200024;1000670245;LANGGO;"Puskesmas Non Perawatan";"Langgo Desa Langgo Kec.  Satar Mese";53;"Nusa Tenggara Timur";5310;"Kab. Manggarai";531005;"Satar Mese";-8.77764;120.46274;;;;Operasional;Aktif
304;Puskesmas;53100200004;1000145264;"LANGKE MAJOK";"Puskesmas Perawatan (Rawat Inap)";"Jln.Pater Stanis Ograbek Nao Satar Mese Utara";53;"Nusa Tenggara Timur";5310;"Kab. Manggarai";531018;"Satar Mese Utara";-8.67436;120.36092;082341191000;uptdpkmlmajok2007@gmail.com;;Operasional;Aktif
305;Puskesmas;53100200021;1000145355;LOCE;"Puskesmas Non Perawatan";"Kec. Reok Barat";53;"Nusa Tenggara Timur";5310;"Kab. Manggarai";531016;"Reok Barat";-8.38458;120.3794;;pkmloce123@gmail.com;;Operasional;Aktif
306;Puskesmas;53100200014;1000145238;NANU;"Puskesmas Non Perawatan";"Kec. Rahong Utara";53;"Nusa Tenggara Timur";5310;"Kab. Manggarai";531014;"Rahong Utara";-8.52708;120.38969;;puskesmasnanu1@gmail.com;;Operasional;Aktif
307;Puskesmas;53100200003;1000145288;NARANG;"Puskesmas Perawatan (Rawat Inap)";"Kec. Satar Mese Barat";53;"Nusa Tenggara Timur";5310;"Kab. Manggarai";531013;"Satar Mese Barat";-8.77072;120.37372;;yomaneus@gmail.com;;Operasional;Aktif
308;Puskesmas;53100200016;1000145252;PAGAL;"Puskesmas Perawatan (Rawat Inap)";"Ds. Pagal, Kec. Cibal";53;"Nusa Tenggara Timur";5310;"Kab. Manggarai";531006;Cibal;-8.50972;120.49197;;reginajuita@yahoo.com;;Operasional;Aktif
309;Puskesmas;53100200002;1000145214;PONGGEOK;"Puskesmas Perawatan (Rawat Inap)";"Kec. Satar Mese";53;"Nusa Tenggara Timur";5310;"Kab. Manggarai";531005;"Satar Mese";-8.72283;120.41417;;puskesmasponggeok11@gmail.com;;Operasional;Aktif
310;Puskesmas;53100200019;1000145202;REO;"Puskesmas Perawatan (Rawat Inap)";"Ds. Reo, Kec. Reok";53;"Nusa Tenggara Timur";5310;"Kab. Manggarai";531011;Reok;-8.39747;120.37925;;puskesmasreo@gmail.com;;Operasional;Aktif
311;Puskesmas;53100200011;1000145393;TIMUNG;"Puskesmas Non Perawatan";"Timung-Golo Cador -Wae Ri'i";53;"Nusa Tenggara Timur";5310;"Kab. Manggarai";531001;"Wae Rii";-8.57644;120.49958;081355731477;puskesmastimung77@gmail.com;;Operasional;Aktif
312;Puskesmas;53100200023;53100200023;TODO;"Puskesmas Non Perawatan";"Jl. Pater Stanis Ograbeg SVD";53;"Nusa Tenggara Timur";5310;"Kab. Manggarai";531013;"Satar Mese Barat";-8.7276075;120.3703275;81239908014;puskesmastodo17@gmail.com;;Operasional;Aktif
313;Puskesmas;53100200017;1000145290;"WAE CODI";"Puskesmas Non Perawatan";"Ds. Wae Codi, Kec. Cibal";53;"Nusa Tenggara Timur";5310;"Kab. Manggarai";531006;Cibal;-8.68244;120.35281;;;;Operasional;Aktif
314;Puskesmas;53100200020;1000145226;"WAE KAJONG";"Puskesmas Perawatan (Rawat Inap)";"Ds. Wae Kajong, Kec. Reok";53;"Nusa Tenggara Timur";5310;"Kab. Manggarai";531011;Reok;-8.37667;120.33381;;Pkmwaekajong12@gmail.com;;Operasional;Aktif
315;Puskesmas;53100200009;1000145331;WAEMBELENG;"Puskesmas Non Perawatan";"Kec. Ruteng";53;"Nusa Tenggara Timur";5310;"Kab. Manggarai";531003;Ruteng;-8.40864;120.41433;;puskesmaswaembeleng01@gmail.com;;Operasional;Aktif
316;Puskesmas;53100200015;1000145343;WANGKO;"Puskesmas Non Perawatan";"Kec. Rahong Utara";53;"Nusa Tenggara Timur";5310;"Kab. Manggarai";531014;"Rahong Utara";-8.55108;120.41017;;puskesmas.wangko2008@gmail.com;;Operasional;Aktif
317;Puskesmas;53100200010;1000145367;"WATU ALO";"Puskesmas Non Perawatan";"Kec. Wae Rii";53;"Nusa Tenggara Timur";5310;"Kab. Manggarai";531001;"Wae Rii";-8.57519;120.47908;;Puskesmas.walo@gmail.com;;Operasional;Aktif
318;Puskesmas;53110200014;1000122171;BAING;"Puskesmas Perawatan (Rawat Inap)";"Ds. Hadakambali, Kec. Wulla Waijelu";53;"Nusa Tenggara Timur";5311;"Kab. Sumba Timur";531111;"Wulla Waijelu";-10.2268;120.55403;;Puskesmasbaing@gmail.com;;Operasional;Aktif
319;Puskesmas;53110200023;1000122327;BANGGAWATU;"Puskesmas Non Perawatan";"Ds Banggawatu Kec. Tabundung";53;"Nusa Tenggara Timur";5311;"Kab. Sumba Timur";531105;Tabundung;-6.23846;106.79416;0;0;;Operasional;Aktif
320;Puskesmas;53110200020;1000122262;KAMBANIRU;"Puskesmas Non Perawatan";"Ds. Kambaniru, Kec. Kambera";53;"Nusa Tenggara Timur";5311;"Kab. Sumba Timur";531116;Kambera;-9.66438;120.29137;;pkmkambaniru99@gmail.com;;Operasional;Aktif
321;Puskesmas;53110200018;1000122248;"KAMBATA MAPAMBUHANG";"Puskesmas Non Perawatan";"Kec. Kambata Mapambuhang";53;"Nusa Tenggara Timur";5311;"Kab. Sumba Timur";531117;"Kambata Mapambuhang";-9.82335;120.24998;;asnad.andung@gmail.com;;Operasional;Aktif
322;Puskesmas;53110200007;1000122200;KANANGGAR;"Puskesmas Perawatan (Rawat Inap)";"Ds. Kananggar, Kec. Paberiwai";53;"Nusa Tenggara Timur";5311;"Kab. Sumba Timur";531112;Paberiwai;-10.04388;120.367;;puskesmaskananggar01@gmail.com;;Operasional;Aktif
323;Puskesmas;53110200022;1000122236;KANATANG;"Puskesmas Non Perawatan";"Kec. Kanatang";53;"Nusa Tenggara Timur";5311;"Kab. Sumba Timur";531120;Kanatang;-9.5975;120.22378;;puskesmaskanatang@gmail.com;;Operasional;Aktif
324;Puskesmas;53110200010;1000122119;KATAKA;"Puskesmas Perawatan (Rawat Inap)";"Ds. Matawai Maringu, Kec. Kahaungu Eti";53;"Nusa Tenggara Timur";5311;"Kab. Sumba Timur";531114;"Kahaungu Eti";-9.90623;120.48198;;puskesmaskataka2018@gmail.com;;Operasional;Aktif
325;Puskesmas;53110200017;1000122250;KAWANGU;"Puskesmas Non Perawatan";"Ds. Kawangu, Kec. Pandawai";53;"Nusa Tenggara Timur";5311;"Kab. Sumba Timur";531107;Pandawai;-9.6753;120.3275;;pkmkawangu230303@gmail.com;;Operasional;Aktif
326;Puskesmas;53110200004;1000122298;KOMBAPARI;"Puskesmas Non Perawatan";"Ds. Kombapari, Kec. Katala Hamu Lingu";53;"Nusa Tenggara Timur";5311;"Kab. Sumba Timur";531119;"Katala Hamu Lingu";-9.78543;119.93673;;;;Operasional;Aktif
327;Puskesmas;53110200006;1000122183;LAILUNGGI;"Puskesmas Non Perawatan";"Ds. Lailunggi, Kec. Pinu Pahar";53;"Nusa Tenggara Timur";5311;"Kab. Sumba Timur";531106;"Pinu Pahar";-10.17287;120.11717;;puskesmaslailunggi2021@gmail.com;;Operasional;Aktif
328;Puskesmas;53110200001;1000122107;LEWA;"Puskesmas Perawatan (Rawat Inap)";"Kel. Lewa Paku, Kec. Lewa";53;"Nusa Tenggara Timur";5311;"Kab. Sumba Timur";531103;Lewa;-9.70267;119.8789;;puskesmaslewa03@gmail.com;;Operasional;Aktif
329;Puskesmas;53110200003;1000122157;"LEWA TIDAHU";"Puskesmas Non Perawatan";"Kec. Lewa Tidahu";53;"Nusa Tenggara Timur";5311;"Kab. Sumba Timur";531118;"Lewa Tidahu";-9.71253;120.02615;;pkmlewatidahu@gmail.com;;Operasional;Aktif
330;Puskesmas;53110200011;1000122121;MAHU;"Puskesmas Non Perawatan";"Kec. Mahu";53;"Nusa Tenggara Timur";5311;"Kab. Sumba Timur";531122;Mahu;-10.07992;120.51875;;mahupuskesmas@gmail.com;;Operasional;Aktif
331;Puskesmas;53110200005;1000122133;MALAHAR;"Puskesmas Perawatan (Rawat Inap)";"Ds. Billa, Kec. Tabundung";53;"Nusa Tenggara Timur";5311;"Kab. Sumba Timur";531105;Tabundung;-9.94618;120.07782;;puskesmasmalahar@gmail.com;;Operasional;Aktif
332;Puskesmas;53110200013;1000122212;MANGILI;"Puskesmas Perawatan (Rawat Inap)";"Desa Kaliuda, Kec. Pahunga Lodu";53;"Nusa Tenggara Timur";5311;"Kab. Sumba Timur";531110;"Pahunga Lodu";-10.14515;120.70863;;pkmmangili8@gmail.com;;Operasional;Aktif
333;Puskesmas;53110200016;1000122145;MELOLO;"Puskesmas Perawatan (Rawat Inap)";"Kel. Matawai Atu, Kec. Umalulu";53;"Nusa Tenggara Timur";5311;"Kab. Sumba Timur";531108;Umalulu;-9.89517;120.66172;;akreditasipuskesmasmelolo@gmail.com;;Operasional;Aktif
334;Puskesmas;53110200012;1000122315;"NGADU NGALA";"Puskesmas Non Perawatan";"Kec. Ngadu Ngala";53;"Nusa Tenggara Timur";5311;"Kab. Sumba Timur";531121;"Ngadu Ngala";-10.17365;120.35815;;pkmngadungala25@gmail.com;;Operasional;Aktif
335;Puskesmas;53110200002;1000122286;NGGOA;"Puskesmas Non Perawatan";"Ds. Makaminggit, Kec. Nggaha Ori Angu";53;"Nusa Tenggara Timur";5311;"Kab. Sumba Timur";531104;"Nggaha Ori Angu";-9.76262;119.80292;;;;Operasional;Aktif
336;Puskesmas;53110200008;1000122169;NGGONGI;"Puskesmas Perawatan (Rawat Inap)";"Ds. Nggongi, Kec. Karera";53;"Nusa Tenggara Timur";5311;"Kab. Sumba Timur";531113;Karera;-10.19445;120.23528;;puskesmasnggongi23@gmail.com;;Operasional;Aktif
337;Puskesmas;53110200024;1000122274;"PAMBOTA NJARA";"Puskesmas Non Perawatan";"Ds. Pambota Njara Kec. Kota Waingapu";53;"Nusa Tenggara Timur";5311;"Kab. Sumba Timur";531101;"Kota Waingapu";-6.23846;106.79416;0;pkmpambotanjara@gmail.com;;Operasional;Aktif
338;Puskesmas;53110200021;1000122092;RAMBANGARU;"Puskesmas Perawatan (Rawat Inap)";"Ds. Rambangaru, Kec. Haharu";53;"Nusa Tenggara Timur";5311;"Kab. Sumba Timur";531102;Haharu;-9.4497;120.05173;;serlykaitapay@gmail.com;;Operasional;Aktif
339;Puskesmas;53110200015;1000122195;TANARAING;"Puskesmas Perawatan (Rawat Inap)";"Ds. Tanaraing, Kec. Rindi";53;"Nusa Tenggara Timur";5311;"Kab. Sumba Timur";531109;Rindi;-9.9852;120.76112;;kawarakonda@gmail.com;;Operasional;Aktif
340;Puskesmas;53110200009;1000122224;TANARARA;"Puskesmas Perawatan (Rawat Inap)";"Ds. Praibokul, Kec. Matawai La Pawu";53;"Nusa Tenggara Timur";5311;"Kab. Sumba Timur";531115;"Matawai La Pawu";-10.00918;120.29523;;pkmtanararamlpakred23;;Operasional;Aktif
341;Puskesmas;53110200019;1000122303;WAINGAPU;"Puskesmas Non Perawatan";"Jl. Cut Nyak Dien, Kec. Kota Waingapu";53;"Nusa Tenggara Timur";5311;"Kab. Sumba Timur";531101;"Kota Waingapu";-9.64575;120.2565;;puskesmaswaingapu210@gmail.com;;Operasional;Aktif
342;Puskesmas;53120200004;1000100783;GAURA;"Puskesmas Non Perawatan";"Kec. Laboya Barat";53;"Nusa Tenggara Timur";5312;"Kab. Sumba Barat";531218;"Laboya Barat";-9.71511;119.26154;;exonmalingara9@gmail.com;;Operasional;Aktif
343;Puskesmas;53120200001;1000100745;KABUKARUDI;"Puskesmas Non Perawatan";"Ds. Kabu Karudi, Kec. Lamboya";53;"Nusa Tenggara Timur";5312;"Kab. Sumba Barat";531212;Lamboya;-9.72064;119.3606;;pkmkabukarudi@gmail.com;;Operasional;Aktif
344;Puskesmas;53120200009;1000100771;"KAREKA NDUKU";"Puskesmas Non Perawatan";"Ds. Kereka nduku Kec. Tana Righu";53;"Nusa Tenggara Timur";5312;"Kab. Sumba Barat";531204;"Tana Righu";-9.52494;119.42004;;karekandukupkm@gmail.com;;Operasional;Aktif
345;Puskesmas;53120200003;1000100719;LAHIHURUK;"Puskesmas Perawatan (Rawat Inap)";"Kec. Wanokaka";53;"Nusa Tenggara Timur";5312;"Kab. Sumba Barat";531211;Wanokaka;-9.6926;119.42703;;puskesmaslahihuruk43@gmail.com;;Operasional;Aktif
346;Puskesmas;53120200010;1000100733;"LOLO WANO";"Puskesmas Non Perawatan";"Jl. Raya Desa Lolo Wano";53;"Nusa Tenggara Timur";5312;"Kab. Sumba Barat";531204;"Tana Righu";-9.45353;119.42555;85238077296;puskesmaslolowano@gmail.com;;Operasional;Aktif
347;Puskesmas;53120200007;1000100721;MALATA;"Puskesmas Non Perawatan";"Ds. Malata, Kec. Tana Righu";53;"Nusa Tenggara Timur";5312;"Kab. Sumba Barat";531204;"Tana Righu";-9.45337;119.38455;;malatapuskesmas@yahoo.com;;Operasional;Aktif
348;Puskesmas;53120200002;1000100757;PADEDEWATU;"Puskesmas Non Perawatan";"Ds. Padedewatu, Kec. Lamboya";53;"Nusa Tenggara Timur";5312;"Kab. Sumba Barat";531212;Lamboya;-9.70645;119.32037;;puskesmaspadediwatu@gmail.com;;Operasional;Aktif
349;Puskesmas;53120200006;1000100769;"PUU WERI";"Puskesmas Non Perawatan";"Kec. Kota Waikabubak";53;"Nusa Tenggara Timur";5312;"Kab. Sumba Barat";531215;"Kota Waikabubak";-9.62847;119.42766;;puskesmaspuuweri1@gmail.com;;Operasional;Aktif
350;Puskesmas;53120200005;1000100795;TANARARA;"Puskesmas Non Perawatan";"Ds. Tanarara, Kec. Loli";53;"Nusa Tenggara Timur";5312;"Kab. Sumba Barat";531210;Loli;-9.74834;119.87547;;endang77marwati@gmail.com;;Operasional;Aktif
351;Puskesmas;53120200008;1000100800;WEEKAROU;"Puskesmas Non Perawatan";"Kel. Loda Kec. Loli";53;"Nusa Tenggara Timur";5312;"Kab. Sumba Barat";531210;Loli;-9.60931;119.41387;;puskesmasweekarou2023@gmail.com;;Operasional;Aktif
352;Puskesmas;53130200010;1000079582;AUTAQNAPOQ;"Puskesmas Perawatan (Rawat Inap)";"Desa Leubatang Kec. Omesuri";53;"Nusa Tenggara Timur";5313;"Kab. Lembata";531306;Omesuri;-8.47191;123.48319;82247800352;pkmauta956@gmail.com;;Operasional;Aktif
353;Puskesmas;53130200008;1000079544;BALAURING;"Puskesmas Perawatan (Rawat Inap)";"Ds. Balauring, Kec. Omesuri";53;"Nusa Tenggara Timur";5313;"Kab. Lembata";531306;Omesuri;-8.23067;123.71396;;pkmbalauring@gmail.com;;Operasional;Aktif
354;Puskesmas;53130200011;1000079611;BEAN;"Puskesmas Perawatan (Rawat Inap)";"Ds. Bean Kec.  Buyasuri";53;"Nusa Tenggara Timur";5313;"Kab. Lembata";531307;Buyasuri;-8.23237;123.8188;85239242469;beanpuskesmas89@mail.com;;Operasional;Aktif
355;Puskesmas;53130200006;1000079647;HADAKEWA;"Puskesmas Perawatan (Rawat Inap)";"Ds. Hadakewa, Kec. Lebatukan";53;"Nusa Tenggara Timur";5313;"Kab. Lembata";531304;Lebatukan;-8.37124;123.54576;;puskesmashadakewa@gmail.com;;Operasional;Aktif
356;Puskesmas;53130200005;1000079570;LAMAAU;"Puskesmas Perawatan (Rawat Inap)";"Ds. Lamaau, Kec. Ile Ape Timur";53;"Nusa Tenggara Timur";5313;"Kab. Lembata";531309;"Ile Ape Timur";-8.23937;123.53008;;puskesmaslamaau85@gmail.com;;Operasional;Aktif
357;Puskesmas;53130200007;1000079659;LEWOLEBA;"Puskesmas Non Perawatan";"Ds. Lewoleba Tengah, Kec. Nubatukan";53;"Nusa Tenggara Timur";5313;"Kab. Lembata";531305;Nubatukan;-8.37163;123.42117;;lewolebapusk009@gmail.com;;Operasional;Aktif
358;Puskesmas;53130200001;1000079556;LOANG;"Puskesmas Perawatan (Rawat Inap)";"Ds. Duawutun, Kec. Nagawutung";53;"Nusa Tenggara Timur";5313;"Kab. Lembata";531301;"Naga Wutung";-8.46755;123.28334;;puskesmasloang08@gmail.com;;Operasional;Aktif
359;Puskesmas;53130200012;1000079594;PADA;"Puskesmas Perawatan (Rawat Inap)";"Desa Pada Kec.  Nubatukan";53;"Nusa Tenggara Timur";5313;"Kab. Lembata";531305;Nubatukan;-8.41343;123.40471;81389727922;puskesmaspada920@gmail.com;;Operasional;Aktif
360;Puskesmas;53130200003;1000079568;WAIKNUIT;"Puskesmas Perawatan (Rawat Inap)";"Ds. Tubuk Rajan, Kec. Atadei";53;"Nusa Tenggara Timur";5313;"Kab. Lembata";531302;Atadei;-8.43851;123.47292;;puskesmaswaiknuit@gmail.com;;Operasional;Aktif
361;Puskesmas;53130200004;1000079635;WAIPUKANG;"Puskesmas Perawatan (Rawat Inap)";"Ds. Laran Wutun, Kec. Ile Ape";53;"Nusa Tenggara Timur";5313;"Kab. Lembata";531303;"Ile Ape";-8.31992;123.46332;;puskesmaswaipukang86@gmail.com;;Operasional;Aktif
362;Puskesmas;53130200009;1000079609;WAIRIANG;"Puskesmas Perawatan (Rawat Inap)";"Ds. Umaleu, Kec. Buyasari";53;"Nusa Tenggara Timur";5313;"Kab. Lembata";531307;Buyasuri;-8.19806;123.81117;;uptdpuskesmaswairiang@gmail.com;;Operasional;Aktif
363;Puskesmas;53130200002;1000079623;WULANDONI;"Puskesmas Perawatan (Rawat Inap)";"Ds. Pantai Harapan, Kec. Wulandoni";53;"Nusa Tenggara Timur";5313;"Kab. Lembata";531308;Wulandoni;-8.53174;123.45217;;;;Operasional;Aktif
364;Puskesmas;53140200004;1000056657;BAA;"Puskesmas Non Perawatan";"Jl. Pabean Ba'a Kel. Nomadalle, Kec. Lobalain";53;"Nusa Tenggara Timur";5314;"Kab. Rote Ndao";531403;Lobalain;-10.73063;123.04591;;puskesmasbaa@gmail.com;;Operasional;Aktif
365;Puskesmas;53140200001;1000056607;BATUTUA;"Puskesmas Perawatan (Rawat Inap)";"Jl. Ba'a - Batutua Kel. Batutua, Kec. Rote Barat Daya";53;"Nusa Tenggara Timur";5314;"Kab. Rote Ndao";531401;"Rote Barat Daya";-10.85456;122.98201;;nappoeyandri03@gmail.com;;Operasional;Aktif
366;Puskesmas;53140200002;1000056633;BUSALANGGA;"Puskesmas Non Perawatan";"Jl. Ba'a - Busalangga Kel. Basulangga, Kec. Rote Barat Laut";53;"Nusa Tenggara Timur";5314;"Kab. Rote Ndao";531402;"Rote Barat Laut";-10.79646;122.99917;;pkmbusalangga01@gmail.com;;Operasional;Aktif
367;Puskesmas;53140200011;1000056566;DELHA;"Puskesmas Perawatan (Rawat Inap)";"Jl. Ba'a - Nemberalla Ds. Nemeralla, Kec. Rote Barat";53;"Nusa Tenggara Timur";5314;"Kab. Rote Ndao";531407;"Rote Barat";-10.89123;122.84354;;Puskesmas.delha@gmail.com;;Operasional;Aktif
368;Puskesmas;53140200009;1000056619;EAHUN;"Puskesmas Perawatan (Rawat Inap)";"Jl. Ba'a - Papela Kel, Londalusi, Kec. Rote Timur";53;"Nusa Tenggara Timur";5314;"Kab. Rote Ndao";531406;"Rote Timur";-10.6217;123.38355;;pkmeahunuptd@gmail.com;;Operasional;Aktif
369;Puskesmas;53140200005;1000056645;FEOPOPI;"Puskesmas Non Perawatan";"Jl. Ba'a - Feapopi Kel,. Onatali, Kec. Rote Tengah";53;"Nusa Tenggara Timur";5314;"Kab. Rote Ndao";531404;"Rote Tengah";-10.6802;123.1128;;puskesmasfeapopi@gmail.com;;Operasional;Aktif
370;Puskesmas;53140200007;1000056592;KORBAFO;"Puskesmas Non Perawatan";"Jl. Ba'a - Pantai Baru Kel. Olafulihaa, Kec. Pantai Baru";53;"Nusa Tenggara Timur";5314;"Kab. Rote Ndao";531405;"Pantai Baru";-10.65206;123.23455;;vebrybanimd@gmail.com;;Operasional;Aktif
371;Puskesmas;53140200012;1000056621;NDAO;"Puskesmas Perawatan (Rawat Inap)";"Ds. Nda/Nuse, Kec. Rote Barat";53;"Nusa Tenggara Timur";5314;"Kab. Rote Ndao";531407;"Rote Barat";-10.78138;122.76131;;puskesmasndao23@gmail.com;;Operasional;Aktif
372;Puskesmas;53140200003;1000056580;OELABA;"Puskesmas Non Perawatan";"Jl. Ba'a - Olelaba Ds. Oela, Kec. Rote Barat Laut";53;"Nusa Tenggara Timur";5314;"Kab. Rote Ndao";531402;"Rote Barat Laut";-10.76731;122.91438;;oelabaakreditasi@gmail.com;;Operasional;Aktif
373;Puskesmas;53140200006;1000056542;OELE;"Puskesmas Non Perawatan";"Jl. Ba'a - Oele Ds. Daleholu, Kec. Rote Selatan";53;"Nusa Tenggara Timur";5314;"Kab. Rote Ndao";531408;"Rote Selatan";-10.78825;123.17681;;Uptdpuskesmasoele@gmail.com;;Operasional;Aktif
374;Puskesmas;53140200008;1000056554;SONIMANU;"Puskesmas Non Perawatan";"Jl. Ba'a - Sonimanu Desa, Kec. Pantai Baru";53;"Nusa Tenggara Timur";5314;"Kab. Rote Ndao";531405;"Pantai Baru";-10.71871;123.28657;;puskessonimanu@gmail.com;;Operasional;Aktif
375;Puskesmas;53140200010;1000056578;"SOTI MORI";"Puskesmas Perawatan (Rawat Inap)";"Jl. Ba'a - Daimana Ds. Sotimori, Kec. Rote Timur";53;"Nusa Tenggara Timur";5314;"Kab. Rote Ndao";531406;"Rote Timur";-10.53662;123.31055;;pkmsotimori01@gmail.com;;Operasional;Aktif
376;Puskesmas;53150200014;1000139679;BARI;"Puskesmas Perawatan (Rawat Inap)";"Dusun Rengge, Desa Bari, Kec. Macang Pacar";53;"Nusa Tenggara Timur";5315;"Kab. Manggarai Barat";531501;"Macang Pacar";-8.35742;120.18698;;Pusk_Bari23@gmail.com;;Operasional;Aktif
377;Puskesmas;53150200002;1000139813;BENTENG;"Puskesmas Non Perawatan";"Pongkor Desa Golo Pongkor Kec. Komodo";53;"Nusa Tenggara Timur";5315;"Kab. Manggarai Barat";531505;Komodo;-8.59002;119.89214;;puskbenteng14@gmail.com;;Operasional;Aktif
378;Puskesmas;53150200022;1000742153;COMPANG;"Puskesmas Non Perawatan";"Noa,Desa Compang";53;"Nusa Tenggara Timur";5315;"Kab. Manggarai Barat";531511;Pacar;-8.52937;120.1965;;pkmcompang@gmail.com;;Operasional;Aktif
379;Puskesmas;53150200009;1000139772;DATAK;"Puskesmas Non Perawatan";"Datak RT.001/RW.002, Desa Golo Ronggot, Kec.  Welak";53;"Nusa Tenggara Timur";5315;"Kab. Manggarai Barat";531507;Welak;-8.62823;120.17473;;puskesmasdatak22@gmail.com;;Operasional;Aktif
380;Puskesmas;53150200010;1000139693;"GOLO WELU";"Puskesmas Perawatan (Rawat Inap)";"Golo Welu, Kelurahan  Nantal, Kec.  Kuwus";53;"Nusa Tenggara Timur";5315;"Kab. Manggarai Barat";531502;Kuwus;-8.56833;120.31117;;pkmgolowelu22@gmail.com;;Operasional;Aktif
381;Puskesmas;53150200001;1000139722;"LABUAN BAJO";"Puskesmas Non Perawatan";"Jl. Bidadari No.1 Kelurahan Labuan Bajo Kec.  Komodo";53;"Nusa Tenggara Timur";5315;"Kab. Manggarai Barat";531505;Komodo;-8.49726;119.88062;;labuanbajo.pkm@gmail.com;;Operasional;Aktif
382;Puskesmas;53150200016;53150200016;"LENGKONG CEPANG";"Puskesmas Non Perawatan";"Ds. Watu Tiri Kec. Lembor Selatan";53;"Nusa Tenggara Timur";5315;"Kab. Manggarai Barat";531509;"Lembor Selatan";-8.769317899999999;120.2035065;;puskesmaslcepang@gmail.com;;Operasional;Aktif
383;Puskesmas;53150200017;1000139796;"NANGA TERANG";"Puskesmas Non Perawatan";"Ds. Golo Sepang Kec. Boleng";53;"Nusa Tenggara Timur";5315;"Kab. Manggarai Barat";531506;Boleng;-8.45252;120.07768;;pkmnangaterang22@gmail.com;;Operasional;Aktif
384;Puskesmas;53150200007;1000139734;NANGALILI;"Puskesmas Non Perawatan";"Nangalili, RT: 009 RW: 002, Desa Nangalili, Kec. Lembor Selatan";53;"Nusa Tenggara Timur";5315;"Kab. Manggarai Barat";531509;"Lembor Selatan";-8.75899;120.13059;;pkmn.databank@gmail.com;;Operasional;Aktif
385;Puskesmas;53150200008;1000139758;ORONG;"Puskesmas Perawatan (Rawat Inap)";"Karot, Desa  Orong, Kec.  Welak";53;"Nusa Tenggara Timur";5315;"Kab. Manggarai Barat";531507;Welak;-8.65577;120.23363;;;;Operasional;Aktif
386;Puskesmas;53150200013;1000139746;PACAR;"Puskesmas Perawatan (Rawat Inap)";"Pacar RT.001/RW.001, Desa Pacar, Kec.  Pacar";53;"Nusa Tenggara Timur";5315;"Kab. Manggarai Barat";531501;"Macang Pacar";-8.48365;120.20317;;siprijamat@gmail.com;;Operasional;Aktif
387;Puskesmas;53150200012;1000139801;RANGGU;"Puskesmas Non Perawatan";"Ranggu RT.001/RW.003, Desa Ranggu, Kec.  Kuwus Barat";53;"Nusa Tenggara Timur";5315;"Kab. Manggarai Barat";531502;Kuwus;-8.58328;120.25643;;pkmranggu17@gmail.com;;Operasional;Aktif
388;Puskesmas;53150200015;1000139825;REGO;"Puskesmas Non Perawatan";"Nara-Desa Rego";53;"Nusa Tenggara Timur";5315;"Kab. Manggarai Barat";531501;"Macang Pacar";-8.42334;120.26227;;;;Operasional;Aktif
389;Puskesmas;53150200005;1000139655;REKAS;"Puskesmas Non Perawatan";"Rekas RT/RW 05/02, Desa Kempo, Kec.  Mbeliling";53;"Nusa Tenggara Timur";5315;"Kab. Manggarai Barat";531510;Mbeliling;-8.62469;120.05057;;pkmrekas@gmail.com;;Operasional;Aktif
390;Puskesmas;53150200011;1000139708;TENTANG;"Puskesmas Perawatan (Rawat Inap)";"Tentang, RT 004/ RW 002, Desa Tentang";53;"Nusa Tenggara Timur";5315;"Kab. Manggarai Barat";531508;Ndoso;-8.51;120.34878;;puskemastentang22@gmail.com;;Operasional;Aktif
391;Puskesmas;53150200003;1000139710;TERANG;"Puskesmas Perawatan (Rawat Inap)";"RT.002/RW.002 Desa Mbuit, Kec. Boleng";53;"Nusa Tenggara Timur";5315;"Kab. Manggarai Barat";531506;Boleng;-8.50193;120.07903;;puskesmasterang25@gmai.com;;Operasional;Aktif
392;Puskesmas;53150200018;1000139851;"WAE KANTA";"Puskesmas Non Perawatan";"Ds. Wae Kanta Kec. Lembor";53;"Nusa Tenggara Timur";5315;"Kab. Manggarai Barat";531503;Lembor;-8.67062;120.24262;;puskesmaswaekanta1402@gmail.com;;Operasional;Aktif
393;Puskesmas;53150200006;1000139667;"WAE NAKENG";"Puskesmas Perawatan (Rawat Inap)";"Jl. Trans Ruteng-Labuan Bajo,Kelurahan Tangge, Kec. Lembor";53;"Nusa Tenggara Timur";5315;"Kab. Manggarai Barat";531503;Lembor;-8.70761;120.16885;;ratnababur090986@gmail.com;;Operasional;Aktif
394;Puskesmas;53150200019;1000139849;"WAE PITAK";"Puskesmas Non Perawatan";"Ds. Tueng Kec. Kuwus Barat";53;"Nusa Tenggara Timur";5315;"Kab. Manggarai Barat";531512;"Kuwus Barat";-8.54852;120.24926;;puskesmaswaepitak2023@gmail.com;;Operasional;Aktif
395;Puskesmas;53150200020;1000139837;WANING;"Puskesmas Non Perawatan";"Ds. Waning Kec. Ndoso";53;"Nusa Tenggara Timur";5315;"Kab. Manggarai Barat";531508;Ndoso;-8.48979;120.29599;;pusk.waning0218@gmail.com;;Operasional;Aktif
396;Puskesmas;53150200021;1000139784;WARSAWE;"Puskesmas Non Perawatan";"Ds. Cunca Kec. Mbeliling";53;"Nusa Tenggara Timur";5315;"Kab. Manggarai Barat";531510;Mbeliling;-8.57049;119.96249;;Pkmwsw2015@gmail.com;;Operasional;Aktif
397;Puskesmas;53150200004;1000139681;WERANG;"Puskesmas Perawatan (Rawat Inap)";"Werang Desa Golo Mbu, Kec.  Sano Nggoang";53;"Nusa Tenggara Timur";5315;"Kab. Manggarai Barat";531504;"Sano Nggoang";-8.65128;120.01088;;pkmwerangsn@gmail.com;;Operasional;Aktif
398;Puskesmas;53160200004;1000115908;BOAWAE;"Puskesmas Perawatan (Rawat Inap)";"Kel. Natanage - Kec. Boawae";53;"Nusa Tenggara Timur";5316;"Kab. Nagekeo";531603;Boawae;-8.76259;121.16359;;uptdpuskesmasboawae@gmail.com;;Operasional;Aktif
399;Puskesmas;53160200005;1000115910;JAWAKISA;"Puskesmas Perawatan (Rawat Inap)";"Desa Tengatiba - Kec. Aesesa Selatan";53;"Nusa Tenggara Timur";5316;"Kab. Nagekeo";531607;"Aesesa Selatan";-8.66436;121.22814;;merlyncoo81@gmail.com;;Operasional;Aktif
400;Puskesmas;53160200007;1000115958;KABUREA;"Puskesmas Perawatan (Rawat Inap)";"Desa Tendakinde - Kec. Wolowae";53;"Nusa Tenggara Timur";5316;"Kab. Nagekeo";531605;Wolowae;-8.59109;121.38817;;puskesmaskaburea@gmail.com;;Operasional;Aktif
401;Puskesmas;53160200006;1000115922;KOTA;"Puskesmas Non Perawatan";"Kelurahan Lape - Kec.  Aesesa";53;"Nusa Tenggara Timur";5316;"Kab. Nagekeo";531601;Aesesa;-8.56516;121.26608;;puskesmas.danga02@gmail.com;;Operasional;Aktif
402;Puskesmas;53160200009;1000669870;MAUKELI;"Puskesmas Perawatan (Rawat Inap)";"Desa Maukeli, Kec.  Mauponggo";53;"Nusa Tenggara Timur";5316;"Kab. Nagekeo";531604;Mauponggo;-8.89103;121.16066;;puskesmasmaukeli21@gmail.com;;Operasional;Aktif
403;Puskesmas;53160200002;1000115934;MAUNORI;"Puskesmas Perawatan (Rawat Inap)";"Ds Udiworowatu - Kec. Keo Tengah";53;"Nusa Tenggara Timur";5316;"Kab. Nagekeo";531606;"Keo Tengah";-8.89953;121.29179;;puskesmasmaunori2028@gmail.com;;Operasional;Aktif
404;Puskesmas;53160200001;1000115946;MAUPONGGO;"Puskesmas Perawatan (Rawat Inap)";"Kelurahan Mauponggo - Kec. Mauponggo";53;"Nusa Tenggara Timur";5316;"Kab. Nagekeo";531604;Mauponggo;-8.88919;121.21131;81238885797;admenpuskmauponggo@gmail.com;;Operasional;Aktif
405;Puskesmas;53160200003;1000115893;NANGARORO;"Puskesmas Perawatan (Rawat Inap)";"Kel. Nangaroro, Kec. Nangaroro";53;"Nusa Tenggara Timur";5316;"Kab. Nagekeo";531602;Nangaroro;-8.78817;121.39541;;priskayovi@gmail.com;;Operasional;Aktif
406;Puskesmas;53160200008;1000115960;UTETOTO;"Puskesmas Non Perawatan";"Desa Utetoto - Kec.  Nangaroro";53;"Nusa Tenggara Timur";5316;"Kab. Nagekeo";531602;Nangaroro;-8.72355;121.39586;81237718477;puskesmasutetoto08@gmail.com;;Operasional;Aktif
407;Puskesmas;53170200003;1000094623;LAWONDA;"Puskesmas Perawatan (Rawat Inap)";"Kec. Umbu Ratu Nggay Barat";53;"Nusa Tenggara Timur";5317;"Kab. Sumba Tengah";531702;"Umbu Ratu Nggay Barat";-9.53424;119.60128;;lawondapkm8@gmail.com;;Operasional;Aktif
408;Puskesmas;53170200004;1000094611;LINDIWACU;"Puskesmas Perawatan (Rawat Inap)";"Kec. Umbu Ratu Nggay";53;"Nusa Tenggara Timur";5317;"Kab. Sumba Tengah";531704;"Umbu Ratu Nggay";-9.54918;119.81413;;;;Operasional;Aktif
409;Puskesmas;53170200002;1000094570;MALINJAK;"Puskesmas Perawatan (Rawat Inap)";"Kec. Katikutana Selatan";53;"Nusa Tenggara Timur";5317;"Kab. Sumba Tengah";531705;"Katiku Tana Selatan";-9.68228;119.56728;;herlinadapatalu28@gmail.com;;Operasional;Aktif
410;Puskesmas;53170200007;1000094609;MANANGA;"Puskesmas Perawatan (Rawat Inap)";"Kec. Mamboro";53;"Nusa Tenggara Timur";5317;"Kab. Sumba Tengah";531703;Mamboro;-9.37292;119.57716;;puskmng22@gmail.com;;Operasional;Aktif
411;Puskesmas;53170200005;1000094556;MARADESA;"Puskesmas Perawatan (Rawat Inap)";"Kec. Umbu Ratu Nggay";53;"Nusa Tenggara Timur";5317;"Kab. Sumba Tengah";531704;"Umbu Ratu Nggay";-9.52596;119.71681;;ardidamarewa@gmail.com;;Operasional;Aktif
412;Puskesmas;53170200006;1000094594;PAHAR;"Puskesmas Perawatan (Rawat Inap)";"Kec. Umbu Ratu Nggay";53;"Nusa Tenggara Timur";5317;"Kab. Sumba Tengah";531704;"Umbu Ratu Nggay";-9.40147;119.79027;;pkmpahar1100@gmail.com;;Operasional;Aktif
413;Puskesmas;53170200010;1001520693;"TANA MBANAS";"Puskesmas Non Perawatan";"Jl. Lintas Pantura, DesaTana Mbanas, Kec. Umbu Ratu Nggay";53;"Nusa Tenggara Timur";5317;"Kab. Sumba Tengah";531704;"Umbu Ratu Nggay";-9.40539;119.90089;081339530695;pkmtanambanas@gmail.com;;Operasional;Aktif
414;Puskesmas;53170200009;1000094635;"UMBU RIRI";"Puskesmas Non Perawatan";"Kec. Katikutana";53;"Nusa Tenggara Timur";5317;"Kab. Sumba Tengah";531701;"Katiku Tana";-9.61621;119.50882;'-;puskesmasumburiri@gmail.com;;Operasional;Aktif
415;Puskesmas;53170200001;1000094582;WAIRASA;"Puskesmas Perawatan (Rawat Inap)";"Kec. Umbu Ratu Nggay Barat";53;"Nusa Tenggara Timur";5317;"Kab. Sumba Tengah";531702;"Umbu Ratu Nggay Barat";-9.56586;119.56641;;;;Operasional;Aktif
416;Puskesmas;53170200008;1000094568;WEELURI;"Puskesmas Perawatan (Rawat Inap)";"Kec. Mamboro";53;"Nusa Tenggara Timur";5317;"Kab. Sumba Tengah";531703;Mamboro;-9.44048;119.46582;;fktp_weelurisumbatengah@yahoo.com;;Operasional;Aktif
417;Puskesmas;53180200011;1000072742;"BILA CENGE";"Puskesmas Perawatan (Rawat Inap)";"Jl. Kodi-Bukambero Ds. Kadu Eta Kec. Kodi Utara";53;"Nusa Tenggara Timur";5318;"Kab. Sumba Barat Daya";531808;"Kodi Utara";-9.45133;119.04201;;puskesmasbilacenge@gmail.com;;Operasional;Aktif
418;Puskesmas;53180200003;1000072778;BONDOKODI;"Puskesmas Perawatan (Rawat Inap)";"Ds. Bondokodi, Kec. Kodi";53;"Nusa Tenggara Timur";5318;"Kab. Sumba Barat Daya";531807;Kodi;-9.59455;118.99427;;uptdpkmbondokodi@gmail.com;;Operasional;Aktif
419;Puskesmas;53180200014;1000072845;"DELU DEPA";"Puskesmas Non Perawatan";"Ds. Delu Depa Kec. Kodi Bangedo";53;"Nusa Tenggara Timur";5318;"Kab. Sumba Barat Daya";531806;"Kodi Bangedo";-9.57288;119.05733;;promkesdeludepa@gmail.com;;Operasional;Aktif
420;Puskesmas;53180200012;1000072730;ELOPADA;"Puskesmas Perawatan (Rawat Inap)";"Jl. Simpang Palla Ds. Kalembu Ndara Mane Kec. Wewewa Timur";53;"Nusa Tenggara Timur";5318;"Kab. Sumba Barat Daya";531803;"Wewewa Timur";-9.56731;119.31759;;pkmelopada1010@gmail.com;;Operasional;Aktif
421;Puskesmas;53180200015;1000072857;"KAWANGO HARI";"Puskesmas Non Perawatan";"Ds. Kawango Hari Kec. Kodi";53;"Nusa Tenggara Timur";5318;"Kab. Sumba Barat Daya";531807;Kodi;-6.23846;106.79416;0;pkmkawangohari@gmail.com;;Operasional;Aktif
422;Puskesmas;53180200004;1000072780;KORI;"Puskesmas Perawatan (Rawat Inap)";"Ds. Kori, Kec. Kodi Utara";53;"Nusa Tenggara Timur";5318;"Kab. Sumba Barat Daya";531808;"Kodi Utara";-9.50898;119.03724;;puskesmaskori94@gmail.com;;Operasional;Aktif
423;Puskesmas;53180200009;1000072883;PALLA;"Puskesmas Non Perawatan";"Kec. Wewewa Utara";53;"Nusa Tenggara Timur";5318;"Kab. Sumba Barat Daya";531802;"Wewewa Utara";-9.52727;119.3569;;puskesmaspalla2@gmail.com;;Operasional;Aktif
424;Puskesmas;53180200002;1000072871;"PANENGGO EDE";"Puskesmas Non Perawatan";"Ds. Panenggo Ede, Kec. Kodi Balaghar";53;"Nusa Tenggara Timur";5318;"Kab. Sumba Barat Daya";531811;"Kodi Balaghar";-9.68181;119.04979;;karolainakue92@gmail.com;;Operasional;Aktif
425;Puskesmas;53180200010;1000072754;"RADA MATA";"Puskesmas Perawatan (Rawat Inap)";"Ds. Radamata, Kec. Loura";53;"Nusa Tenggara Timur";5318;"Kab. Sumba Barat Daya";531801;Loura;-9.40352;119.27702;;puskesmasradamata@gmail.com;;Operasional;Aktif
426;Puskesmas;53180200005;1000072807;"TENA TEKE";"Puskesmas Perawatan (Rawat Inap)";"Ds. Tena Teke, Kec. Wewewa Selatan";53;"Nusa Tenggara Timur";5318;"Kab. Sumba Barat Daya";531805;"Wewewa Selatan";-9.56348;119.19998;;tenatekepkm14@gmail.com;;Operasional;Aktif
427;Puskesmas;53180200008;1000072819;TENGGABA;"Puskesmas Perawatan (Rawat Inap)";"Kec. Wewewa Timur";53;"Nusa Tenggara Timur";5318;"Kab. Sumba Barat Daya";531803;"Wewewa Timur";-9.54411;119.30689;;puskesmastanggaba23@gmail.com;;Operasional;Aktif
428;Puskesmas;53180200006;1000072792;WAIMANGURA;"Puskesmas Perawatan (Rawat Inap)";"Ds. Waimangura, Kec. Wewewa Barat";53;"Nusa Tenggara Timur";5318;"Kab. Sumba Barat Daya";531804;"Wewewa Barat";-9.50041;119.22543;;puskwaimangura@gmail.com;;Operasional;Aktif
429;Puskesmas;53180200001;1000072766;WALANDIMU;"Puskesmas Perawatan (Rawat Inap)";"Ds. Walla Ndimu, Kec. Kodi Bangedo";53;"Nusa Tenggara Timur";5318;"Kab. Sumba Barat Daya";531806;"Kodi Bangedo";-9.62626;119.03847;;puskwallandimu92@gmail.com;;Operasional;Aktif
430;Puskesmas;53180200007;1000072869;"WATU KAWULA";"Puskesmas Non Perawatan";"Ds. Watukawula, Kec. Wewewa Barat";53;"Nusa Tenggara Timur";5318;"Kab. Sumba Barat Daya";531804;"Wewewa Barat";-9.43385;119.18103;;puskesmaswatukawula23@gmail.com;;Operasional;Aktif
431;Puskesmas;53180200013;1000072821;WEEKOMBAK;"Puskesmas Non Perawatan";"Ds. Weekombak Kec. Wewewa Barat";53;"Nusa Tenggara Timur";5318;"Kab. Sumba Barat Daya";531804;"Wewewa Barat";-9.50901;119.14052;;puskesmasweekombak@gmail.com;;Operasional;Aktif
432;Puskesmas;53180200016;1000072833;"WERI LOLO";"Puskesmas Non Perawatan";"Trans Wewewa - Kodi , JL. Desa Weri Lolo";53;"Nusa Tenggara Timur";5318;"Kab. Sumba Barat Daya";531805;"Wewewa Selatan";-9.54488;119.14465;81238545624;pkmwerilolosbd@gmail.com;;Operasional;Aktif
433;Puskesmas;53190200018;1000051059;BEAMURING;"Puskesmas Non Perawatan";"Beamuring, Desa Deno";53;"Nusa Tenggara Timur";5319;"Kab. Manggarai Timur";531902;"Poco Ranaka";-8.59683;120.62498;;uptdpuskesmasbeamuring@gmail.com;;Operasional;Aktif
434;Puskesmas;53190200020;1000050976;"BENTENG JAWA";"Puskesmas Perawatan (Rawat Inap)";"Kec. Lamba Leda";53;"Nusa Tenggara Timur";5319;"Kab. Manggarai Timur";531903;"Lamba Leda";-8.3663;120.53878;;puskesmasbentengjawa@gmail.com;;Operasional;Aktif
435;Puskesmas;53190200001;1000051009;BORONG;"Puskesmas Perawatan (Rawat Inap)";"Jl.Soekarno, Kelurahan Rana Loba Kecamatan Borong";53;"Nusa Tenggara Timur";5319;"Kab. Manggarai Timur";531901;Borong;-8.74068;120.5561;;puskesmasborong01@gmail.com;;Operasional;Aktif
436;Puskesmas;53190200019;1000051231;COLOL;"Puskesmas Non Perawatan";"Kec. Lamba Leda Timur";53;"Nusa Tenggara Timur";5319;"Kab. Manggarai Timur";531908;"Poco Ranaka Timur";-8.58774;120.58678;081339416654;pkmcolol@gmail.com;;Operasional;Aktif
437;Puskesmas;53190200021;1000051097;DAMPEK;"Puskesmas Perawatan (Rawat Inap)";"Desa Satar Kec. Lamba Leda Utara";53;"Nusa Tenggara Timur";5319;"Kab. Manggarai Timur";531911;"Lamba Leda Utara";-8.43592;120.56046;081339528205;puskesmasdampek@gmail.com;;Operasional;Aktif
438;Puskesmas;53190200010;1000051085;ELAR;"Puskesmas Perawatan (Rawat Inap)";"RT 001,RW.001 Kel Tiwu Kondo, Kec.Elar";53;"Nusa Tenggara Timur";5319;"Kab. Manggarai Timur";531905;Elar;-8.64598;120.76131;081238916009;puskesmaselar@gmail.com;;Operasional;Aktif
439;Puskesmas;53190200008;1000051102;KETANG;"Puskesmas Non Perawatan";"Kec. Kota Komba";53;"Nusa Tenggara Timur";5319;"Kab. Manggarai Timur";531910;"Kota Komba Utara";-8.61528;120.33009;;bokpuket@gmail.com;;Operasional;Aktif
440;Puskesmas;53190200026;1000051229;KISOL;"Puskesmas Non Perawatan";"Kisol, RT 001/RW 001, Kelurahan Tana Rata, Kec.  Kota Komba";53;"Nusa Tenggara Timur";5319;"Kab. Manggarai Timur";531906;"Kota Komba";-8.81538;120.66827;;puskesmaskisol19@gmail.com;;Operasional;Aktif
441;Puskesmas;53190200004;1000051243;LALANG;"Puskesmas Non Perawatan";"Ds. Lalang, Kec. Borong";53;"Nusa Tenggara Timur";5319;"Kab. Manggarai Timur";531907;"Rana Mese";-8.8012;120.57757;;puskesmaslalang@gmail.com;;Operasional;Aktif
442;Puskesmas;53190200017;1000051047;LAWIR;"Puskesmas Non Perawatan";"Kec. Poco Ranaka";53;"Nusa Tenggara Timur";5319;"Kab. Manggarai Timur";531908;"Poco Ranaka Timur";-8.59589;120.63921;;uptdpkmlawir@gmail.com;;Operasional;Aktif
443;Puskesmas;53190200023;1000051188;LEBI;"Puskesmas Non Perawatan";"Lebi Ds. Balus Permai Kec. Borong";53;"Nusa Tenggara Timur";5319;"Kab. Manggarai Timur";531901;Borong;-8.71053;120.62981;081363409748;puskesmaslebi1@gmail.com;;Operasional;Aktif
444;Puskesmas;53190200012;1000051140;"LEMPANG PAJI";"Puskesmas Non Perawatan";"Ds. Lemang Paji Kec. Elar Selatan";53;"Nusa Tenggara Timur";5319;"Kab. Manggarai Timur";531909;"Elar Selatan";-8.51956;120.7941;;lempangpajipkm21@gmail.com;;Operasional;Aktif
445;Puskesmas;53190200027;1000051073;LENANG;"Puskesmas Non Perawatan";"Lonto Ulu, Desa Golo Wune, Kecamatan Lamba Leda Selatan, Kabupaten Manggarai Timur";53;"Nusa Tenggara Timur";5319;"Kab. Manggarai Timur";531902;"Poco Ranaka";-8.54099;120.5663;082235113691;uptdpuskesmaslenang@gmail.com;;Operasional;Aktif
446;Puskesmas;53190200013;1000051011;"LENGKO AJANG";"Puskesmas Perawatan (Rawat Inap)";"Kec. Sambi Rampas";53;"Nusa Tenggara Timur";5319;"Kab. Manggarai Timur";531912;Congkar;-8.49999;120.67474;;uptdpkmla@gmail.com;;Operasional;Aktif
447;Puskesmas;53190200011;1000051114;MAMBA;"Puskesmas Non Perawatan";"Jalan Barubong-Nekopadu, Dusun Mamba, RT 014/RW 005, Desa Paan Waru, Kecamatan Elar selatan";53;"Nusa Tenggara Timur";5319;"Kab. Manggarai Timur";531909;"Elar Selatan";-8.58284;120.83295;;puskesmasmamba@gmail.com;;Operasional;Aktif
448;Puskesmas;53190200016;1000051035;MANO;"Puskesmas Perawatan (Rawat Inap)";"Mano, Kelurahan Mando Sawu, Kec.  Lamba Leda Selatan";53;"Nusa Tenggara Timur";5319;"Kab. Manggarai Timur";531902;"Poco Ranaka";-8.52631;120.60702;085253085077;uptdpuskesmasmano@gmail.com;;Operasional;Aktif
449;Puskesmas;53190200007;1000051190;MOK;"Puskesmas Non Perawatan";"Watu ker, Mok, Ds. Mbengan, Kec. Kota Komba";53;"Nusa Tenggara Timur";5319;"Kab. Manggarai Timur";531906;"Kota Komba";-8.73804;120.67901;081237439189;bokpkmmok@gmail.com;;Operasional;Aktif
450;Puskesmas;53190200024;1000051217;MOMBOK;"Puskesmas Non Perawatan";"Dsn. Mombok Ds. Lengko Namut Kec. Elar";53;"Nusa Tenggara Timur";5319;"Kab. Manggarai Timur";531905;Elar;-8.4245;120.87286;081237559369;puskmombok@gmail.com;;Operasional;Aktif
451;Puskesmas;53190200005;1000050988;MUKUN;"Puskesmas Perawatan (Rawat Inap)";"RT.004/RW.002 Dusun Ngela, Desa Golo Meni";53;"Nusa Tenggara Timur";5319;"Kab. Manggarai Timur";531906;"Kota Komba";-8.83909;120.66744;;puskesmasmukun22@gmail.com;;Operasional;Aktif
452;Puskesmas;53190200028;1000051061;PEOT;"Puskesmas Non Perawatan";"Peot, RT 006/RW 002, Kelurahan Satar Peot, Kec.  Borong";53;"Nusa Tenggara Timur";5319;"Kab. Manggarai Timur";531901;Borong;-8.77706;120.62205;081236647389;uptdpuskesmaspeot2020@gmail.com;;Operasional;Aktif
453;Puskesmas;53190200014;1000051152;POTA;"Puskesmas Perawatan (Rawat Inap)";"Ds. Pota, Kec. Sambi Rampas";53;"Nusa Tenggara Timur";5319;"Kab. Manggarai Timur";531904;"Sambi Rampas";-8.35457;120.74584;082194120215;puskesmaspota@gmail.com;;Operasional;Aktif
454;Puskesmas;53190200029;1000051205;RUNUS;"Puskesmas Non Perawatan";"Runus, RT 001/RW 001, Desa Langgasai, Kecamatan Elar Selatan, Kabupaten Manggarai Timur";53;"Nusa Tenggara Timur";5319;"Kab. Manggarai Timur";531909;"Elar Selatan";-8.61878;120.82513;8123718003;pkmrunus@gmail.com;;Operasional;Aktif
455;Puskesmas;53190200003;1000051176;SITA;"Puskesmas Non Perawatan";"Sita, Desa Sita, Kec. Rana Mese";53;"Nusa Tenggara Timur";5319;"Kab. Manggarai Timur";531907;"Rana Mese";-8.74055;120.57328;085237096356;pkm.sita18@gmail.com;;Operasional;Aktif
456;Puskesmas;53190200002;1000050990;TILIR;"Puskesmas Perawatan (Rawat Inap)";"Ds. Benteng Riwu, Kec. Borong";53;"Nusa Tenggara Timur";5319;"Kab. Manggarai Timur";531901;Borong;-8.64983;120.64161;082147198365;uptdpkmtilir@gmail.com;;Operasional;Aktif
457;Puskesmas;53190200006;1000051138;"WAE LENGGA";"Puskesmas Perawatan (Rawat Inap)";"Kelurahan Watu Nggene Kec. Kota Komba";53;"Nusa Tenggara Timur";5319;"Kab. Manggarai Timur";531906;"Kota Komba";-8.83842;120.77264;082147078221;uptdpuskesmaswaelengga@gmail.com;;Operasional;Aktif
458;Puskesmas;53190200025;1000051126;"WAE NENDA";"Puskesmas Non Perawatan";"Desa Golo Lembur Kec. Lamba Leda";53;"Nusa Tenggara Timur";5319;"Kab. Manggarai Timur";531903;"Lamba Leda";-8.45293;120.6202;085239388321;Puskesmaswaenendabok@gmail.com;;Operasional;Aktif
459;Puskesmas;53190200015;1000051255;"WATU NGGONG";"Puskesmas Perawatan (Rawat Inap)";"Desa Satar Nawang, Kecamatan Congkar";53;"Nusa Tenggara Timur";5319;"Kab. Manggarai Timur";531912;Congkar;-8.51901;120.6946;081239517935;pkm.watunggong2018@gmail.com;;Operasional;Aktif
460;Puskesmas;53190200022;1000051164;WELENG;"Puskesmas Non Perawatan";"Weleng, Desa Nampar Tabang  Kec. Lamba Leda Utara";53;"Nusa Tenggara Timur";5319;"Kab. Manggarai Timur";531911;"Lamba Leda Utara";-8.36733;120.52784;081238368280;welengpuskesmas@gmail.com;;Operasional;Aktif
461;Puskesmas;53190200009;1000051023;WUKIR;"Puskesmas Perawatan (Rawat Inap)";"Kec. Elar Selatan";53;"Nusa Tenggara Timur";5319;"Kab. Manggarai Timur";531909;"Elar Selatan";-8.58284;120.83295;085963164452;Uptdpkmwukir2023@gmail.com;;Operasional;Aktif
462;Puskesmas;53200200006;1000133546;BOLLOU;"Puskesmas Non Perawatan";"Ds. Keduru, Kec. Sabu Timur";53;"Nusa Tenggara Timur";5320;"Kab. Sabu Raijua";532003;"Sabu Timur";-10.4936;121.96526;;jilian.penumoy@gmail.com;;Operasional;Aktif
463;Puskesmas;53200200002;1000133534;DAIEKO;"Puskesmas Non Perawatan";"Ds. Tana Jawa, Kec. Hawu Mehara";53;"Nusa Tenggara Timur";5320;"Kab. Sabu Raijua";532005;"Hawu Mehara";-10.55771;121.75841;;asamoyh@gmail.com;;Operasional;Aktif
464;Puskesmas;53200200003;1000133560;EILOGO;"Puskesmas Non Perawatan";"Kec. Sabu Liae";53;"Nusa Tenggara Timur";5320;"Kab. Sabu Raijua";532004;"Sabu Liae";-10.58773;121.88336;;eilogopuskesmas28@gmail.com;;Operasional;Aktif
465;Puskesmas;53200200005;1000133558;EIMMADEKE;"Puskesmas Non Perawatan";"Ds. Eimmadeke, Kec. Sabu Tengah";53;"Nusa Tenggara Timur";5320;"Kab. Sabu Raijua";532002;"Sabu Tengah";-10.48826;121.92773;;puskesmaseimadake@gmail.com;;Operasional;Aktif
466;Puskesmas;53200200001;1000133522;LEDEUNU;"Puskesmas Perawatan (Rawat Inap)";"Ds. Ledeunu, Kec. Raijua";53;"Nusa Tenggara Timur";5320;"Kab. Sabu Raijua";532006;Raijua;-10.6077;121.60845;;pkmledeunu7@gmail.com;;Operasional;Aktif
467;Puskesmas;53200200004;1000133510;SEBA;"Puskesmas Perawatan (Rawat Inap)";"Ds. Raeloro, Kec. Sabu Barat";53;"Nusa Tenggara Timur";5320;"Kab. Sabu Raijua";532001;"Sabu Barat";-10.50015;121.8523;;pkmseba@gmail.com;;Operasional;Aktif
468;Puskesmas;53210200017;1000109806;ALAS;"Puskesmas Non Perawatan";"Kec. Kobalima Timur";53;"Nusa Tenggara Timur";5321;"Kab. Malaka";532110;"Kobalima Timur";-9.40314;125.02566;;alaspuskesmas@gmail.com;;Operasional;Aktif
469;Puskesmas;53210200018;1000109868;ALKANI;"Puskesmas Non Perawatan";"Ds. Alkani Kec. Wewiku";53;"Nusa Tenggara Timur";5321;"Kab. Malaka";532103;Wewiku;-6.23857;106.79197;;puskesmasalkani2022@gmail.com;;Operasional;Aktif
470;Puskesmas;53210200019;1000109820;BABULU;"Puskesmas Non Perawatan";"Ds. Babulu Kec. Kobalima";53;"Nusa Tenggara Timur";5321;"Kab. Malaka";532111;Kobalima;-6.23846;106.79416;;pkmbabulu007@gmail.com;;Operasional;Aktif
471;Puskesmas;53210200020;53210200020;BANI-BANI;"Puskesmas Non Perawatan";"Ds. Bani-bani Kec. Iokufeu";53;"Nusa Tenggara Timur";5321;"Kab. Malaka";532106;"Io Kufeu";-9.5345111;124.7712055;;banibanipusk@gmail.com;;Operasional;Aktif
472;Puskesmas;53210200002;1000109882;BESIKAMA;"Puskesmas Non Perawatan";"Ds. Besikama, Kec. Malaka Barat";53;"Nusa Tenggara Timur";5321;"Kab. Malaka";532102;"Malaka Barat";-9.64664;124.91361;;puskesmasbesikama6@gmail.com;;Operasional;Aktif
473;Puskesmas;53210200010;1000109947;BETUN;"Puskesmas Non Perawatan";"Jl. Kateri Ds. Wehali, Kec. Malaka Tengah";53;"Nusa Tenggara Timur";5321;"Kab. Malaka";532101;"Malaka Tengah";-9.56738;124.90131;;pkmbetun@gmail.com;;Operasional;Aktif
474;Puskesmas;53210200004;1000109789;BIUDUKFOHO;"Puskesmas Perawatan (Rawat Inap)";"Kec. Rinhat";53;"Nusa Tenggara Timur";5321;"Kab. Malaka";532105;Rinhat;-9.60869;124.7417;;pkmbifo@gmail.com;;Operasional;Aktif
475;Puskesmas;53210200011;1000109818;FAHILUKA;"Puskesmas Non Perawatan";"Kec. Malaka Tengah";53;"Nusa Tenggara Timur";5321;"Kab. Malaka";532101;"Malaka Tengah";-9.60279;124.95034;;Pkmfahiluka23@gmail.com;;Operasional;Aktif
476;Puskesmas;53210200009;1000109765;KAPUTU;"Puskesmas Perawatan (Rawat Inap)";"Kec. Sasitamean";53;"Nusa Tenggara Timur";5321;"Kab. Malaka";532107;Sasitamean;-9.47089;124.83699;;puskesmaskaputu194@gmail.com;;Operasional;Aktif
477;Puskesmas;53210200016;1000109791;NAMFALUS;"Puskesmas Perawatan (Rawat Inap)";"Kec. Kobalima";53;"Nusa Tenggara Timur";5321;"Kab. Malaka";532111;Kobalima;-9.51987;124.95944;;pkmnamfalus@gmail.com;;Operasional;Aktif
478;Puskesmas;53210200013;1000109832;NUROBO;"Puskesmas Non Perawatan";"Kec. Laenmanen";53;"Nusa Tenggara Timur";5321;"Kab. Malaka";532108;Laenmanen;-9.42718;124.86345;;puskesmasnurobo2001@gmail.com;;Operasional;Aktif
479;Puskesmas;53210200005;1000109870;OEMURAK;"Puskesmas Non Perawatan";"Kec. Rinhat";53;"Nusa Tenggara Timur";5321;"Kab. Malaka";532105;Rinhat;-9.56966;124.73446;;puskesmasoekmurak12@gmail.com;;Operasional;Aktif
480;Puskesmas;53210200012;1000109959;SARINA;"Puskesmas Non Perawatan";"Kec. Botin Leobele";53;"Nusa Tenggara Timur";5321;"Kab. Malaka";532112;"Botin Leobele";-9.49584;124.89045;;pkmsarina@gmail.com;;Operasional;Aktif
481;Puskesmas;53210200015;1000109856;SEON;"Puskesmas Non Perawatan";"Kec. Malaka Timur";53;"Nusa Tenggara Timur";5321;"Kab. Malaka";532109;"Malaka Timur";-9.46011;124.93948;;sehatseon2022@gmail.com;;Operasional;Aktif
482;Puskesmas;53210200006;1000109909;TAFULI;"Puskesmas Non Perawatan";"Kec. Rinhat";53;"Nusa Tenggara Timur";5321;"Kab. Malaka";532105;Rinhat;-9.59568;124.67394;;pusk.tafuli@gmail.com;;Operasional;Aktif
483;Puskesmas;53210200008;1000109894;TUNABESI;"Puskesmas Non Perawatan";"Kec. Io Kufeu";53;"Nusa Tenggara Timur";5321;"Kab. Malaka";532106;"Io Kufeu";-9.48745;124.7836;;pkmtunabesi@gmail.com;;Operasional;Aktif
484;Puskesmas;53210200014;1000109923;UABAU;"Puskesmas Non Perawatan";"Kec. Laenmanen";53;"Nusa Tenggara Timur";5321;"Kab. Malaka";532108;Laenmanen;-9.44298;124.83134;;puskesmasuabau4@gmail.com;;Operasional;Aktif
485;Puskesmas;53210200007;1000109911;WEKMIDAR;"Puskesmas Non Perawatan";"Kec. Rinhat";53;"Nusa Tenggara Timur";5321;"Kab. Malaka";532105;Rinhat;-9.60573;124.80619;;pkmwekmidar22@gmail.com;;Operasional;Aktif
486;Puskesmas;53210200003;1000109844;WELIMAN;"Puskesmas Non Perawatan";"Kec. Weliman";53;"Nusa Tenggara Timur";5321;"Kab. Malaka";532104;Weliman;-9.65947;124.86047;;puskesmasweliman23@gmail.com;;Operasional;Aktif
487;Puskesmas;53210200001;1000109777;WEOE;"Puskesmas Perawatan (Rawat Inap)";"Ds. Weoe, Kec. Wewiku";53;"Nusa Tenggara Timur";5321;"Kab. Malaka";532103;Wewiku;-9.69379;124.84474;;puskesmasweoe1@gmail.com;;Operasional;Aktif
488;Puskesmas;53710200001;1000055225;ALAK;"Puskesmas Perawatan (Rawat Inap)";"Jl. Sangkur Mas No.1, Kec. Alak";53;"Nusa Tenggara Timur";5371;"Kota Kupang";537101;Alak;-10.1719;123.56726;;puskesmasalak21@gmail.com;;Operasional;Aktif
489;Puskesmas;53710200006;1000055249;BAKUNASE;"Puskesmas Perawatan (Rawat Inap)";"Jl. Kelinci No.4 Bakumase, Kec. Oebobo";53;"Nusa Tenggara Timur";5371;"Kota Kupang";537104;Oebobo;-10.18991;123.58627;;puskesmasbakunas3@gmail.com;;Operasional;Aktif
490;Puskesmas;53710200010;1000055316;"KUPANG KOTA";"Puskesmas Non Perawatan";"Jl. Soekarno Bonipoi Klipang, Kec. Kelapa Lima";53;"Nusa Tenggara Timur";5371;"Kota Kupang";537103;"Kelapa Lima";-10.16337;123.5811;;puskesmaskupangkotantt@gmail.com;;Operasional;Aktif
491;Puskesmas;53710200003;1000055275;MANUTAPEN;"Puskesmas Non Perawatan";"Kel, Manutapen, Kec. Alak";53;"Nusa Tenggara Timur";5371;"Kota Kupang";537101;Alak;-10.17565;123.57966;;puskesmasmanutapen96@gmail.com;;Operasional;Aktif
492;Puskesmas;53710200002;1000055263;NAIONI;"Puskesmas Non Perawatan";"Kel. Naioni, Kec. Alak";53;"Nusa Tenggara Timur";5371;"Kota Kupang";537101;Alak;-10.24835;123.60224;;puskesmasnaioni96@gmail.com;;Operasional;Aktif
493;Puskesmas;53710200007;1000055299;OEBOBO;"Puskesmas Non Perawatan";"Jalan Palapa, Oebobo";53;"Nusa Tenggara Timur";5371;"Kota Kupang";537104;Oebobo;-10.1711;123.59923;;puskesmasoebobokupang@gmail.com;;Operasional;Aktif
494;Puskesmas;53710200008;1000055304;OEPOI;"Puskesmas Non Perawatan";"Jl. Thamrin No.5 Oepoi, Kec. Oebobo";53;"Nusa Tenggara Timur";5371;"Kota Kupang";537104;Oebobo;-10.17277;123.61636;;puskesmasoepoikupang@gmail.com;;Operasional;Aktif
495;Puskesmas;53710200011;1000055287;OESAPA;"Puskesmas Non Perawatan";"Jl. Suratim RT 015 RW 006 Kelurahan Oesapa";53;"Nusa Tenggara Timur";5371;"Kota Kupang";537103;"Kelapa Lima";-10.14783;123.66082;;puskesmas.oesapa@kupangkota.go.id;;Operasional;Aktif
496;Puskesmas;53710200009;1000055213;"PASIR PANJANG";"Puskesmas Perawatan (Rawat Inap)";"Jl. Maumere RT 23/ RW 07 Kel. Nefonaek Kec. Kota Lama";53;"Nusa Tenggara Timur";5371;"Kota Kupang";537103;"Kelapa Lima";-10.15524;123.60489;;puskpasirpanjang@gmail.com;;Operasional;Aktif
497;Puskesmas;53710200005;1000055251;PENFUI;"Puskesmas Non Perawatan";"Jl. Taebenu, Kelurahan Penfui";53;"Nusa Tenggara Timur";5371;"Kota Kupang";537102;Maulafa;-10.18868;123.67153;;puskesmaspenfui96@gmail.com;;Operasional;Aktif
498;Puskesmas;53710200012;1000670257;"PENKASE OELETA";"Puskesmas Non Perawatan";"Jl. Raya Penkase, Kelurahan Penkase Oeleta";53;"Nusa Tenggara Timur";5371;"Kota Kupang";537101;Alak;-10.19128;123.55762;;puskpko@gmail.com;;Operasional;Aktif
499;Puskesmas;53710200004;1000055237;SIKUMANA;"Puskesmas Perawatan (Rawat Inap)";"Jl. Oebanik I, Kec. Maulafa";53;"Nusa Tenggara Timur";5371;"Kota Kupang";537102;Maulafa;-10.20055;123.6047;;puskesmassikumana96@gmail.com;;Operasional;Aktif
