No;"Jenis Faskes";"Kode Sarana / Faskes";"Kode SatuSehat Kemenkes";"Nama Fasilitas Kesehatan";"Kategori / Subjenis";"Alamat Lengkap";"Kode Provinsi";"Nama Provinsi";"Kode Kab/Kota";"Nama Kab/Kota";"Kode Kecamatan";"Nama Kecamatan";Latitude;Longitude;"No Telepon";Email;Website;"Status Operasional";"Status Aktif"
1;"Rumah Sakit";5303045;1000262529;"RS Umum Daerah Naibonat";"Rumah Sakit Umum";"Jl. Timor Raya KM.37 Oelamasi, Kupang";53;"Nusa Tenggara Timur";5301;"Kab. Kupang";530106;"Kupang Timur";-10.184;123.595;81337574455;rsnaibonat@yahoo.com;www.rsnaibonat.wordpress.com;Operasional;Aktif
2;"Rumah Sakit";5303056;1000669210;"RS Umum Pusat dr. Ben Mboi";"Rumah Sakit Umum";"Jl. Viquam RT.15/RW.5 Kel. Manulai II Kec. Alak, Kota Kupang Provinsi Nusa Tenggara Timur 85238 Indonesia";53;"Nusa Tenggara Timur";5301;"Kab. Kupang";;;-10.22185;123.57966;082147038684;rsupkupang@gmail.com;rsupbenmboi.com;Operasional;Aktif
3;"Rumah Sakit";5304026;5304026;"RS Pratama Kualin";"Rumah Sakit Umum";"Jl. Poros Panite, Desa Tuafanu, Kecamatan Kualin, Kab.TTS, Prov. NTT";53;"Nusa Tenggara Timur";5302;"Kab. Timor Tengah Selatan";;;-10.1436169;124.377882;;082174964986@domain.com;;Non-Operasional;Aktif
4;"Rumah Sakit";5304015;1000282232;"RS Umum Muder Ignacia";"Rumah Sakit Umum";"Jalan Kakatua No. 38 Kelurahan Nunumeu Kecamatan Kota Soe";53;"Nusa Tenggara Timur";5302;"Kab. Timor Tengah Selatan";530201;"Kota Soe";-2.41856;108.49191;082147043847;"rsu_muderignacia@yahoo. com";rsumuderignacia.co.id;Operasional;Aktif
5;"Rumah Sakit";5304014;1000262658;"RS Umum Soe";"Rumah Sakit Umum";"Jl. Boegenville No.7 Soe - Timor Tengah Selatan";53;"Nusa Tenggara Timur";5302;"Kab. Timor Tengah Selatan";530201;"Kota Soe";-9.6964;124.481;0388-21005;rsud_soe@yahoo.co.id;;Operasional;Aktif
6;"Rumah Sakit";5305024;5305024;"RS Umum Bunda Pembantu Abadi Naob";"Rumah Sakit Umum";"Desa Naob Kecamatan Noemuti Timur";53;"Nusa Tenggara Timur";5303;"Kab. Timor Tengah Utara";;;-9.6059222;124.5994768;081314539947;alexiamariaprr@yahoo.com;;Operasional;Aktif
7;"Rumah Sakit";5305015;1000261549;"RS Umum Daerah Kefamenanu";"Rumah Sakit Umum";"Jl. Letjen Suprapto Kefamenanu";53;"Nusa Tenggara Timur";5303;"Kab. Timor Tengah Utara";530305;"Kota Kefamenanu";-9.4379;124.471;(0388)31149;kefarsud.blud@gmail.com;http://www.rsudkefamenanu.com;Operasional;Aktif
8;"Rumah Sakit";5305025;1000271099;"RS Umum Leona";"Rumah Sakit Umum";"Jl. Eltari Kelurahan MAUBELI, Kecamatan: Kota Kefamenanu";53;"Nusa Tenggara Timur";5303;"Kab. Timor Tengah Utara";530305;"Kota Kefamenanu";-2.41856;108.49191;3882430113;rsuleonakefa@gmail.com;"tidak ada";Operasional;Aktif
9;"Rumah Sakit";5306020;1000284204;"RS Katholik Marianum Halilulik";"Rumah Sakit Umum";"Jl. Raya Halilulik - Betun, Dusun Halibaurenes";53;"Nusa Tenggara Timur";5304;"Kab. Belu";530404;"Tasifeto Barat";-9.27542;124.87702;081353703253;halilulikmarianum20@gmail.com;;Operasional;Aktif
10;"Rumah Sakit";5306031;1000284448;"RS Sito Husada";"Rumah Sakit Umum";"Jl. KH.Dewantara No.15,Atambua Belu";53;"Nusa Tenggara Timur";5304;"Kab. Belu";530421;"Atambua Barat";-10.1772;123.60703;081366373077;sitohusadars@gmail.com;xxx;Operasional;Aktif
11;"Rumah Sakit";5306055;5306055;"RS Sumber Kasih Sejati";"Rumah Sakit Umum";"Jl. Meo Baru Kel. Tenukiik Atambua Kota";53;"Nusa Tenggara Timur";5304;"Kab. Belu";;;-9.1064894;124.8987786;081326420150;rsu.sumberkasihsejati@gmail.com;;Non-Operasional;Aktif
12;"Rumah Sakit";5306053;1000264175;"RS Tk. IV 09.07.04 Atambua";"Rumah Sakit Umum";"Jl. Piere Tendean, Gerbades, Kota Atambua";53;"Nusa Tenggara Timur";5304;"Kab. Belu";530421;"Atambua Barat";-2.41856;108.49191;03892513659;rstatambua090802@gmail.com;http://rstatambua.wordpress.com;Operasional;Aktif
13;"Rumah Sakit";5306016;1000259649;"RS Umum Daerah MGR Gabriel Manek";"Rumah Sakit Umum";"Jl. Dr Sutomo No. 2 Atambua";53;"Nusa Tenggara Timur";5304;"Kab. Belu";530412;"Kota Atambua";-9.09865;124.89716;(0389)2513137;rsudatambua66@gmail.com;rsgmbelu.simkeskhanza.com;Operasional;Aktif
14;"Rumah Sakit";5307010;1000258645;"RS Daerah Kalabahi";"Rumah Sakit Umum";"Jl. Dr Soetomo No 08 Kelurahan Kalabahi Kota Kec. Teluk Mutiara  Kab. Alor";53;"Nusa Tenggara Timur";5305;"Kab. Alor";530501;"Teluk Mutiara";-8.25;124.75;038621008;rsudkalabahi@ymail.com;;Operasional;Aktif
15;"Rumah Sakit";5307021;1000256374;"RS Umum Kelas D Pratama Mola";"Rumah Sakit Umum";"Jl. Masang, RT. 08 RW. 04 Kel. Welai Timur, Kec. Teluk Mutiara";53;"Nusa Tenggara Timur";5305;"Kab. Alor";;;-10.1772;123.60703;085337214787;rs.kelasdmola@gmail.com;;Operasional;Aktif
16;"Rumah Sakit";5309045;5309045;"RS Pratama Adonara";"Rumah Sakit Umum";"Desa Saosina - kecamatan Adonara Timur -Kab. Flores Timur-NTT";53;"Nusa Tenggara Timur";5306;"Kab. Flores Timur";;;-8.371901099999999;123.1688741;;081237201530@domain.com;;Non-Operasional;Aktif
17;"Rumah Sakit";5309012;1000260193;"RS Umum Daerah dr. Hendrikus Fernandez Larantuka";"Rumah Sakit Umum";"Jl. Jend. Sudirman No. 33 Kelurahan Sarotari Tengah, Kecamatan Larantuka, Kabupaten Flores Timur, Provinsi Nusa Tenggara Timur";53;"Nusa Tenggara Timur";5306;"Kab. Flores Timur";530603;Larantuka;-8.31656;123.01513;(0383)21836;perencanaan.rsudlarantuka@gmail.com;https://rsudhfzl.florestimurkab.go.id;Operasional;Aktif
18;"Rumah Sakit";5310023;1000285466;"RS St Elizabeth Lela";"Rumah Sakit Umum";"Lela Maumere,Kab.Sikka";53;"Nusa Tenggara Timur";5307;"Kab. Sikka";;;-8.6573;121.079;081325636969;rslela@yahoo.com;;Operasional;Aktif
19;"Rumah Sakit";5310012;1000259118;"RS Umum Dr TC Hillers Maumere";"Rumah Sakit Umum";"Jl. Wairklau, Kel. Kota Uneng, Kec. Alok, Kabupaten Sikka, Nusa Tenggara Timur";53;"Nusa Tenggara Timur";5307;"Kab. Sikka";530705;Alok;-8.6208;122.208;081261153944;info@rsudtchillers.id;www.rsudtchillers.id;Operasional;Aktif
20;"Rumah Sakit";5310034;1000283391;"RS Umum St. Gabriel Kewapante Sikka";"Rumah Sakit Umum";"Kewapante Kabupaten Sikka";53;"Nusa Tenggara Timur";5307;"Kab. Sikka";530710;Kewapante;-8.7402;122.189;0382-2425116;rs.stgabriel@yahoo.id;www.stgabriel-hospital.com;Operasional;Aktif
21;"Rumah Sakit";5311025;5311025;"RS Kelas D Pratama Tanali";"Rumah Sakit Umum";"Jl. Detusoko Maurole Desa Tanali, Kec. Wewaria";53;"Nusa Tenggara Timur";5308;"Kab. Ende";530807;Wewaria;-8.630260999999997;121.706079;;rspratamaende@gmail.com;;Operasional;Aktif
22;"Rumah Sakit";5311024;1000285519;"RS St Antonius Jopu";"Rumah Sakit Umum";"JLN. WOLOWARU-NGGELA RT 018/RW 009, DESA JOPU, KEC. WOLOWARU";53;"Nusa Tenggara Timur";5308;"Kab. Ende";530808;Wolowaru;-8.854;121.654;081346249103;jopurssantoantonius@gmail.com;rssantoantoniusjopu.com;Operasional;Aktif
23;"Rumah Sakit";5311013;1000259039;"RS Umum Daerah Ende";"Rumah Sakit Umum";"Jl. Prof Dr. WZ.Johanes Ende";53;"Nusa Tenggara Timur";5308;"Kab. Ende";530819;"Ende Tengah";-8.854;121.654;"0812 3941 4545";rsud.ende@gmail.com;www.rsudende.co.id;Operasional;Aktif
24;"Rumah Sakit";5312014;1000257536;"RS Umum Bajawa";"Rumah Sakit Umum";"Jl. Diponegoro No. 5, Bajawa";53;"Nusa Tenggara Timur";5309;"Kab. Ngada";530906;Bajawa;-8.7923;120.961;(0384)21030;rsudbajawa01@gmail.com;www.rsudbajawa.com;Operasional;Aktif
25;"Rumah Sakit";5313026;1000285686;"RS  ST Rafael Cancar";"Rumah Sakit Umum";"Jl.Ruteng-Labuan Bajo, Kel. Wae Belang";53;"Nusa Tenggara Timur";5310;"Kab. Manggarai";531003;Ruteng;-8.6573;121.079;081235192992;rsst.rafael@gmail.com;;Operasional;Aktif
26;"Rumah Sakit";5313037;5313037;"RS Pratama Reo";"Rumah Sakit Umum";"Jl. Pelabuhan Reo Wangkung. Kec. Reok";53;"Nusa Tenggara Timur";5310;"Kab. Manggarai";;;-8.2960992;120.4617928;082247530559;rumahsakitpratamareo@gmail.com;;Operasional;Non-Aktif
27;"Rumah Sakit";5313015;1000258360;"RS Umum Daerah Ruteng";"Rumah Sakit Umum";"Jl. Dr. Soetomo No. 1 Ruteng, Kab. Manggarai";53;"Nusa Tenggara Timur";5310;"Kab. Manggarai";531012;"Langke Rembong";-8.62617;120.48765;2138922317;rs_sim@yahoo.co.id;https://rsudruteng.manggaraikab.go.id/;Operasional;Aktif
28;"Rumah Sakit";5302012;1000285234;"RS Kristen Lindimara";"Rumah Sakit Umum";"Jl. Prof.DR WZ. Johannes No.6,Waingapu";53;"Nusa Tenggara Timur";5311;"Kab. Sumba Timur";531116;Kambera;-9.6628;120.267;0387-61064;rsk.lindimara@yahoo.com;www.lindimara.org;Operasional;Aktif
29;"Rumah Sakit";5302023;1000259182;"RS Umum Daerah Waingapu";"Rumah Sakit Umum";"Jl. Adam Malik No.54 Kel. Kambajawa - Kecamatan Kota Waingapu";53;"Nusa Tenggara Timur";5311;"Kab. Sumba Timur";531101;"Kota Waingapu";-9.6628;120.267;(0387)61302;rarameha@gmail.com;www.rsudurm.sumbatimurkab.go.id;Operasional;Aktif
30;"Rumah Sakit";5302034;1000284890;"RS Umum Imanuel Sumba";"Rumah Sakit Umum";"Jl. Nangka No.4,Waingapu-Sumba Timur";53;"Nusa Tenggara Timur";5311;"Kab. Sumba Timur";531101;"Kota Waingapu";-9.65279;120.26227;(0387)62980;rsuimanuel@yahoo.com;rsuimanuel.wixsite.com/rsu-imanuel-sumba;Operasional;Aktif
31;"Rumah Sakit";5301011;1000282799;"RS Kristen Lende Moripa";"Rumah Sakit Umum";"Jl. El Tari No.2 Waikabubak";53;"Nusa Tenggara Timur";5312;"Kab. Sumba Barat";531212;Lamboya;-9.6324;119.41405;0387-21085;lendemoripa@gmail.com;https://rs-lendemoripa.com/;Operasional;Aktif
32;"Rumah Sakit";5301035;1000256714;"RS Umum Hobakalla";"Rumah Sakit Umum";"Desa Patiala Bawa Kec. Lamboya";53;"Nusa Tenggara Timur";5312;"Kab. Sumba Barat";;;-9.74261;119.32763;082145650900;pratamahobakalla17@gmail.com;;Operasional;Aktif
33;"Rumah Sakit";5301033;1000261329;"RS Umum Waikabubak";"Rumah Sakit Umum";"Jl. Adhyaksa, Km.3, Kel. Diratana, Kec. Loli, Waikabubak";53;"Nusa Tenggara Timur";5312;"Kab. Sumba Barat";531212;Lamboya;-9.6355;119.40986;"(0387) 21701";rsudwkb@gmail.com;http://rsudwaikabubak.id;Operasional;Aktif
34;"Rumah Sakit";5308023;1000285416;"RS  Bukit Lewoleba";"Rumah Sakit Umum";"Jl. Trans Atadei Kel. Lewoleba Barat";53;"Nusa Tenggara Timur";5313;"Kab. Lembata";531301;"Naga Wutung";-8.6573;121.079;081342906091;rsbukitlewoleba@yahoo.com;;Operasional;Aktif
35;"Rumah Sakit";5309034;1000285727;"RS Damian Lembata";"Rumah Sakit Umum";"jalan Trans Nagawutung";53;"Nusa Tenggara Timur";5313;"Kab. Lembata";531305;Nubatukan;-8.37574;123.4047;0821-4459-5115;rsdamianlwe.59@gmail.com;;Operasional;Aktif
36;"Rumah Sakit";5308045;1000257691;"RS Umum Daerah Lewoleba";"Rumah Sakit Umum";"Jl.Trans Lembata No.1 Lewoleba Lembata";53;"Nusa Tenggara Timur";5313;"Kab. Lembata";;;-8.3736;123.4;"0383 2343442";rsudl.lewoleba@yahoo.co.id;;Operasional;Aktif
37;"Rumah Sakit";5303024;1000258762;"RS Umum Daerah Rote Ndao Ba'a";"Rumah Sakit Umum";"Jl. Prof. Adrianus Mooy, Kel. Mokdale, Kec. Lobalain, Kab. Rote Ndao";53;"Nusa Tenggara Timur";5314;"Kab. Rote Ndao";531403;Lobalain;-10.74785;123.04535;"(0380) 8572043";rsud.baa@gmail.com;www.rotendaokab.go.id;Operasional;Aktif
38;"Rumah Sakit";5315002;5315002;"RS Siloam Labuan Bajo";"Rumah Sakit Umum";"Jl. Gabriel GampurKecamatan Komodo - Labuan BajoKab. Manggarai Barat";53;"Nusa Tenggara Timur";5315;"Kab. Manggarai Barat";531505;Komodo;-8.4962711;119.8842898;0385-2381900;info.shlb@siloamhospitals.com;www.siloamhospitals.com;Operasional;Aktif
39;"Rumah Sakit";5315003;5315003;"RS Umum Daerah Komodo";"Rumah Sakit Umum";"Jalan Raya Labuan Bajo-Ruteng, Desa Golo Bilas, Kecamatan Komodo, Kabupaten Manggarai Barat, NTT";53;"Nusa Tenggara Timur";5315;"Kab. Manggarai Barat";531505;Komodo;-8.5412596;119.8962618;81337055250;rsudkomodo@yahoo.com;https://rsudkomodo.manggaraibaratkab.go.;Operasional;Aktif
40;"Rumah Sakit";5315004;1000285363;"RS Umum Santo Yoseph Labuan bajo";"Rumah Sakit Umum";"Jl. Eduardus Sangsung Kel. Wae Kelambu Kec. Komodo";53;"Nusa Tenggara Timur";5315;"Kab. Manggarai Barat";531505;Komodo;-8.63361;119.8472;;rsu.styoseph@gmail.com;RSU.STYOSEPH;Operasional;Aktif
41;"Rumah Sakit";5318013;5318013;"RS Pratama Raja";"Rumah Sakit Umum";"Desa Raja Kec. Boawae Kab. Nakegeo";53;"Nusa Tenggara Timur";5316;"Kab. Nagekeo";;;-8.748371999999998;121.2709355;;081337762086@domain.com;;Non-Operasional;Aktif
42;"Rumah Sakit";5318002;1000260727;"RS Umum Daerah Aeramo Kabupaten Nagekeo";"Rumah Sakit Umum";"Desa Aeramo, Kecamatan Aesesa Kabupaten Nagekeo";53;"Nusa Tenggara Timur";5316;"Kab. Nagekeo";531601;Aesesa;-10.16791;123.62383;081337762086;rsdaeramo2017@gmail.com;https://rsudaeramo.nagekeokab.go.id/;Operasional;Aktif
43;"Rumah Sakit";5316003;1000259405;"RS Umum Daerah Waibakul";"Rumah Sakit Umum";"Jl. Lintas Waihibur Desa Umbu Mamijuk Kecamatan Umbu Ratu Nggay Barat Kabupaten Sumba Tengah";53;"Nusa Tenggara Timur";5317;"Kab. Sumba Tengah";531702;"Umbu Ratu Nggay Barat";-9.6077;119.62034;082213347853;rsud.waibakul@gmail.com;www.rsudwaibakul.sumbatengahkab.go.id/;Operasional;Aktif
44;"Rumah Sakit";5301022;1000282921;"RS Karitas Weetabula";"Rumah Sakit Umum";"Jl. Bulgur No 1 - Weetebula";53;"Nusa Tenggara Timur";5318;"Kab. Sumba Barat Daya";531809;"Kota Tambolaka";-9.44298;119.23128;081237279066;rskaritaswtb.sbd@gmail.com;rskaritaswtb.simkeskhanza.com/epasien;Operasional;Aktif
45;"Rumah Sakit";5317002;1000257055;"RS Umum Daerah Reda Bolo";"Rumah Sakit Umum";"Jl. Welonda, Desa Watu Kawula, Kec. Kota Tambolaka, Kab. Sumba Barat Daya";53;"Nusa Tenggara Timur";5318;"Kab. Sumba Barat Daya";531809;"Kota Tambolaka";-2.41856;108.49191;081221828019;rsudredabolo@gmail.com;;Operasional;Aktif
46;"Rumah Sakit";5319013;5319013;"RS Pratama Watunggong";"Rumah Sakit Umum";"Desa Satar Nawang Kec. Congkar Kab. Manggarai Timur";53;"Nusa Tenggara Timur";5319;"Kab. Manggarai Timur";;;-8.543916699999999;120.6746136;;081353049783@domain.com;;Non-Operasional;Aktif
47;"Rumah Sakit";5319002;1000257914;"RS Umum Daerah Borong";"Rumah Sakit Umum";"Lehong, Desa Gurung Liwut, Kecamatan Borong";53;"Nusa Tenggara Timur";5319;"Kab. Manggarai Timur";;;-8.7512;120.60756;;rsudborong@gmail.com;;Operasional;Aktif
48;"Rumah Sakit";5320013;5320013;"RS Pratama Raijua";"Rumah Sakit Umum";"Kelurahan Ledeunu Kecamatan Raijua, Kabupaten Sabu Raijua";53;"Nusa Tenggara Timur";5320;"Kab. Sabu Raijua";;;-10.6120855;121.6275134;;081237326871@domain.com;;Non-Operasional;Aktif
49;"Rumah Sakit";5320002;1000261472;"RS Umum Daerah Sabu Raijua";"Rumah Sakit Umum";"Jl. El-Tari Seba, Menia";53;"Nusa Tenggara Timur";5320;"Kab. Sabu Raijua";;;-10.48466;121.89523;0380861116;rsudsr@gmail.com;;Operasional;Aktif
50;"Rumah Sakit";5306042;1000262335;"RS Umum Penyangga Perbatasan Betun";"Rumah Sakit Umum";"Jl. Sukabihanawa No. 02 Desa Kamanasa Kec.Malaka Tengah";53;"Nusa Tenggara Timur";5321;"Kab. Malaka";532101;"Malaka Tengah";-9.101;124.891;81321596129;rsppbetun@gmail.com;www.rsuppbetun.com;Operasional;Aktif
51;"Rumah Sakit";5303033;1000255760;"RS Bhayangkara";"Rumah Sakit Umum";"Jl. Nangka No. 84 Kupang";53;"Nusa Tenggara Timur";5371;"Kota Kupang";537104;Oebobo;-10.16395;123.59202;"0380 821273";rsb.kupang@gmail.com;www.rsbkupang.com;Operasional;Aktif
52;"Rumah Sakit";5371047;1000283535;"RS Ibu dan Anak Dedari";"Rumah Sakit Khusus";"Jl. Rantai Damai No. 69 D, Kel. Tuak Daun Merah.";53;"Nusa Tenggara Timur";5371;"Kota Kupang";537104;Oebobo;-10.16545;123.62762;0380-830041;rsia_dedari@yahoo.com;www.rsiadedarikupang.com;Operasional;Aktif
53;"Rumah Sakit";5371059;1000265052;"RS Jiwa Naimata";"Rumah Sakit Khusus";"Jl. Taebenu RT. 007 RW. 003 Kel. Naimata Kec. Maulafa";53;"Nusa Tenggara Timur";5371;"Kota Kupang";537102;Maulafa;-10.17934;123.6388;"0380 825212";rumahsakitjiwanaimata@gmail.com;https://rsjnaimata.com/;Operasional;Aktif
54;"Rumah Sakit";5371054;1000266903;"RS Mamami";"Rumah Sakit Umum";"Jl. R. W. Monginsidi I No 3, Kota Kupang Kel. Pasir Panjang, Kec. Kota Lama";53;"Nusa Tenggara Timur";5371;"Kota Kupang";537106;"Kota Lama";-10.1536;123.60911;08113811014;rumahsakitmamami@yahoo.com;www.rsumamami.com;Operasional;Aktif
55;"Rumah Sakit";5303028;1000275928;"RS Siloam Kupang";"Rumah Sakit Umum";"Jl. R. W. Monginsidi Kelurahan Fatululi Kecamatan Oebobo";53;"Nusa Tenggara Timur";5371;"Kota Kupang";537104;Oebobo;-10.15626;123.61044;"0380 8530900";putri.manafe@siloamhospitals.com;www.siloamhospitals.com;Operasional;Aktif
56;"Rumah Sakit";5371052;1000285404;"RS St. Carolus Borromeus";"Rumah Sakit Umum";"Jl. H.R. Koroh, km. 08, Kel. Bello, Kec. Maulafa, Kota Kupang, NTT";53;"Nusa Tenggara Timur";5371;"Kota Kupang";;;-10.21511;123.61804;"0380 8438508";rscbkupang@gmail.com;www.rscbkupang.co.id;Operasional;Aktif
57;"Rumah Sakit";5303022;1000264280;"RS Tk. III Wirasakti Kupang";"Rumah Sakit Umum";"Jl. Dr.DR.Moch Hatta No.9-11 ,Kupang";53;"Nusa Tenggara Timur";5371;"Kota Kupang";537105;"Kota Raja";-10.184;123.595;"(0380) 8824735";rstwirasakti@gmail.com;www.rstwirasakti.com;Operasional;Aktif
58;"Rumah Sakit";5371046;1000264656;"RS TNI AL Lantamal VII Kupang";"Rumah Sakit Umum";"Jl. Yos Sudarso No. 5 Osmok, Kel Namosain Kec.Alak, Kupang";53;"Nusa Tenggara Timur";5371;"Kota Kupang";537101;Alak;-10.17595;123.55541;0380-890670;rsalkupang7@gmail.com;"info.tni.mil.id/lantamal 7";Operasional;Aktif
59;"Rumah Sakit";5371055;1000264864;"RS TNI AU EL TARI";"Rumah Sakit Umum";"Penfui, Kota Kupang";53;"Nusa Tenggara Timur";5371;"Kota Kupang";537102;Maulafa;-2.41856;108.49191;0380-8003477;rumkiteli@gmail.com;;Non-Operasional;Aktif
60;"Rumah Sakit";5303013;1000263391;"RS Umum Daerah S. K. Lerik";"Rumah Sakit Umum";"Jl. Timor Raya  No. 134 Kelurahan Pasir Panjang Kecamatan Kota Lama Kota Kupang Nusa Tenggara Timur (85227)";53;"Nusa Tenggara Timur";5371;"Kota Kupang";537103;"Kelapa Lima";-10.15027;123.60824;"0380 824157";rsudsklerik.pemkotkupang@gmail.com;https://www.rsudsklerik.com;Operasional;Aktif
61;"Rumah Sakit";5371057;1000270966;"RS Umum Kartini Kupang";"Rumah Sakit Umum";"Jl. Frans Seda No. 17 RT.34 RW.09 Kelurhan Tuak Daun Merah, Kecamatan Oebobo, Kota kUpang-NTT";53;"Nusa Tenggara Timur";5371;"Kota Kupang";;;-10.15775;123624295.18;"0380 - 831270";rskartinikupang@gmail.com;www.rskartinikupang.com;Operasional;Aktif
62;"Rumah Sakit";5371058;1000282971;"RS Umum Leona Kupang";"Rumah Sakit Umum";"Jl. Soeverdi No. 20 Oebufu";53;"Nusa Tenggara Timur";5371;"Kota Kupang";537101;Alak;-10.1772;123.60703;08113818622;rsuleona@gmail.com;"Tidak ada";Operasional;Aktif
63;"Rumah Sakit";5371011;1000265301;"RS Umum Prof. Dr. WZ Johanes";"Rumah Sakit Umum";"Jl. Dr Moch Hatta No. 19 Kupang";53;"Nusa Tenggara Timur";5371;"Kota Kupang";537104;Oebobo;-10.16831;123.58507;0380833614;rsudjohannes@gmail.com;www.rsudwzjohanes.nttprov.go.id;Operasional;Aktif
64;"Rumah Sakit";5371060;1000280569;"RS Umum Universitas Nusa Cendana";"Rumah Sakit Umum";"Jl. Jenderal Soeharto No. 72 Naikoten 1";53;"Nusa Tenggara Timur";5371;"Kota Kupang";537105;"Kota Raja";-10.1825;123.60129;082236649914;info.rsu@undana.ac.id;https://rsu.undana.ac.id/;Operasional;Aktif
65;Puskesmas;53010200002;1000133687;AKLE;"Puskesmas Non Perawatan";"Ds. Akle, Kec. Semau Selatan";53;"Nusa Tenggara Timur";5301;"Kab. Kupang";530123;"Semau Selatan";-10.31036;123.38335;;lindanuban24@gmail.com;;Operasional;Aktif
66;Puskesmas;53010200003;1000133807;BATAKTE;"Puskesmas Non Perawatan";"Ds. Batakte, Kec. Kupang Barat";53;"Nusa Tenggara Timur";5301;"Kab. Kupang";530105;"Kupang Barat";-10.25378;123.55422;;fktpbatakte@yahoo.com;;Operasional;Aktif
67;Puskesmas;53010200006;1000133792;BAUMATA;"Puskesmas Non Perawatan";"Ds. Baumata, Kec. Taebenu";53;"Nusa Tenggara Timur";5301;"Kab. Kupang";530124;Taebenu;-10.20243;123.67909;;puskesmasbaumata@yahoo.com;;Operasional;Aktif
68;Puskesmas;53010200008;1000133728;BAUN;"Puskesmas Non Perawatan";"Ds. Teunbaun, Kec. Amarasi Barat";53;"Nusa Tenggara Timur";5301;"Kab. Kupang";530117;"Amarasi Barat";-10.30083;123.72784;;ridhoprayogie@gmail.com;;Operasional;Aktif
69;Puskesmas;53010200016;1000133663;CAMPLONG;"Puskesmas Non Perawatan";"Camplong I, Kec. Fatuleu";53;"Nusa Tenggara Timur";5301;"Kab. Kupang";530110;Fatuleu;-10.04826;123.88579;;wiwinrau@gmail.com;;Operasional;Aktif
70;Puskesmas;53010200014;1000133754;FATUKANUTU;"Puskesmas Non Perawatan";"Ds. Fatuknutu, Kec. Amabi Oefeto";53;"Nusa Tenggara Timur";5301;"Kab. Kupang";530125;"Amabi Oefeto";-10.17556;123.9097;;ilhamrakatesa85@gmail.com;;Operasional;Aktif
71;Puskesmas;53010200023;1000133675;FATUMONAS;"Puskesmas Non Perawatan";"Ds. Fatumonas, Kec. Amfoang Tengah";53;"Nusa Tenggara Timur";5301;"Kab. Kupang";530130;"Amfoang Tengah";-9.69353;123.97314;;kulishanty@gmail.com;;Operasional;Aktif
72;Puskesmas;53010200020;1000133766;HUEBUNIF;"Puskesmas Non Perawatan";"Ds. Tanini, Kec. Takari";53;"Nusa Tenggara Timur";5301;"Kab. Kupang";530111;Takari;-9.79403;123.93657;;;;Operasional;Aktif
73;Puskesmas;53010200021;1000133649;LELOGAMA;"Puskesmas Perawatan (Rawat Inap)";"Ds. Lelogama, Kec. Amfoang Selatan";53;"Nusa Tenggara Timur";5301;"Kab. Kupang";530112;"Amfoang Selatan";-9.70258;123.95612;;lelogamapuskesmas@gmail.com;;Operasional;Aktif
74;Puskesmas;53010200022;1000133821;MANUBELON;"Puskesmas Non Perawatan";"Ds. Manubelon, Kec. Amfoang Barat Daya";53;"Nusa Tenggara Timur";5301;"Kab. Kupang";530121;"Amfoang Barat Daya";-9.68821;123.71707;;judithhambleton87@gmail.com;;Operasional;Aktif
75;Puskesmas;53010200012;1000133716;NAIBONAT;"Puskesmas Non Perawatan";"Ds. Naibonat, Kec. Kupang Timur";53;"Nusa Tenggara Timur";5301;"Kab. Kupang";530106;"Kupang Timur";-10.09004;123.81741;;antoniuskapa@gmail.com;;Operasional;Aktif
76;Puskesmas;53010200024;1000133584;NAIKLIU;"Puskesmas Perawatan (Rawat Inap)";"Ds. Naikliu, Kec. Amfoang Utara";53;"Nusa Tenggara Timur";5301;"Kab. Kupang";530113;"Amfoang Utara";-9.52215;123.85492;;roniedisonolla@gmail.com;;Operasional;Aktif
77;Puskesmas;53010200007;1000133625;OEKABITI;"Puskesmas Perawatan (Rawat Inap)";"Ds. Nonbes, Kec. Amarasi";53;"Nusa Tenggara Timur";5301;"Kab. Kupang";530109;Amarasi;-10.19273;123.83038;;puskesmasoekabiti2021@gmail.com;;Operasional;Aktif
78;Puskesmas;53010200017;1000133699;OELBITENO;"Puskesmas Non Perawatan";"Ds. Oelbiteno, Kec. Fatuleu Tengah";53;"Nusa Tenggara Timur";5301;"Kab. Kupang";530128;"Fatuleu Tengah";-9.93106;123.81062;;puskesmasoelbitenofateng@gmail.com;;Operasional;Aktif
79;Puskesmas;53010200004;1000133651;OEMASI;"Puskesmas Non Perawatan";"Ds. Oemasi, Kec. Nekemese";53;"Nusa Tenggara Timur";5301;"Kab. Kupang";530116;Nekamese;-10.27139;123.65002;;yovialist.radjatadoe@gmail.com;;Operasional;Aktif
80;Puskesmas;53010200013;1000133819;OENUNTONO;"Puskesmas Non Perawatan";"Ds. Oenuntono, Kec. Amabi Oefeto Timur";53;"Nusa Tenggara Timur";5301;"Kab. Kupang";530120;"Amabi Oefeto Timur";-10.11072;124.05656;;pkmoenuntono952@gmail.com;;Operasional;Aktif
81;Puskesmas;53010200026;1000133778;OEPOLI;"Puskesmas Non Perawatan";"Ds. Netemnamu Utara, Kec. Amfoang Timur";53;"Nusa Tenggara Timur";5301;"Kab. Kupang";530126;"Amfoang Timur";-9.34908;124.03705;;leloalexander14@gmail.com;;Operasional;Aktif
82;Puskesmas;53010200011;1000133637;OESAO;"Puskesmas Perawatan (Rawat Inap)";"Jl. Timor Raya Km. 27, Kec. Kupang Timur";53;"Nusa Tenggara Timur";5301;"Kab. Kupang";530106;"Kupang Timur";-10.10149;123.8119;;puskesmas_oesao@yahoo.com;;Operasional;Aktif
83;Puskesmas;53010200010;1000133780;PAKUBAUN;"Puskesmas Non Perawatan";"Ds. Pakubaun, Kec. Amarasi Timur";53;"Nusa Tenggara Timur";5301;"Kab. Kupang";530119;"Amarasi Timur";-10.22938;124.02533;;puskesmas.pakubaun@yahoo.com;;Operasional;Aktif
84;Puskesmas;53010200018;1000133730;POTO;"Puskesmas Non Perawatan";"Ds. Poto, Kec. Fatuleu Barat";53;"Nusa Tenggara Timur";5301;"Kab. Kupang";530127;"Fatuleu Barat";-9.90857;123.65818;;puskesmaspoto77@gmail.com;;Operasional;Aktif
85;Puskesmas;53010200025;1000133596;SOLIU;"Puskesmas Perawatan (Rawat Inap)";"Ds. Soliu, Kec. Amfoang Barat Laut";53;"Nusa Tenggara Timur";5301;"Kab. Kupang";530122;"Amfoang Barat Laut";-9.62034;123.74059;;puskesmas.soliu11@gmail.com;;Operasional;Aktif
86;Puskesmas;53010200009;1000133742;SONRAEN;"Puskesmas Non Perawatan";"Ds. Sonrean, Kec. Amarasi Selatan";53;"Nusa Tenggara Timur";5301;"Kab. Kupang";530118;"Amarasi Selatan";-10.28058;123.82571;;nellalodoh@gmail.com;;Operasional;Aktif
87;Puskesmas;53010200015;1000133601;SULAMU;"Puskesmas Perawatan (Rawat Inap)";"Ds. Sulamu, Kec. Sulamu";53;"Nusa Tenggara Timur";5301;"Kab. Kupang";530107;Sulamu;-10.01612;123.60385;;yatiilyilham@gmail.com;;Operasional;Aktif
88;Puskesmas;53010200019;1000133613;TAKARI;"Puskesmas Perawatan (Rawat Inap)";"Ds. Takari, Kec. Takari";53;"Nusa Tenggara Timur";5301;"Kab. Kupang";530111;Takari;-9.98802;124.05902;;puskesmastakari22@gmail.com;;Operasional;Aktif
89;Puskesmas;53010200005;1000133704;TARUS;"Puskesmas Non Perawatan";"Ds. Tarus, Kec. Kupang Tengah";53;"Nusa Tenggara Timur";5301;"Kab. Kupang";530108;"Kupang Tengah";-10.14213;123.68694;;puskesmastaruskm13@gmail.com;;Operasional;Aktif
90;Puskesmas;53010200001;1000133572;UITAO;"Puskesmas Perawatan (Rawat Inap)";"Ds. Uitao, Kec. Semau";53;"Nusa Tenggara Timur";5301;"Kab. Kupang";530104;Semau;-10.18736;123.41531;;juanitabanase@gmail.com;;Operasional;Aktif
91;Puskesmas;53020200028;1000111457;AYOTUPAS;"Puskesmas Perawatan (Rawat Inap)";"Ds. Snok, Kec. Amanatun Utara";53;"Nusa Tenggara Timur";5302;"Kab. Timor Tengah Selatan";530209;"Amanatun Utara";-9.69684;124.70439;;;;Operasional;Aktif
92;Puskesmas;53020200031;1000111536;BATI;"Puskesmas Non Perawatan";"Jl. Lilana, Desa Nefokoko - Kec. Mollo Utara";53;"Nusa Tenggara Timur";5302;"Kab. Timor Tengah Selatan";530203;"Mollo Utara";-9.71105;124.16247;81337636969;batipuskesmas@gmail.com;;Operasional;Aktif
93;Puskesmas;53020200011;1000111744;"BATU PUTIH";"Puskesmas Non Perawatan";"Ds. Oebobo, Kec. Batu Putih";53;"Nusa Tenggara Timur";5302;"Kab. Timor Tengah Selatan";530214;"Batu Putih";-9.97783;124.14096;;puskesmasbatuputih23@gmail.com;;Operasional;Aktif
94;Puskesmas;53020200032;1000111691;BINAUS;"Puskesmas Non Perawatan";"Desa  Binaus Kec. Mollo Tengah";53;"Nusa Tenggara Timur";5302;"Kab. Timor Tengah Selatan";530230;"Mollo Tengah";-9.79404;124.28169;85253716489;puskesmasbinaus01@gmail.com;;Operasional;Aktif
95;Puskesmas;53020200025;1000111471;BOKING;"Puskesmas Perawatan (Rawat Inap)";"Ds. Boking, Kec. Boking";53;"Nusa Tenggara Timur";5302;"Kab. Timor Tengah Selatan";530215;Boking;-9.8422;124.75525;;;;Operasional;Aktif
96;Puskesmas;53020200033;1000111550;FATUKOPA;"Puskesmas Non Perawatan";"Desa Fatukopa - Kec. Fatukopa";53;"Nusa Tenggara Timur";5302;"Kab. Timor Tengah Selatan";530229;Fatukopa;-9.61815;124.63219;82363564020;baunselef@gmail.com;;Operasional;Aktif
97;Puskesmas;53020200002;1000111720;FATUMNASI;"Puskesmas Non Perawatan";"Jl. San Polly, Ds. Fatumnasi - Kec. Fatumnasi";53;"Nusa Tenggara Timur";5302;"Kab. Timor Tengah Selatan";530213;Polen;-9.61398;124.219;;puskesmasfatumnasi@gmail.com;;Operasional;Aktif
98;Puskesmas;53020200007;1000111706;FATUMNUTU;"Puskesmas Non Perawatan";"Ds. Fatumutu, Kec. Polen";53;"Nusa Tenggara Timur";5302;"Kab. Timor Tengah Selatan";530213;Polen;-9.59377;124.33157;;;;Operasional;Aktif
99;Puskesmas;53020200029;1000111756;HAUHASI;"Puskesmas Non Perawatan";"Ds. Toianas, Kec. Toianas";53;"Nusa Tenggara Timur";5302;"Kab. Timor Tengah Selatan";530216;Toianas;-9.71817;124.8012;;puskesmashauhasi@gmail.com;;Operasional;Aktif
100;Puskesmas;53020200023;1000111639;HOIBETI;"Puskesmas Non Perawatan";"Ds. Hoibeti, Kec. Kot Olin";53;"Nusa Tenggara Timur";5302;"Kab. Timor Tengah Selatan";530220;"Kot olin";-9.97717;124.59047;;widiawaty.nenoliu@gmail.com;;Operasional;Aktif
101;Puskesmas;53020200001;1000111445;KAPAN;"Puskesmas Perawatan (Rawat Inap)";"Ds. O'besi, Kec. Mollo Utara";53;"Nusa Tenggara Timur";5302;"Kab. Timor Tengah Selatan";530203;"Mollo Utara";-9.73422;124.27388;;uptpuskkapan@gmail.com;;Operasional;Aktif
102;Puskesmas;53020200022;1000111524;KIE;"Puskesmas Non Perawatan";"Ds. Napi, Kec. Ki'e";53;"Nusa Tenggara Timur";5302;"Kab. Timor Tengah Selatan";530210;'KI''E';-9.84705;124.54906;;uptpuskesmaskie@gmail.com;;Operasional;Aktif
103;Puskesmas;53020200018;1000111495;KOLBANO;"Puskesmas Perawatan (Rawat Inap)";"Ds. Kolbano, Kec. Kolbano";53;"Nusa Tenggara Timur";5302;"Kab. Timor Tengah Selatan";530219;Kolbano;-10.03558;124.52481;;puskesmaskolbano380@gmail.com;;Operasional;Aktif
104;Puskesmas;53020200009;1000111598;"KOTA SOE";"Puskesmas Non Perawatan";"Kel. Taubneno, Kec. Kota Soe";53;"Nusa Tenggara Timur";5302;"Kab. Timor Tengah Selatan";530201;"Kota Soe";-9.84966;124.28937;;puskesmaskotasoe2023@gmail.com;;Operasional;Aktif
105;Puskesmas;53020200015;1000111732;KUALIN;"Puskesmas Non Perawatan";"Ds. Kualin, Kec. Kualin";53;"Nusa Tenggara Timur";5302;"Kab. Timor Tengah Selatan";530221;Kualin;-10.12332;124.46031;;puskesmaskualin6@gmail.com;;Operasional;Aktif
106;Puskesmas;53020200014;1000111483;KUANFATU;"Puskesmas Perawatan (Rawat Inap)";"Ds. Kuanfatu, Kec. Kuanfatu";53;"Nusa Tenggara Timur";5302;"Kab. Timor Tengah Selatan";530211;Kuanfatu;-10.02402;124.43705;;imanugrahataopan4@gmail.com;;Operasional;Aktif
107;Puskesmas;53020200004;1000111768;LILANA;"Puskesmas Non Perawatan";"Ds. Liliana, Kec. Nunbena";53;"Nusa Tenggara Timur";5302;"Kab. Timor Tengah Selatan";530232;Nunbena;-9.69631;124.14146;;arthurkrisdianto@gmail.com;;Operasional;Aktif
108;Puskesmas;53020200030;1000111770;LOTAS;"Puskesmas Non Perawatan";"Ds. Sapnala, Kec. Kokbaun";53;"Nusa Tenggara Timur";5302;"Kab. Timor Tengah Selatan";530223;"Kok Baun";-9.61944;124.75186;;musaberelaku@gmail.com;;Operasional;Aktif
109;Puskesmas;53020200027;1000111665;MANUFUI;"Puskesmas Non Perawatan";"Ds. Manufui, Kec. Santian";53;"Nusa Tenggara Timur";5302;"Kab. Timor Tengah Selatan";530225;Santian;-9.78905;124.72626;;;;Operasional;Aktif
110;Puskesmas;53020200016;1000111512;"NIKI - NIKI";"Puskesmas Perawatan (Rawat Inap)";"Kel. Niki-niki, Kec. Amanuban Tengah";53;"Nusa Tenggara Timur";5302;"Kab. Timor Tengah Selatan";530205;"Amanuban Tengah";-9.8249;124.46521;;yanemella824@gmail.com;;Operasional;Aktif
111;Puskesmas;53020200034;1000111586;NOEBANA;"Puskesmas Non Perawatan";"Jl. Fatufua no.1 Desa Noebana- Kec. Noebana";53;"Nusa Tenggara Timur";5302;"Kab. Timor Tengah Selatan";530224;Noebana;-9.77771;124.6527;85257666920;uptpusknoebana@gmail.com;;Operasional;Aktif
112;Puskesmas;53020200035;1000111641;NOEBEBA;"Puskesmas Non Perawatan";"Jl. Meo Nabuasa, Desa Oepliki Kec. Noebeba";53;"Nusa Tenggara Timur";5302;"Kab. Timor Tengah Selatan";530226;Noebeba;-9.09847;124.33061;82198518522;tampanisammy@gmail.com;;Operasional;Aktif
113;Puskesmas;53020200013;1000111615;NOEMUKE;"Puskesmas Non Perawatan";"Ds. Noemuke, Kec. Amanuban Selatan";53;"Nusa Tenggara Timur";5302;"Kab. Timor Tengah Selatan";530206;"Amanuban Selatan";-10.06307;124.34872;;ytse02782@gmail.com;;Operasional;Aktif
114;Puskesmas;53020200010;1000111603;NULLE;"Puskesmas Non Perawatan";"Ds. Tublopo, Kec. Amanuban Barat";53;"Nusa Tenggara Timur";5302;"Kab. Timor Tengah Selatan";530207;"Amanuban Barat";-9.86496;124.34801;;nullepuskesmas@gmail.com;;Operasional;Aktif
115;Puskesmas;53020200026;1000111718;NUNKOLO;"Puskesmas Non Perawatan";"Ds. Nunkolo, Kec. Nunkolo";53;"Nusa Tenggara Timur";5302;"Kab. Timor Tengah Selatan";530217;Nunkolo;-9.87807;124.71738;;gustyelia@gmail.com;;Operasional;Aktif
116;Puskesmas;53020200021;1000111689;NUNUKNITI;"Puskesmas Non Perawatan";"Ds. Oeleon, Kec. Fautmolo";53;"Nusa Tenggara Timur";5302;"Kab. Timor Tengah Selatan";530228;Fautmolo;-9.77184;124.57223;;puskesmasnunuhkniti@gmail.com;;Operasional;Aktif
117;Puskesmas;53020200020;1000111653;OEEKAM;"Puskesmas Non Perawatan";"Ds. Oeekam, Kec. Amanabun Timur";53;"Nusa Tenggara Timur";5302;"Kab. Timor Tengah Selatan";530204;"Amanuban Timur";-9.85966;124.27738;;maistefa29@gmail.com;;Operasional;Aktif
118;Puskesmas;53020200019;1000111627;OENINO;"Puskesmas Non Perawatan";"Ds. Kota Baru, Kec. Oenino";53;"Nusa Tenggara Timur";5302;"Kab. Timor Tengah Selatan";530218;Oenino;-9.86704;124.27214;;puskesmasoenino@gmail.com;;Operasional;Aktif
119;Puskesmas;53020200024;1000111433;OINLASI;"Puskesmas Perawatan (Rawat Inap)";"Ds. Oinlasi, Kec. Amanatun Selatan";53;"Nusa Tenggara Timur";5302;"Kab. Timor Tengah Selatan";530208;"Amanatun Selatan";-9.84589;124.58443;;puskesmasoinlasi11@gmail.com;;Operasional;Aktif
120;Puskesmas;53020200012;1000111500;PANITE;"Puskesmas Perawatan (Rawat Inap)";"Ds. Bena, Kec. Amanuban Selatan";53;"Nusa Tenggara Timur";5302;"Kab. Timor Tengah Selatan";530206;"Amanuban Selatan";-10.07774;124.23104;;akreditasipanite@gmail.com;;Operasional;Aktif
121;Puskesmas;53020200006;1000111469;POLEN;"Puskesmas Perawatan (Rawat Inap)";"Ds. Puna, Kec. Polen";53;"Nusa Tenggara Timur";5302;"Kab. Timor Tengah Selatan";530213;Polen;-9.68553;124.48176;;dianaataupah5@gmail.com;;Operasional;Aktif
122;Puskesmas;53020200008;1000111782;SALBAIT;"Puskesmas Non Perawatan";"Ds. Salbait, Kec. Mollo Barat";53;"Nusa Tenggara Timur";5302;"Kab. Timor Tengah Selatan";530222;"Mollo Barat";-9.85188;124.10127;;uptpkmsalbait2@gmail.com;;Operasional;Aktif
123;Puskesmas;53020200017;1000111677;SEI;"Puskesmas Non Perawatan";"Ds. Sei, Kec. Kolbano";53;"Nusa Tenggara Timur";5302;"Kab. Timor Tengah Selatan";530219;Kolbano;-10.00144;124.52121;;ririnpurba92@gmail.com;;Operasional;Aktif
124;Puskesmas;53020200005;1000111574;SISO;"Puskesmas Non Perawatan";"Ds. Biloto, Kec. Mollo Selatan";53;"Nusa Tenggara Timur";5302;"Kab. Timor Tengah Selatan";530202;"Mollo Selatan";-9.87074;124.2213;;uptpuskesmassiso@gmail.com;;Operasional;Aktif
125;Puskesmas;53020200037;1000670324;TANEOTOB;"Puskesmas Non Perawatan";"Matpunu, Desa Taneotob, Kec.  Nunbena";53;"Nusa Tenggara Timur";5302;"Kab. Timor Tengah Selatan";530232;Nunbena;-9.64428;124.07093;;puskesmastaneotob@gmail.com;;Operasional;Aktif
126;Puskesmas;53020200036;1000111548;TETAF;"Puskesmas Non Perawatan";"Desa Tetaf Kec. Kuatnana";53;"Nusa Tenggara Timur";5302;"Kab. Timor Tengah Selatan";530227;Kuatnana;-9.85219;124.43206;81338668811;puskesmastetaf2015@gmail.com;;Operasional;Aktif
127;Puskesmas;53020200003;1000111562;TOBU;"Puskesmas Non Perawatan";"Ds. Tobu Kec. Tobu";53;"Nusa Tenggara Timur";5302;"Kab. Timor Tengah Selatan";530231;Tobu;-9.64598;124.28503;;;;Operasional;Aktif
128;Puskesmas;53030200003;1000088947;BIJAEPASU;"Puskesmas Non Perawatan";"Ds. Bijaepasu, Kec. Miomafo Tengah";53;"Nusa Tenggara Timur";5303;"Kab. Timor Tengah Utara";530311;"Miomaffo Tengah";-9.5333;124.42873;;pkmbijaepasu01@gmail.com;;Operasional;Aktif
129;Puskesmas;53030200005;1000088909;BITEFA;"Puskesmas Perawatan (Rawat Inap)";"Kel. Bitefa, Kec. Miomaffo Timur";53;"Nusa Tenggara Timur";5303;"Kab. Timor Tengah Utara";530301;"Miomafo Timur";-9.36871;124.45539;;puskesmasbitefa22@gmail.com;;Operasional;Aktif
130;Puskesmas;53030200001;1000088935;EBAN;"Puskesmas Perawatan (Rawat Inap)";"Kel. Eban, Kec. Miomaffo Barat";53;"Nusa Tenggara Timur";5303;"Kab. Timor Tengah Utara";530302;"Miomafo Barat";-9.55084;124.3104;;puskesmaseban@gmail.com;;Operasional;Aktif
131;Puskesmas;53030200014;1000088882;HAEKTO;"Puskesmas Perawatan (Rawat Inap)";"Ds. Haekto, Kec. Noemuti Timur";53;"Nusa Tenggara Timur";5303;"Kab. Timor Tengah Utara";530310;"Noemuti Timur";-9.56015;124.64002;;puskesmashaekto20@gmail.com;;Operasional;Aktif
132;Puskesmas;53030200010;1000088997;INBATE;"Puskesmas Non Perawatan";"Ds. Sunkaen, Kec. Bikomi Nilulat";53;"Nusa Tenggara Timur";5303;"Kab. Timor Tengah Utara";530316;"Bikomi Nilulat";-9.46286;124.36648;;puskesmasinbate123@gmail.com;;Operasional;Aktif
133;Puskesmas;53030200023;1000088961;KAUBELE;"Puskesmas Non Perawatan";"Kel. Oepuah, Kec. Biboki Moenleu";53;"Nusa Tenggara Timur";5303;"Kab. Timor Tengah Utara";530323;"Biboki Moenleu";-9.20283;124.59482;;puskesmaskaubele123@gmail.com;;Operasional;Aktif
134;Puskesmas;53030200024;1000088818;LURASIK;"Puskesmas Perawatan (Rawat Inap)";"Kel. Boronubaen, Kec. Biboki Utara";53;"Nusa Tenggara Timur";5303;"Kab. Timor Tengah Utara";530306;"Biboki Utara";-9.28827;124.83729;;betadinlurasik@gmail.com;;Operasional;Aktif
135;Puskesmas;53030200018;1000089020;MAMSENA;"Puskesmas Non Perawatan";"Desa Atmen, Kec.  Insana Barat";53;"Nusa Tenggara Timur";5303;"Kab. Timor Tengah Utara";530320;"Insana Barat";-9.4877;124.59968;;puskesmasmamsena9@gmail.com;;Operasional;Aktif
136;Puskesmas;53030200012;1000088973;MANAMAS;"Puskesmas Non Perawatan";"Desa Manamas, Kec.  Naibenu";53;"Nusa Tenggara Timur";5303;"Kab. Timor Tengah Utara";530318;Naibenu;-9.25974;124.50167;;puskesmasmanamas01@gmail.com;;Operasional;Aktif
137;Puskesmas;53030200021;1000088832;MANUFUI;"Puskesmas Perawatan (Rawat Inap)";"Desa Upfaon, Kec.  Biboki Selatan";53;"Nusa Tenggara Timur";5303;"Kab. Timor Tengah Utara";530303;"Biboki Selatan";-9.373;124.69644;;puskesmasmanufui21@gmail.com;;Operasional;Aktif
138;Puskesmas;53030200026;1000088844;MANUMEAN;"Puskesmas Non Perawatan";"Desa Naku, Kec.  Biboki Feotleu";53;"Nusa Tenggara Timur";5303;"Kab. Timor Tengah Utara";530324;"Biboki Feotleu";-9.22071;124.80576;;puskmanumean@gmail.com;;Operasional;Aktif
139;Puskesmas;53030200019;1000089044;MAUBESI;"Puskesmas Non Perawatan";"Kel. Maubesi, Kec. Insana Tengah";53;"Nusa Tenggara Timur";5303;"Kab. Timor Tengah Utara";530321;"Insana Tengah";-9.42418;124.57881;;puskesmasmaubesi.040223@gmail.com;;Operasional;Aktif
140;Puskesmas;53030200011;1000088894;NAPAN;"Puskesmas Perawatan (Rawat Inap)";"Desa Napan, Kec.  Bikomi Utara";53;"Nusa Tenggara Timur";5303;"Kab. Timor Tengah Utara";530317;"Bikomi Utara";-9.36666;124.38745;;puskesmasnapan03@gmail.com;;Operasional;Aktif
141;Puskesmas;53030200009;1000088868;NIMASI;"Puskesmas Perawatan (Rawat Inap)";"Desa Oenenu, Kec.  Bikomi Tengah";53;"Nusa Tenggara Timur";5303;"Kab. Timor Tengah Utara";530315;"Bikomi Tengah";-9.43157;124.44015;;nimasipusk@gmail.com;;Operasional;Aktif
142;Puskesmas;53030200008;1000089018;NOEMUTI;"Puskesmas Non Perawatan";"Desa Fatumuti, Kec.  Noemuti";53;"Nusa Tenggara Timur";5303;"Kab. Timor Tengah Utara";530304;Noemuti;-9.56754;124.48332;;puskesnoe@gmail.com;;Operasional;Aktif
143;Puskesmas;53030200006;1000088870;NUNPENE;"Puskesmas Perawatan (Rawat Inap)";"Desa Oesena, Kec.  Miomaffo Timur";53;"Nusa Tenggara Timur";5303;"Kab. Timor Tengah Utara";530301;"Miomafo Timur";-9.41674;124.46798;;puskesmasnunpene2022@gmail.com;;Operasional;Aktif
144;Puskesmas;53030200016;1000088856;OELOLOK;"Puskesmas Perawatan (Rawat Inap)";"Desa Ainiut, Kec.  Insana";53;"Nusa Tenggara Timur";5303;"Kab. Timor Tengah Utara";530308;Insana;-9.46972;124.69909;;fellybilasi@gmail.com;;Operasional;Aktif
145;Puskesmas;53030200013;1000089006;OEMEU;"Puskesmas Non Perawatan";"Desa Popnam, Kec.  Noemuti Timur";53;"Nusa Tenggara Timur";5303;"Kab. Timor Tengah Utara";530304;Noemuti;-9.62074;124.55161;;puskesmasoemeu@gmail.com;;Operasional;Aktif
146;Puskesmas;53030200022;1000088959;OENOPU;"Puskesmas Non Perawatan";"Desa T'eba, Kec.  Biboki Tan Pah";53;"Nusa Tenggara Timur";5303;"Kab. Timor Tengah Utara";530322;"Biboki Tan Pah";-9.38297;124.7786;;puskesmasoenopu6@gmail.com;;Operasional;Aktif
147;Puskesmas;53030200002;1000088820;OEOLO;"Puskesmas Perawatan (Rawat Inap)";"Ds. Oeolo, Kec. Musi";53;"Nusa Tenggara Timur";5303;"Kab. Timor Tengah Utara";530312;Musi;-9.47517;124.39301;;puskesmasoeolo25@gmail.com;;Operasional;Aktif
148;Puskesmas;53030200025;1000088923;PONU;"Puskesmas Perawatan (Rawat Inap)";"Desa Ponu, Kec.  Biboki Anleu";53;"Nusa Tenggara Timur";5303;"Kab. Timor Tengah Utara";530307;"Biboki Anleu";-9.14109;124.68397;;ponupuskesmas1@gmail.com;;Operasional;Aktif
149;Puskesmas;53030200015;1000088985;SASI;"Puskesmas Non Perawatan";"Kelurahan Sasi, Kec.  Kota Kefamenanu";53;"Nusa Tenggara Timur";5303;"Kab. Timor Tengah Utara";530305;"Kota Kefamenanu";-9.49928;124.49068;;puskesmassasi07@gmail.com;;Operasional;Aktif
150;Puskesmas;53030200020;1000089032;TAMIS;"Puskesmas Non Perawatan";"Desa Fafinesu, Kec.  Insana Fafinesu";53;"Nusa Tenggara Timur";5303;"Kab. Timor Tengah Utara";530319;"Insana Fafinesu";-9.35058;124.56509;;puskesmastamis63@gmail.com;;Operasional;Aktif
151;Puskesmas;53030200004;1000088806;TASINIFU;"Puskesmas Perawatan (Rawat Inap)";"Desa Tasinifu, Kec.  Mutis";53;"Nusa Tenggara Timur";5303;"Kab. Timor Tengah Utara";530312;Musi;-9.42579;124.25207;;Puskesmastasinifu22@gmail.com;;Operasional;Aktif
152;Puskesmas;53030200007;1000089056;TUBLOPO;"Puskesmas Non Perawatan";"Desa Tublopo, Kec.  Bikomi Selatan";53;"Nusa Tenggara Timur";5303;"Kab. Timor Tengah Utara";530314;"Bikomi Selatan";-9.52928;124.57192;;tublopopuskesmas@gmail.com;;Operasional;Aktif
153;Puskesmas;53030200017;1000088911;WINI;"Puskesmas Perawatan (Rawat Inap)";"Desa Humusu C, Kec.  Insana Utara";53;"Nusa Tenggara Timur";5303;"Kab. Timor Tengah Utara";530309;"Insana Utara";-9.18308;124.49062;;winipuskesmas8@gmail.com;;Operasional;Aktif
154;Puskesmas;53040200006;1000067981;AINIBA;"Puskesmas Non Perawatan";"Kec. Kakuluk Mesak";53;"Nusa Tenggara Timur";5304;"Kab. Belu";530405;"Kakuluk Mesak";-9.05288;124.81161;;puskesmasainiba@gmail.com;;Operasional;Aktif
155;Puskesmas;53040200010;1000067993;"ATAMBUA SELATAN";"Puskesmas Non Perawatan";"Kec. Atambua Selatan";53;"Nusa Tenggara Timur";5304;"Kab. Belu";530422;"Atambua Selatan";-9.12112;124.86387;;pkmatsel22@gmail.com;;Operasional;Aktif
156;Puskesmas;53040200004;1000067979;ATAPUPU;"Puskesmas Non Perawatan";"Kec. Kakuluk Mesak";53;"Nusa Tenggara Timur";5304;"Kab. Belu";530405;"Kakuluk Mesak";-9.04911;124.86091;;atapupupuskesmas@gmail.com;;Operasional;Aktif
157;Puskesmas;53040200014;1000067876;AULULIK;"Puskesmas Non Perawatan";"Kec. Lasiolat";53;"Nusa Tenggara Timur";5304;"Kab. Belu";530417;Lasiolat;-9.07191;125.01201;;puskesmasaululik01@gmail.com;;Operasional;Aktif
158;Puskesmas;53040200016;1000067943;DILUMIL;"Puskesmas Non Perawatan";"Kec. Lamaknen";53;"Nusa Tenggara Timur";5304;"Kab. Belu";530401;Lamaknen;-9.07768;125.03863;;dilumilpuskesmas22@gmail.com;;Operasional;Aktif
159;Puskesmas;53040200013;1000067840;HAEKESAK;"Puskesmas Perawatan (Rawat Inap)";"Kec. Raihat";53;"Nusa Tenggara Timur";5304;"Kab. Belu";530403;Raihat;-9.05562;125.12008;;puskesmashaekesak9@gmail.com;;Operasional;Aktif
160;Puskesmas;53040200003;1000067890;HALIULIK;"Puskesmas Non Perawatan";"Kec. Tasifeto Barat";53;"Nusa Tenggara Timur";5304;"Kab. Belu";530404;"Tasifeto Barat";-9.20879;124.95917;;puskhllkbelu@gmail.com;;Operasional;Aktif
161;Puskesmas;53040200005;1000067905;HALIWEN;"Puskesmas Non Perawatan";"Kec. Kakuluk Mesak";53;"Nusa Tenggara Timur";5304;"Kab. Belu";530405;"Kakuluk Mesak";-9.04971;124.89657;;;;Operasional;Aktif
162;Puskesmas;53040200008;1000067864;"KOTA ATAMBUA";"Puskesmas Non Perawatan";"Jl. Adi Sucipto No. 38 B, Kel. Tenukiik";53;"Nusa Tenggara Timur";5304;"Kab. Belu";530412;"Kota Atambua";-9.09866;124.89498;;puskesmaskotaatambua@gmail.com;;Operasional;Aktif
163;Puskesmas;53040200007;1000067967;LAKTULUS;"Puskesmas Non Perawatan";"Kec. Nanaet Duabesi";53;"Nusa Tenggara Timur";5304;"Kab. Belu";530423;"Nanaet Duabesi";-9.3063;124.95186;;uptdpusk.laktutus@gmail.com;;Operasional;Aktif
164;Puskesmas;53040200017;1000068002;NUALAIN;"Puskesmas Non Perawatan";"Ds. Kec. Lamaknen Selatan";53;"Nusa Tenggara Timur";5304;"Kab. Belu";530418;"Lamaknen Selatan";-9.12618;125.14032;;nualainpuskesmas@gmail.com;;Operasional;Aktif
165;Puskesmas;53040200002;1000067888;RAFAE;"Puskesmas Non Perawatan";"Kec. Raimanuk";53;"Nusa Tenggara Timur";5304;"Kab. Belu";530413;Raimanuk;-9.332;124.86664;;puskesmasrafae8@gmail.com;;Operasional;Aktif
166;Puskesmas;53040200012;1000067917;SILAWAN;"Puskesmas Non Perawatan";"Ds. Silawan, Kec. Tasifeto Timur";53;"Nusa Tenggara Timur";5304;"Kab. Belu";530402;TasifetoTimur;-8.98676;124.92836;;puskesmassilawan8@gmail.com;;Operasional;Aktif
167;Puskesmas;53040200009;1000067955;UMANEN;"Puskesmas Non Perawatan";"Jl. Meo Out Hale No 03, Surama, Kel. Umanen, Kec. Atambua Barat";53;"Nusa Tenggara Timur";5304;"Kab. Belu";530421;"Atambua Barat";-9.09261;124.87038;;puskesmasumn@gmail.com;;Operasional;Aktif
168;Puskesmas;53040200001;1000067929;WEBORA;"Puskesmas Non Perawatan";"Kec. Raimanuk";53;"Nusa Tenggara Timur";5304;"Kab. Belu";530413;Raimanuk;-9.33301;124.87135;;webora.uptd@gmail.com;;Operasional;Aktif
169;Puskesmas;53040200011;1000067931;WEDOMU;"Puskesmas Non Perawatan";"Kec. Tasifeto Timur";53;"Nusa Tenggara Timur";5304;"Kab. Belu";530402;TasifetoTimur;-9.19255;124.87183;;uptdpuskesmaswdm@gmail.com;;Operasional;Aktif
170;Puskesmas;53040200015;1000067852;WELULI;"Puskesmas Perawatan (Rawat Inap)";"Kec. Lamaknen";53;"Nusa Tenggara Timur";5304;"Kab. Belu";530401;Lamaknen;-9.01712;125.16161;;uptdpuskesmasweluli@gmail.com;;Operasional;Aktif
171;Puskesmas;53050200019;1000150271;"ALOR KECIL";"Puskesmas Perawatan (Rawat Inap)";"Ds. Alor Kecil, Kec. Alor Barat Laut";53;"Nusa Tenggara Timur";5305;"Kab. Alor";530502;"Alor Barat Laut";-8.269;124.40626;;puskesmasacil@gmail.com;;Operasional;Aktif
172;Puskesmas;53050200010;1000150219;APUI;"Puskesmas Perawatan (Rawat Inap)";"Ds. Kelaisi Timur, Kec. Alor Selatan";53;"Nusa Tenggara Timur";5305;"Kab. Alor";530504;"Alor Selatan";-8.2732;124.73935;;puskesmasapui092@gmail.com;;Operasional;Aktif
173;Puskesmas;53050200004;1000150441;BAKALANG;"Puskesmas Non Perawatan";"Ds. Bakalang, Kec. Pantar Timur";53;"Nusa Tenggara Timur";5305;"Kab. Alor";530514;"Pantar Timur";-8.36327;124.17396;;puskbakalang@gmail.com;;Operasional;Aktif
174;Puskesmas;53050200002;1000150207;BARANUSA;"Puskesmas Perawatan (Rawat Inap)";"Ds. Baraler, Kec. Pantar Barat";53;"Nusa Tenggara Timur";5305;"Kab. Alor";530509;"Pantar Barat";-8.36387;124.08702;;pusk.baranusa@gmail.com;;Operasional;Aktif
175;Puskesmas;53050200014;1000150336;BUKAPITING;"Puskesmas Perawatan (Rawat Inap)";"Ds. Nailang, Kec. Alor Timur Laut";53;"Nusa Tenggara Timur";5305;"Kab. Alor";530508;"Alor Timur Laut";-8.1877;124.77966;;puskesmasbukapiting2022@gmail.com;;Operasional;Aktif
176;Puskesmas;53050200007;1000150312;BURAGA;"Puskesmas Perawatan (Rawat Inap)";"Ds. Tribur, Kec. Alor Barat Daya";53;"Nusa Tenggara Timur";5305;"Kab. Alor";530503;"Alor Barat Daya";-8.38937;124.46501;;pkmburaga23@gmail.com;;Operasional;Aktif
177;Puskesmas;53050200001;1000150295;KABIR;"Puskesmas Perawatan (Rawat Inap)";"Kel. Kabir, Kec. Pantar";53;"Nusa Tenggara Timur";5305;"Kab. Alor";530506;Pantar;-8.24997;124.22086;;puskesmaskabir22@gmail.com;;Operasional;Aktif
178;Puskesmas;53050200009;1000150439;KALUNAN;"Puskesmas Non Perawatan";"Ds. Mataru Selatan, Kec. Mataru";53;"Nusa Tenggara Timur";5305;"Kab. Alor";530512;Mataru;-8.36899;124.69109;;kalunanpusk@gmail.com;;Operasional;Aktif
179;Puskesmas;53050200005;1000150453;KAYANG;"Puskesmas Non Perawatan";"Ds. Kayang, Kec. Pantar Baru Laut";53;"Nusa Tenggara Timur";5305;"Kab. Alor";530517;"Pantar Baru Laut";-8.36275;123.97736;;indrawatiindra09@gmail.com;;Operasional;Aktif
180;Puskesmas;53050200016;1000150348;KENARILANG;"Puskesmas Non Perawatan";"Kel. Klabahi Barat, Kec. Teluk Mutiara";53;"Nusa Tenggara Timur";5305;"Kab. Alor";530501;"Teluk Mutiara";-8.21671;124.48441;;uptdpuskesmaskenarilang@gmail.com;;Operasional;Aktif
181;Puskesmas;53050200018;1000150221;KOKAR;"Puskesmas Perawatan (Rawat Inap)";"Kel. Adang, Kec. Alor Barat Laut";53;"Nusa Tenggara Timur";5305;"Kab. Alor";530502;"Alor Barat Laut";-8.17854;124.46343;;pkmkokar2023@gmail.com;;Operasional;Aktif
182;Puskesmas;53050200013;1000150427;LANTOKA;"Puskesmas Non Perawatan";"Ds. Tanglapui, Kec. Alor Timur";53;"Nusa Tenggara Timur";5305;"Kab. Alor";530505;"Alor Timur";-8.28617;124.94742;;puskesmaslantoka@yahoo.com;;Operasional;Aktif
183;Puskesmas;53050200017;1000150300;LAWAHING;"Puskesmas Perawatan (Rawat Inap)";"Ds. Lawahing, Kec. Kabola";53;"Nusa Tenggara Timur";5305;"Kab. Alor";530510;Kabola;-8.16408;124.54012;;;;Operasional;Aktif
184;Puskesmas;53050200024;1000150403;LEMBUR;"Puskesmas Non Perawatan";"Ds. Tuleng Kec. Lembur";53;"Nusa Tenggara Timur";5305;"Kab. Alor";530515;Lembur;-8.20345;124.67927;;puskesmaslembur.alor@gmail.com;;Operasional;Aktif
185;Puskesmas;53050200023;1000150398;LIMARAHING;"Puskesmas Non Perawatan";"Kel. Pura, Kec. Pulau Pura";53;"Nusa Tenggara Timur";5305;"Kab. Alor";530511;"Pulau Pura";-8.28286;124.34747;;"limarahing 13@gmail.com";;Operasional;Aktif
186;Puskesmas;53050200015;1000150283;MADEMANG;"Puskesmas Perawatan (Rawat Inap)";"Ds. Langkuru, Kec. Pureman";53;"Nusa Tenggara Timur";5305;"Kab. Alor";530513;Pureman;-8.3597;124.84815;;puskesmasmademang2019@gmail.com;;Operasional;Aktif
187;Puskesmas;53050200022;1000150415;MAINANG;"Puskesmas Non Perawatan";"Ds. Welai Selatan, Kec. Alor Tengah Utara";53;"Nusa Tenggara Timur";5305;"Kab. Alor";530507;"Alor Tengah Utara";-8.26982;124.59975;;pkmmainang@gmail.com;;Operasional;Aktif
188;Puskesmas;53050200027;1000670312;MALI;"Puskesmas Non Perawatan";"Jl. Soekarno - Hatta, Kelurahan Kabola, Kec.  Kabola";53;"Nusa Tenggara Timur";5305;"Kab. Alor";530510;Kabola;-8.14444;124.59049;;;;Operasional;Aktif
189;Puskesmas;53050200006;1000150233;MALIANG;"Puskesmas Perawatan (Rawat Inap)";"Ds. Muriabang, Kec. Pantar Tengah";53;"Nusa Tenggara Timur";5305;"Kab. Alor";530516;"Pantar Tengah";-8.3968;124.12873;;evetblegur17@gmail.com;;Operasional;Aktif
190;Puskesmas;53050200012;1000150324;MARITAING;"Puskesmas Perawatan (Rawat Inap)";"Ds. Maritaing, Kec. Alor Timur";53;"Nusa Tenggara Timur";5305;"Kab. Alor";530505;"Alor Timur";-8.29983;125.10536;;pkmmaritaing1223@gmail.com;;Operasional;Aktif
191;Puskesmas;53050200021;1000150245;MEBUNG;"Puskesmas Perawatan (Rawat Inap)";"Ds. Alim Mebung, Kec. Alor Tengah Utara";53;"Nusa Tenggara Timur";5305;"Kab. Alor";530507;"Alor Tengah Utara";-8.2007;124.59358;;puskesmasmebung@gmail.com;;Operasional;Aktif
192;Puskesmas;53050200008;1000150257;MORU;"Puskesmas Perawatan (Rawat Inap)";"Kel. Moru, Kec. Alor Barat Daya";53;"Nusa Tenggara Timur";5305;"Kab. Alor";530503;"Alor Barat Daya";-8.25645;124.51197;;puskesmasmoru1023@gmail.com;;Operasional;Aktif
193;Puskesmas;53050200011;1000150269;"PADANG ALANG";"Puskesmas Perawatan (Rawat Inap)";"Ds. Padang Alang, Kec. Alor Selatan";53;"Nusa Tenggara Timur";5305;"Kab. Alor";530504;"Alor Selatan";-8.38754;124.71342;;padangalang76@gmail.com;;Operasional;Aktif
194;Puskesmas;53050200025;1000150362;PROBUR;"Puskesmas Non Perawatan";"Ds. Probur Kec. Alor Barat Daya";53;"Nusa Tenggara Timur";5305;"Kab. Alor";530503;"Alor Barat Daya";-8.37481;124.41519;;pkmprobur@gmail.com;;Operasional;Aktif
195;Puskesmas;53050200003;1000150386;TAMALABANG;"Puskesmas Non Perawatan";"Ds. Kaleb, Kec. Pantar Timur";53;"Nusa Tenggara Timur";5305;"Kab. Alor";530514;"Pantar Timur";-8.3471;124.24738;;uptpuskesmastamalabang@gmail.com;;Operasional;Aktif
196;Puskesmas;53050200026;1000150350;"TAMAN MATARU";"Puskesmas Non Perawatan";"Ds. Taman Mataru Kec. Mataru";53;"Nusa Tenggara Timur";5305;"Kab. Alor";530512;Mataru;-8.33669;124.65459;;ptamanmataru@gmail.com;;Operasional;Aktif
197;Puskesmas;53050200020;1000150374;TERNATE;"Puskesmas Non Perawatan";"Ds. Ternate Kec. Alor Barat Laut";53;"Nusa Tenggara Timur";5305;"Kab. Alor";530502;"Alor Barat Laut";-8.20927;124.3665;;marohalena@gmail.com;;Operasional;Aktif
198;Puskesmas;53060200014;1000127286;BANIONA;"Puskesmas Non Perawatan";"Ds. Klukeng, Kec. Wotan Ulumando";53;"Nusa Tenggara Timur";5306;"Kab. Flores Timur";530609;"Wotan Ulumando";-8.38266;123.08341;;pkmbaniona@gmail.com;;Operasional;Aktif
199;Puskesmas;53060200001;1000127157;BORU;"Puskesmas Perawatan (Rawat Inap)";"Ds. Boru, Kec. Wulanggitang";53;"Nusa Tenggara Timur";5306;"Kab. Flores Timur";530601;Wulanggitang;-8.5179;122.69423;;mariamasniandrea@gmail.com;;Operasional;Aktif
200;Puskesmas;53060200009;1000127200;"DEMON PAGONG";"Puskesmas Non Perawatan";"Ds. Watotika Ile, Kec. Demon Pagong";53;"Nusa Tenggara Timur";5306;"Kab. Flores Timur";530614;"Demon Pagong";-8.41911;122.8596;;halimakt78@gmail.com;;Operasional;Aktif
201;Puskesmas;53060200017;1000127262;"ILE BOLENG";"Puskesmas Non Perawatan";"Ds. Lamawolo, Kec. Ile Boleng";53;"Nusa Tenggara Timur";5306;"Kab. Flores Timur";530613;"Ile Boleng";-8.38053;123.25131;;puskesmasileboleng@gmail.com;;Operasional;Aktif
202;Puskesmas;53060200004;1000127224;"ILE BURA";"Puskesmas Non Perawatan";"Ds. Birawan, Kec. Ile Bura";53;"Nusa Tenggara Timur";5306;"Kab. Flores Timur";530616;"Ile Bura";-8.57795;122.82372;;puskesmasileburadfo@gmail.com;;Operasional;Aktif
203;Puskesmas;53060200011;1000127327;KALIKE;"Puskesmas Non Perawatan";"Ds. Kalike, Kec. Solor Selatan";53;"Nusa Tenggara Timur";5306;"Kab. Flores Timur";530619;"Solor Selatan";-8.47539;123.00541;;fernandesrita798@gmail.com;;Operasional;Aktif
204;Puskesmas;53060200019;1000127195;LAMBUNGA;"Puskesmas Perawatan (Rawat Inap)";"Ds. Lambunga, Kec. Kelubagolit";53;"Nusa Tenggara Timur";5306;"Kab. Flores Timur";530611;Kelubagolit;-8.27722;123.21896;;pusklamabunga23@gmail.com;;Operasional;Aktif
205;Puskesmas;53060200003;1000127250;LATO;"Puskesmas Non Perawatan";"Ds. Watowara, Kec. Titehena";53;"Nusa Tenggara Timur";5306;"Kab. Flores Timur";530602;Titehena;-8.35651;122.75272;;parinbala97@gmail.com;;Operasional;Aktif
206;Puskesmas;53060200002;1000127236;LEWOLAGA;"Puskesmas Non Perawatan";"Ds. Lewolaga, Kec. Titehena";53;"Nusa Tenggara Timur";5306;"Kab. Flores Timur";530602;Titehena;-8.42073;122.79181;;puskesmaslewo@gmail.com;;Operasional;Aktif
207;Puskesmas;53060200006;1000127303;LEWOLEMA;"Puskesmas Non Perawatan";"Ds. Riangkotek, Kec. Lewolema";53;"Nusa Tenggara Timur";5306;"Kab. Flores Timur";530615;Lewolema;-8.29023;122.89546;;pusklewo5@gmail.com;;Operasional;Aktif
208;Puskesmas;53060200015;1000127315;LITE;"Puskesmas Non Perawatan";"Ds. Lite, Kec. Adonara Tengah";53;"Nusa Tenggara Timur";5306;"Kab. Flores Timur";530618;"Adonara Tengah";-8.33441;123.14859;;puskesmaslite01@gmail.com;;Operasional;Aktif
209;Puskesmas;53060200012;1000127183;MENGANGA;"Puskesmas Perawatan (Rawat Inap)";"Ds. Menanga, Kec. Solor Timur";53;"Nusa Tenggara Timur";5306;"Kab. Flores Timur";530607;"Solor Timur";-8.44299;123.09401;;yeremiasmukin11@gmail.com;;Operasional;Aktif
210;Puskesmas;53060200021;1000127298;NAGI;"Puskesmas Non Perawatan";"Kel. Puken Tobi Wangibao, Kec. Larantuka";53;"Nusa Tenggara Timur";5306;"Kab. Flores Timur";530603;Larantuka;-8.31398;122.99548;;puskesmasnagilarantuka@gmail.com;;Operasional;Aktif
211;Puskesmas;53060200007;1000127171;OKA;"Puskesmas Perawatan (Rawat Inap)";"Ds. Lewoloba, Kec. Ile Mandiri";53;"Nusa Tenggara Timur";5306;"Kab. Flores Timur";530604;"Ile Mandiri";-8.31953;122.93893;;lisiniamaria01@gmail.com;;Operasional;Aktif
212;Puskesmas;53060200010;1000127133;RITAEBANG;"Puskesmas Perawatan (Rawat Inap)";"Kel. Ritaebang, Kec. Solor Barat";53;"Nusa Tenggara Timur";5306;"Kab. Flores Timur";530606;"Solor Barat";-8.53032;122.90184;;pkmritaebang23@gmail.com;;Operasional;Aktif
213;Puskesmas;53060200020;1000127274;SAGU;"Puskesmas Non Perawatan";"Ds. Sagu, Kec. Adonara";53;"Nusa Tenggara Timur";5306;"Kab. Flores Timur";530617;Adonara;-8.24427;123.21742;;puskesmassagu@gmail.com;;Operasional;Aktif
214;Puskesmas;53060200005;1000127121;WAIKLIBANG;"Puskesmas Perawatan (Rawat Inap)";"Ds. Ratulodong, Kec. Tanjung Bunga";53;"Nusa Tenggara Timur";5306;"Kab. Flores Timur";530605;"Tanjung Bunga";-8.13535;122.90125;;puskesmaswaiklibang@gmail.com;;Operasional;Aktif
215;Puskesmas;53060200008;1000127248;WAIMANA;"Puskesmas Non Perawatan";"Ds. Watotutu, Kec. Ile Mandiri";53;"Nusa Tenggara Timur";5306;"Kab. Flores Timur";530604;"Ile Mandiri";-8.26986;122.97006;;waimanapuskesmas273@gmail.com;;Operasional;Aktif
216;Puskesmas;53060200013;1000127169;WAIWADAN;"Puskesmas Perawatan (Rawat Inap)";"Ds. Waiwadan, Kec. Adonara Barat";53;"Nusa Tenggara Timur";5306;"Kab. Flores Timur";530608;"Adonara Barat";-8.28725;123.09296;;puskesmaswaiwadan123@gmail.com;;Operasional;Aktif
217;Puskesmas;53060200016;1000127145;WAIWERANG;"Puskesmas Perawatan (Rawat Inap)";"Kel. Waiwerang, Kec. Adonara Timur";53;"Nusa Tenggara Timur";5306;"Kab. Flores Timur";530610;"Adonara Timur";-8.384;123.1601;;puskesmaswaiwerang2020@gail.com;;Operasional;Aktif
218;Puskesmas;53060200018;1000127212;WITIHAMA;"Puskesmas Non Perawatan";"Ds. Sandosi, Kec. Witihama";53;"Nusa Tenggara Timur";5306;"Kab. Flores Timur";530612;Witihama;-8.26686;123.28083;;puskesmaswitihama@gmail.com;;Operasional;Aktif
219;Puskesmas;53070200023;1000105458;BERU;"Puskesmas Perawatan (Rawat Inap)";"Kel. Beru, Kec. Alok Timur";53;"Nusa Tenggara Timur";5307;"Kab. Sikka";530715;"Alok Timur";-8.63288;122.22246;;puskesmasberu@gmail.com;;Operasional;Aktif
220;Puskesmas;53070200009;1000105446;BOGANATAR;"Puskesmas Non Perawatan";"Ds. Kringa, Kec. Talibura";53;"Nusa Tenggara Timur";5307;"Kab. Sikka";530708;Talibura;-8.489;122.62334;;boganatarpkm@gmail.com;;Operasional;Aktif
221;Puskesmas;53070200005;1000105496;BOLA;"Puskesmas Perawatan (Rawat Inap)";"Ds. Bola, Kec. Bola";53;"Nusa Tenggara Timur";5307;"Kab. Sikka";530711;Bola;-8.7333;122.29238;;pkmbolasehati@gmail.com;;Operasional;Aktif
222;Puskesmas;53070200024;1000105460;FEONDARI;"Puskesmas Perawatan (Rawat Inap)";"Ds. Wolodhesa Kec. Mego";53;"Nusa Tenggara Timur";5307;"Kab. Sikka";530702;Mego;-8.66238;122.01808;;pfeondari@gmail.com;;Operasional;Aktif
223;Puskesmas;53070200006;1000105587;HABIBOLA;"Puskesmas Non Perawatan";"Ds. Waihawa, Kec. Doreng";53;"Nusa Tenggara Timur";5307;"Kab. Sikka";530720;Doreng;-8.73571;122.38519;;puskesmashabibola939@gmail.com;;Operasional;Aktif
224;Puskesmas;53070200012;1000105630;HEWOKLOANG;"Puskesmas Non Perawatan";"Ds. Hewokloang, Kec. Hewokloang";53;"Nusa Tenggara Timur";5307;"Kab. Sikka";530718;Hewokloang;-8.70004;122.30504;;pkmhewokloang@gmail.com;;Operasional;Aktif
225;Puskesmas;53070200025;1000105642;KEWAPANTE;"Puskesmas Non Perawatan";"Ds. Wairkoja Kec. Kewapante";53;"Nusa Tenggara Timur";5307;"Kab. Sikka";530710;Kewapante;-8.65292;122.28576;;Kewapantepuskesmas46@gmail.com;;Operasional;Aktif
226;Puskesmas;53070200020;1000105599;KOPETA;"Puskesmas Non Perawatan";"Kel. Madawat, Kec. Alok";53;"Nusa Tenggara Timur";5307;"Kab. Sikka";530705;Alok;-8.6329;122.20052;;uptpuskesmaskopeta@gmail.com;;Operasional;Aktif
227;Puskesmas;53070200017;1000105654;KOTING;"Puskesmas Non Perawatan";"Ds. Koting B, Kec. Koting";53;"Nusa Tenggara Timur";5307;"Kab. Sikka";530716;Koting;-8.6874;122.1867;;puskesmaskoting98@gmail.com;;Operasional;Aktif
228;Puskesmas;53070200002;1000105616;LEKEBAI;"Puskesmas Non Perawatan";"Ds. Bhera, Kec. Mego";53;"Nusa Tenggara Timur";5307;"Kab. Sikka";530702;Mego;-8.70829;122.06973;;pkmlekebai2023@gmail.com;;Operasional;Aktif
229;Puskesmas;53070200019;1000105537;MAGEPANDA;"Puskesmas Perawatan (Rawat Inap)";"Ds.Magepanda, Kec. Magepanda";53;"Nusa Tenggara Timur";5307;"Kab. Sikka";530712;Magepanda;-8.56749;122.06227;;uptpuskesmasmagepanda@gmail.com;;Operasional;Aktif
230;Puskesmas;53070200007;1000105525;MAPITARA;"Puskesmas Non Perawatan";"Ds. Hebing, Kec. Mapitara";53;"Nusa Tenggara Timur";5307;"Kab. Sikka";530721;Mapitara;-8.7054;122.47144;;uptpuskesmasmapitara@gmail.com;;Operasional;Aktif
231;Puskesmas;53070200004;1000105628;NANGA;"Puskesmas Non Perawatan";"Ds. Lela, Kec. Lela";53;"Nusa Tenggara Timur";5307;"Kab. Sikka";530703;Lela;-8.71767;122.1726;;puskesmasnanga501@gmail.com;;Operasional;Aktif
232;Puskesmas;53070200014;1000105678;NELLE;"Puskesmas Non Perawatan";"Ds. Nelle Urung, Kec. Nelle";53;"Nusa Tenggara Timur";5307;"Kab. Sikka";530707;Nelle;-8.6591;122.21355;;nellepkm@gmail.com;;Operasional;Aktif
233;Puskesmas;53070200018;1000105484;NITA;"Puskesmas Perawatan (Rawat Inap)";"Ds. Nita, Kec. Nita";53;"Nusa Tenggara Timur";5307;"Kab. Sikka";530704;Nita;-8.66729;122.17796;;puskesmasnita74@gmail.com;;Operasional;Aktif
234;Puskesmas;53070200001;1000105551;PAGA;"Puskesmas Perawatan (Rawat Inap)";"Ds. Paga, Kec. Paga";53;"Nusa Tenggara Timur";5307;"Kab. Sikka";530701;Paga;-8.74996;122.05119;;puskesmaspaga.maumere@gmail.com;;Operasional;Aktif
235;Puskesmas;53070200015;1000105472;PALUE;"Puskesmas Perawatan (Rawat Inap)";"Ds. Reruwairere, Kec. Palue";53;"Nusa Tenggara Timur";5307;"Kab. Sikka";530706;Palue;-8.31329;121.73582;;uptpuskesmaspalue@gmail.com;;Operasional;Aktif
236;Puskesmas;53070200011;1000105563;TANARAWA;"Puskesmas Perawatan (Rawat Inap)";"Jl. Nangahale - Pruda KM.16 Desa. Tanarawa Kecamatan Waiblama Kabupaten Sikka";53;"Nusa Tenggara Timur";5307;"Kab. Sikka";530713;Waiblama;-8.59149;122.58581;082339331150;pkmtanarawa@gmail.com;;Operasional;Aktif
237;Puskesmas;53070200022;1000105501;"TELUK MAUMERE";"Puskesmas Perawatan (Rawat Inap)";"Ds. Gunung Sari, Kec. Alok Timur";53;"Nusa Tenggara Timur";5307;"Kab. Sikka";530715;"Alok Timur";-8.6314;122.21718;;pkmtelukmaumere@gmail.com;;Operasional;Aktif
238;Puskesmas;53070200016;1000105680;TUANGGEO;"Puskesmas Non Perawatan";"Kec. Palue";53;"Nusa Tenggara Timur";5307;"Kab. Sikka";530706;Palue;-8.31398;121.70667;;tuanggeopuskesmas@gmail.com;;Operasional;Aktif
239;Puskesmas;53070200010;1000105575;WAIGETE;"Puskesmas Perawatan (Rawat Inap)";"Ds. Egon, Kec. Waigete";53;"Nusa Tenggara Timur";5307;"Kab. Sikka";530709;Waigete;-8.64457;122.40337;;waigetepuskesmas@gmail.com;;Operasional;Aktif
240;Puskesmas;53070200013;1000105604;WAIPARE;"Puskesmas Non Perawatan";"Ds. Watumilok, Kec. Kangae";53;"Nusa Tenggara Timur";5307;"Kab. Sikka";530719;Kangae;-8.64526;122.27808;;puskesmaswaipare0@gmail.com;;Operasional;Aktif
241;Puskesmas;53070200008;1000105549;WATUBAING;"Puskesmas Perawatan (Rawat Inap)";"Ds. Talibura, Kec. Talibura";53;"Nusa Tenggara Timur";5307;"Kab. Sikka";530708;Talibura;-8.53478;122.54976;;uptpuskesmaswatubaing123@gmail.com;;Operasional;Aktif
242;Puskesmas;53070200003;1000105513;WOLOFEO;"Puskesmas Perawatan (Rawat Inap)";"Desa Renggarasi, Kec. Tana Wawo";53;"Nusa Tenggara Timur";5307;"Kab. Sikka";530717;"Tana Wawo";-8.82955;121.67805;;pkmw0l0f30@gmail.com;;Operasional;Aktif
243;Puskesmas;53070200021;1000105666;WOLOMARANG;"Puskesmas Non Perawatan";"Kel. Walomarang, Kec. Alok Barat";53;"Nusa Tenggara Timur";5307;"Kab. Sikka";530714;"Alok Barat";-8.6212;122.18671;;wolmarhwl@gmail.com;;Operasional;Aktif
244;Puskesmas;53080200002;1000084147;"A. YANI";"Puskesmas Perawatan (Rawat Inap)";"Ds. Ndoriwoi, Kec. Pulau Ende";53;"Nusa Tenggara Timur";5308;"Kab. Ende";530802;"Pulau Ende";-8.88483;121.51273;;achmadyani11pulend@gmail.com;;Operasional;Aktif
245;Puskesmas;53080200022;1000084226;DETUSOKO;"Puskesmas Perawatan (Rawat Inap)";"Ds. Detusoko, Kec. Detusoko";53;"Nusa Tenggara Timur";5308;"Kab. Ende";530806;Detusoko;-8.7126;121.7555;;puskesmasdetusoko20@gmail.com;;Operasional;Aktif
246;Puskesmas;53080200019;1000084044;"KOTA BARU";"Puskesmas Perawatan (Rawat Inap)";"Ds. Tou, Kec. Kota Baru";53;"Nusa Tenggara Timur";5308;"Kab. Ende";530813;"Kota Baru";-8.5104;121.9911;;kotabarupuskesmas66@gmail.com;;Operasional;Aktif
247;Puskesmas;53080200008;1000084238;"KOTA ENDE";"Puskesmas Non Perawatan";"Kel. Mautapaga, Kec. Ende Tengah";53;"Nusa Tenggara Timur";5308;"Kab. Ende";530819;"Ende Tengah";-8.83045;121.662;;yoris.interisti@gmail.com;;Operasional;Aktif
248;Puskesmas;53080200010;1000084288;"KOTA RATU";"Puskesmas Non Perawatan";"Kel. Kotaraja, Kec. Ende Utara";53;"Nusa Tenggara Timur";5308;"Kab. Ende";530818;"Ende Utara";-8.84111;121.64536;;akrepuskesmaskotaratu@gmail.com;;Operasional;Aktif
249;Puskesmas;53080200025;1000084276;LOBONIKI;"Puskesmas Non Perawatan";"Jl. Trans Maurole Kotabaru";53;"Nusa Tenggara Timur";5308;"Kab. Ende";530813;"Kota Baru";-8.51125;121.92417;"08214533 0381";puskesmasloboniki@gmail.com;;Operasional;Aktif
250;Puskesmas;53080200017;1000084068;MAUBASA;"Puskesmas Perawatan (Rawat Inap)";"Ds. Ndori, Kec. Ndori";53;"Nusa Tenggara Timur";5308;"Kab. Ende";530817;Ndori;-8.8263;121.9328;;pkmmaubasa@gmail.com;;Operasional;Aktif
251;Puskesmas;53080200003;1000084056;MAUKARO;"Puskesmas Perawatan (Rawat Inap)";"Ds. Kebirangga, Kec. Maukaro";53;"Nusa Tenggara Timur";5308;"Kab. Ende";530811;Maukaro;-8.6148;121.525;;puskesmasmaukaro13@gmail.com;;Operasional;Aktif
252;Puskesmas;53080200018;1000084173;MAUROLE;"Puskesmas Perawatan (Rawat Inap)";"Ds. Watukamba, Kec. Maurole";53;"Nusa Tenggara Timur";5308;"Kab. Ende";530810;Maurole;-8.511;121.8023;;londakristina@gmail.com;;Operasional;Aktif
253;Puskesmas;53080200016;1000084185;MONI;"Puskesmas Perawatan (Rawat Inap)";"Ds. Woloara, Kec. Kelimutu";53;"Nusa Tenggara Timur";5308;"Kab. Ende";530814;Kelimutu;-8.7565;121.8556;;puskesmasmoni18@gmail.com;;Operasional;Aktif
254;Puskesmas;53080200026;53080200026;MUKUSAKI;"Puskesmas Perawatan (Rawat Inap)";"Jl. Trans Utara - Maukaro, Desa Mukusaki";53;"Nusa Tenggara Timur";5308;"Kab. Ende";530807;Wewaria;-8.567363499999999;121.6213223;1234567890;mukusakipuskesmas@gmail.com;;Operasional;Aktif
255;Puskesmas;53080200001;1000084135;"NANGA PANDA";"Puskesmas Perawatan (Rawat Inap)";"Kel. Ndorurea, Kec. Nangapanda";53;"Nusa Tenggara Timur";5308;"Kab. Ende";530801;Nangapanda;-8.7928;121.4691;;puskesmasnangapanda@yahoo.com;;Operasional;Aktif
256;Puskesmas;53080200004;1000084159;NDETUNDORA;"Puskesmas Perawatan (Rawat Inap)";"Ds. Ndetundora I, Kec. Ende";53;"Nusa Tenggara Timur";5308;"Kab. Ende";530803;Ende;-8.8031;121.6361;;ndetundorap@gmail.com;;Operasional;Aktif
257;Puskesmas;53080200011;1000084214;NGALUPOLO;"Puskesmas Non Perawatan";"Ds. Ngalupolo, Kec. Ndona";53;"Nusa Tenggara Timur";5308;"Kab. Ende";530805;Ndona;-8.8716;121.7352;;pkmngalupolo23@gmail.com;;Operasional;Aktif
258;Puskesmas;53080200009;1000084252;ONEKORE;"Puskesmas Non Perawatan";"Kel. Onekore, Kec. Ende Tengah";53;"Nusa Tenggara Timur";5308;"Kab. Ende";530819;"Ende Tengah";-8.8366;121.6518;;;;Operasional;Aktif
259;Puskesmas;53080200021;1000084197;PEIBENGA;"Puskesmas Perawatan (Rawat Inap)";"Ds. Ngumbelaka, Kec. Lepembusu Kelisoke";53;"Nusa Tenggara Timur";5308;"Kab. Ende";530821;"Lepembusu Kelisoke";-8.6892;121.8495;;peibengaakreditasi@gmail.com;;Operasional;Aktif
260;Puskesmas;53080200007;1000084264;REWARANGGA;"Puskesmas Non Perawatan";"Kel. Rewarangga, Kec. Ende Timur";53;"Nusa Tenggara Timur";5308;"Kab. Ende";530820;"Ende Timur";-8.823;121.6782;;prewarangga@gmail.com;;Operasional;Aktif
261;Puskesmas;53080200005;1000084202;"RIA RAJA";"Puskesmas Perawatan (Rawat Inap)";"Ds. Rukuramba, Kec. Ende";53;"Nusa Tenggara Timur";5308;"Kab. Ende";530803;Ende;-8.7916;121.597;;pusk.riaraja2023@gmail.com;;Operasional;Aktif
262;Puskesmas;53080200012;1000084070;ROGA;"Puskesmas Perawatan (Rawat Inap)";"Ds. Roga, Kec. Ndona Timur";53;"Nusa Tenggara Timur";5308;"Kab. Ende";530816;"Ndona Timur";-8.8179;121.7679;;pkmroga@gmail.com;;Operasional;Aktif
263;Puskesmas;53080200006;1000084240;"RUKUN LIMA";"Puskesmas Non Perawatan";"Kel. Rukun Lima, Kec. Ende Selatan";53;"Nusa Tenggara Timur";5308;"Kab. Ende";530804;"Ende Selatan";-8.8512;121.6439;;pkmrukunlima@gmail.com;;Operasional;Aktif
264;Puskesmas;53080200023;1000084111;SAGA;"Puskesmas Non Perawatan";"Ds. Saga, Kec. Detusoko";53;"Nusa Tenggara Timur";5308;"Kab. Ende";530806;Detusoko;-8.7694;121.7349;;arkadiusdominggo48@gmail.com;;Operasional;Aktif
265;Puskesmas;53080200015;1000084094;WATUNESO;"Puskesmas Perawatan (Rawat Inap)";"Kec. Watuneso, Kec. Lio Timur";53;"Nusa Tenggara Timur";5308;"Kab. Ende";530812;"Lio Timur";-8.7865;121.9769;;puskesmaswatuneso2@gmail.com;;Operasional;Aktif
266;Puskesmas;53080200020;1000084123;WATUNGGERE;"Puskesmas Perawatan (Rawat Inap)";"Ds. Maurole Selatan, Kec. Detukeli";53;"Nusa Tenggara Timur";5308;"Kab. Ende";530815;Detukeli;-8.6361;121.8183;;pkmwangger@yahoo.com;;Operasional;Aktif
267;Puskesmas;53080200024;1000084161;WELAMOSA;"Puskesmas Perawatan (Rawat Inap)";"Ds. Welamosa, Kec. Wewaria";53;"Nusa Tenggara Timur";5308;"Kab. Ende";530807;Wewaria;-8.6058;121.7176;;puskesmaswelamosa2023@gmail.com;;Operasional;Aktif
268;Puskesmas;53080200013;1000084082;"WOLO WARU";"Puskesmas Perawatan (Rawat Inap)";"Ds. Bokasape, Kec. Wolowaru";53;"Nusa Tenggara Timur";5308;"Kab. Ende";530808;Wolowaru;-8.7784;121.8867;;pkmwolowaru70@gmail.com;;Operasional;Aktif
269;Puskesmas;53080200014;1000084109;WOLOJITA;"Puskesmas Perawatan (Rawat Inap)";"Kel. Wolojita, Kec. Wolojita";53;"Nusa Tenggara Timur";5308;"Kab. Ende";530809;Wolojita;-8.8535;121.8067;;nonahilaria66@gmail.com;;Operasional;Aktif
270;Puskesmas;53090200001;1000062383;AIMERE;"Puskesmas Perawatan (Rawat Inap)";"Ds. Aimere Timur, Kec. Aimere";53;"Nusa Tenggara Timur";5309;"Kab. Ngada";530901;Aimere;-8.84518;120.8583;;warusobayesto2@gmail.com;;Operasional;Aktif
271;Puskesmas;53090200015;1000062498;BOBA;"Puskesmas Non Perawatan";"Ds. Wogowela Kec. Golewa Selatan";53;"Nusa Tenggara Timur";5309;"Kab. Ngada";530918;"Golewa Selatan";-6.23846;106.79416;;puskesmasboba2018@gmail.com;;Operasional;Aktif
272;Puskesmas;53090200016;1000062577;DONA;"Puskesmas Non Perawatan";"Ds. Naruwolo I Kec. Jerebuu";53;"Nusa Tenggara Timur";5309;"Kab. Ngada";530912;Jerebuu;-6.23846;106.79416;;hardianusbegugoze25@gmail.com;;Operasional;Aktif
273;Puskesmas;53090200021;1000670128;"INELIKA RAYA";"Puskesmas Non Perawatan";"Jl. TW Mengeruda, Desa Wololika";53;"Nusa Tenggara Timur";5309;"Kab. Ngada";530915;"Bajawa Utara";-8.73621;120.9975;;pkminlr722@gmail.com;;Operasional;Aktif
274;Puskesmas;53090200002;1000062553;INERIE;"Puskesmas Non Perawatan";"Ds. Kelitey Kec. Inerie";53;"Nusa Tenggara Timur";5309;"Kab. Ngada";530920;Inerie;-8.93755;120.94636;;puskesmasinerie@yahoo.com;;Operasional;Aktif
275;Puskesmas;53090200006;1000062412;KOELODA;"Puskesmas Perawatan (Rawat Inap)";"Ds. Todabelu, Kec. Golewa";53;"Nusa Tenggara Timur";5309;"Kab. Ngada";530902;Golewa;-8.82262;121.08391;;pkmkoeloda@yahoo.co.id;;Operasional;Aktif
276;Puskesmas;53090200004;1000062515;KOTA;"Puskesmas Non Perawatan";"Ds. Jawameze, Kec. Bajawa";53;"Nusa Tenggara Timur";5309;"Kab. Ngada";530906;Bajawa;-8.78447;120.96439;;puskesmaskotabajawa@gmail.com;;Operasional;Aktif
277;Puskesmas;53090200008;1000062541;LADJA;"Puskesmas Non Perawatan";"Ds. Ladja Kec. Golewa Selatan";53;"Nusa Tenggara Timur";5309;"Kab. Ngada";530918;"Golewa Selatan";-8.8603;121.10718;;puskesmasladja@gmail.com;;Operasional;Aktif
278;Puskesmas;53090200017;1000062539;LANGA;"Puskesmas Non Perawatan";"Ds. Bomari Kec. Bajawa";53;"Nusa Tenggara Timur";5309;"Kab. Ngada";530906;Bajawa;-6.23846;106.79416;;puskesmaslanga5@gmail.com;;Operasional;Aktif
279;Puskesmas;53090200020;1000062565;LENGKOSAMBI;"Puskesmas Non Perawatan";"Jl. Raya Riung - Mbay";53;"Nusa Tenggara Timur";5309;"Kab. Ngada";530909;Riung;-8.44663;121.13208;81237589210;puskesmaslengkosambi@gmail.com;;Operasional;Aktif
280;Puskesmas;53090200018;1000062450;LINDI;"Puskesmas Non Perawatan";"Ds. Benteng Tawa Kec. Riung Barat";53;"Nusa Tenggara Timur";5309;"Kab. Ngada";530914;"Riung Barat";-8.61757;120.9109;;puskesmaslindi2018@gmail.com;;Operasional;Aktif
281;Puskesmas;53090200007;1000062436;MANGULEWA;"Puskesmas Non Perawatan";"Ds. Mangulewa, Kec. Golewa Barat";53;"Nusa Tenggara Timur";5309;"Kab. Ngada";530919;"Golewa Barat";-8.7893;120.99715;;puskesmasmangulewa13@gmail.com;;Operasional;Aktif
282;Puskesmas;53090200013;1000062424;MARONGGELA;"Puskesmas Perawatan (Rawat Inap)";"Ds. Wolomeze, Kec. Riung Barat";53;"Nusa Tenggara Timur";5309;"Kab. Ngada";530914;"Riung Barat";-8.52721;120.94603;;pkmmaronggela@gmail.com;;Operasional;Aktif
283;Puskesmas;53090200014;1000062448;"NATA RANDANG";"Puskesmas Non Perawatan";"Kec. Wolomeze";53;"Nusa Tenggara Timur";5309;"Kab. Ngada";530916;Wolomeze;-8.6192;121.06342;;pkmnatarandang19@gmail.com;;Operasional;Aktif
284;Puskesmas;53090200019;1000062486;RADABATA;"Puskesmas Non Perawatan";"Ds. Radabata Kec. Golewa";53;"Nusa Tenggara Timur";5309;"Kab. Ngada";530902;Golewa;-6.23846;106.79416;;pkmrdbt21@gmail.com;;Operasional;Aktif
285;Puskesmas;53090200012;1000062474;RAWANGKALO;"Puskesmas Non Perawatan";"Ds. Rawangkalo Kec. Riung";53;"Nusa Tenggara Timur";5309;"Kab. Ngada";530909;Riung;-8.49056;121.05588;;rawangkalo@gmail.com;;Operasional;Aktif
286;Puskesmas;53090200011;1000062395;RIUNG;"Puskesmas Perawatan (Rawat Inap)";"Ds. Benteng Tengah, Kec. Riung";53;"Nusa Tenggara Timur";5309;"Kab. Ngada";530909;Riung;-8.42726;121.02554;;puskesmasriung@gmail.com;;Operasional;Aktif
287;Puskesmas;53090200022;1000670130;SOA;"Puskesmas Non Perawatan";"Anafolo, Desa Tarawaja Kec Soa";53;"Nusa Tenggara Timur";5309;"Kab. Ngada";530907;Soa;-8.73595;120.95888;;puskesmassoa2022@gmail.com;;Operasional;Aktif
288;Puskesmas;53090200005;1000062503;SURISINA;"Puskesmas Non Perawatan";"Ds. Faobata, Kec. Bajawa";53;"Nusa Tenggara Timur";5309;"Kab. Ngada";530906;Bajawa;-8.78318;120.98881;;puskesmassurisina1983@gmail.com;;Operasional;Aktif
289;Puskesmas;53090200023;1000670116;"ULUWAE RAYA";"Puskesmas Non Perawatan";"Malakiku - Desa Uluwae 2 Kec. Bajawa Utara";53;"Nusa Tenggara Timur";5309;"Kab. Ngada";530915;"Bajawa Utara";-8.68672;120.88943;;surifabianus8@gmail.com;;Operasional;Aktif
290;Puskesmas;53090200010;1000062400;WAEPANA;"Puskesmas Perawatan (Rawat Inap)";"Ds. Waepana, Kec. Soa";53;"Nusa Tenggara Timur";5309;"Kab. Ngada";530907;Soa;-8.69782;121.03514;;pkmwaepanatersenyum21@gmail.com;;Operasional;Aktif
291;Puskesmas;53090200009;1000062527;"WATU KAPU";"Puskesmas Non Perawatan";"Kec. Bajawa Utara";53;"Nusa Tenggara Timur";5309;"Kab. Ngada";530915;"Bajawa Utara";-8.67834;120.94625;;pwatukapu2018@gmail.com;;Operasional;Aktif
292;Puskesmas;53090200003;1000062462;WATUMANU;"Puskesmas Non Perawatan";"Ds. Watumanu, Kec. Jerebuu";53;"Nusa Tenggara Timur";5309;"Kab. Ngada";530912;Jerebuu;-8.89822;120.99014;;pkmwatumanu2022@gmail.com;;Operasional;Aktif
293;Puskesmas;53090200024;1000670142;WOLOWIO;"Puskesmas Non Perawatan";"Wolowio, Jl. Likowali Beiposo Kec. Bajawa";53;"Nusa Tenggara Timur";5309;"Kab. Ngada";530906;Bajawa;-8.77708;120.95318;;puskesmaswolowio@gmail.com;;Operasional;Aktif
294;Puskesmas;53100200022;1000145305;ANAM;"Puskesmas Non Perawatan";"Jl. Ruteng -Labuan Bajo Anam Desa Bulan Kec Ruteng";53;"Nusa Tenggara Timur";5310;"Kab. Manggarai";531003;Ruteng;-8.63474;120.35299;81236804972;uptdpuskesmasanam@gmail.com;;Operasional;Aktif
295;Puskesmas;53100200012;1000145317;"BANGKA KENDA";"Puskesmas Non Perawatan";"Kec. Wae Rii";53;"Nusa Tenggara Timur";5310;"Kab. Manggarai";531001;"Wae Rii";-8.56464;120.45922;;;;Operasional;Aktif
296;Puskesmas;53100200018;1000145379;"BEA MESE";"Puskesmas Non Perawatan";"Kec. Cibal";53;"Nusa Tenggara Timur";5310;"Kab. Manggarai";531006;Cibal;-8.73181;120.38758;;;;Operasional;Aktif
297;Puskesmas;53100200008;1000145408;CANCAR;"Puskesmas Non Perawatan";"Kec. Ruteng";53;"Nusa Tenggara Timur";5310;"Kab. Manggarai";531003;Ruteng;-8.58539;120.37953;;puskesmascancar@gmail.com;;Operasional;Aktif
298;Puskesmas;53100200005;1000145422;DINTOR;"Puskesmas Non Perawatan";"Kec. Satar Mese Barat";53;"Nusa Tenggara Timur";5310;"Kab. Manggarai";531013;"Satar Mese Barat";-8.80933;120.36994;;puskesmasdintor.bok@gmail.com;;Operasional;Aktif
299;Puskesmas;53100200001;1000145276;ITENG;"Puskesmas Perawatan (Rawat Inap)";"Iteng Satar Mese";53;"Nusa Tenggara Timur";5310;"Kab. Manggarai";531005;"Satar Mese";-8.81258;120.42564;082145423853;hermanusmangkur@gmail.com;;Operasional;Aktif
300;Puskesmas;53100200013;1000145240;KETANG;"Puskesmas Non Perawatan";"Kec. Lelak";53;"Nusa Tenggara Timur";5310;"Kab. Manggarai";531015;Lelak;-8.64158;120.33419;;puskesmasketang267@gmail.com;;Operasional;Aktif
301;Puskesmas;53100200006;1000145329;KOTA;"Puskesmas Non Perawatan";"Kec. Langke Rembong";53;"Nusa Tenggara Timur";5310;"Kab. Manggarai";531012;"Langke Rembong";-8.37611;120.33364;;pkmkotaruteng10@gmail.com;;Operasional;Aktif
302;Puskesmas;53100200007;1000145381;LA'O;"Puskesmas Non Perawatan";"Kec. Langke Rembong";53;"Nusa Tenggara Timur";5310;"Kab. Manggarai";531012;"Langke Rembong";-8.60417;120.44978;;pkmlao2018@gmail.com;;Operasional;Aktif
303;Puskesmas;53100200024;1000670245;LANGGO;"Puskesmas Non Perawatan";"Langgo Desa Langgo Kec.  Satar Mese";53;"Nusa Tenggara Timur";5310;"Kab. Manggarai";531005;"Satar Mese";-8.77764;120.46274;;;;Operasional;Aktif
304;Puskesmas;53100200004;1000145264;"LANGKE MAJOK";"Puskesmas Perawatan (Rawat Inap)";"Jln.Pater Stanis Ograbek Nao Satar Mese Utara";53;"Nusa Tenggara Timur";5310;"Kab. Manggarai";531018;"Satar Mese Utara";-8.67436;120.36092;082341191000;uptdpkmlmajok2007@gmail.com;;Operasional;Aktif
305;Puskesmas;53100200021;1000145355;LOCE;"Puskesmas Non Perawatan";"Kec. Reok Barat";53;"Nusa Tenggara Timur";5310;"Kab. Manggarai";531016;"Reok Barat";-8.38458;120.3794;;pkmloce123@gmail.com;;Operasional;Aktif
306;Puskesmas;53100200014;1000145238;NANU;"Puskesmas Non Perawatan";"Kec. Rahong Utara";53;"Nusa Tenggara Timur";5310;"Kab. Manggarai";531014;"Rahong Utara";-8.52708;120.38969;;puskesmasnanu1@gmail.com;;Operasional;Aktif
307;Puskesmas;53100200003;1000145288;NARANG;"Puskesmas Perawatan (Rawat Inap)";"Kec. Satar Mese Barat";53;"Nusa Tenggara Timur";5310;"Kab. Manggarai";531013;"Satar Mese Barat";-8.77072;120.37372;;yomaneus@gmail.com;;Operasional;Aktif
308;Puskesmas;53100200016;1000145252;PAGAL;"Puskesmas Perawatan (Rawat Inap)";"Ds. Pagal, Kec. Cibal";53;"Nusa Tenggara Timur";5310;"Kab. Manggarai";531006;Cibal;-8.50972;120.49197;;reginajuita@yahoo.com;;Operasional;Aktif
309;Puskesmas;53100200002;1000145214;PONGGEOK;"Puskesmas Perawatan (Rawat Inap)";"Kec. Satar Mese";53;"Nusa Tenggara Timur";5310;"Kab. Manggarai";531005;"Satar Mese";-8.72283;120.41417;;puskesmasponggeok11@gmail.com;;Operasional;Aktif
310;Puskesmas;53100200019;1000145202;REO;"Puskesmas Perawatan (Rawat Inap)";"Ds. Reo, Kec. Reok";53;"Nusa Tenggara Timur";5310;"Kab. Manggarai";531011;Reok;-8.39747;120.37925;;puskesmasreo@gmail.com;;Operasional;Aktif
311;Puskesmas;53100200011;1000145393;TIMUNG;"Puskesmas Non Perawatan";"Timung-Golo Cador -Wae Ri'i";53;"Nusa Tenggara Timur";5310;"Kab. Manggarai";531001;"Wae Rii";-8.57644;120.49958;081355731477;puskesmastimung77@gmail.com;;Operasional;Aktif
312;Puskesmas;53100200023;53100200023;TODO;"Puskesmas Non Perawatan";"Jl. Pater Stanis Ograbeg SVD";53;"Nusa Tenggara Timur";5310;"Kab. Manggarai";531013;"Satar Mese Barat";-8.7276075;120.3703275;81239908014;puskesmastodo17@gmail.com;;Operasional;Aktif
313;Puskesmas;53100200017;1000145290;"WAE CODI";"Puskesmas Non Perawatan";"Ds. Wae Codi, Kec. Cibal";53;"Nusa Tenggara Timur";5310;"Kab. Manggarai";531006;Cibal;-8.68244;120.35281;;;;Operasional;Aktif
314;Puskesmas;53100200020;1000145226;"WAE KAJONG";"Puskesmas Perawatan (Rawat Inap)";"Ds. Wae Kajong, Kec. Reok";53;"Nusa Tenggara Timur";5310;"Kab. Manggarai";531011;Reok;-8.37667;120.33381;;Pkmwaekajong12@gmail.com;;Operasional;Aktif
315;Puskesmas;53100200009;1000145331;WAEMBELENG;"Puskesmas Non Perawatan";"Kec. Ruteng";53;"Nusa Tenggara Timur";5310;"Kab. Manggarai";531003;Ruteng;-8.40864;120.41433;;puskesmaswaembeleng01@gmail.com;;Operasional;Aktif
316;Puskesmas;53100200015;1000145343;WANGKO;"Puskesmas Non Perawatan";"Kec. Rahong Utara";53;"Nusa Tenggara Timur";5310;"Kab. Manggarai";531014;"Rahong Utara";-8.55108;120.41017;;puskesmas.wangko2008@gmail.com;;Operasional;Aktif
317;Puskesmas;53100200010;1000145367;"WATU ALO";"Puskesmas Non Perawatan";"Kec. Wae Rii";53;"Nusa Tenggara Timur";5310;"Kab. Manggarai";531001;"Wae Rii";-8.57519;120.47908;;Puskesmas.walo@gmail.com;;Operasional;Aktif
318;Puskesmas;53110200014;1000122171;BAING;"Puskesmas Perawatan (Rawat Inap)";"Ds. Hadakambali, Kec. Wulla Waijelu";53;"Nusa Tenggara Timur";5311;"Kab. Sumba Timur";531111;"Wulla Waijelu";-10.2268;120.55403;;Puskesmasbaing@gmail.com;;Operasional;Aktif
319;Puskesmas;53110200023;1000122327;BANGGAWATU;"Puskesmas Non Perawatan";"Ds Banggawatu Kec. Tabundung";53;"Nusa Tenggara Timur";5311;"Kab. Sumba Timur";531105;Tabundung;-6.23846;106.79416;0;0;;Operasional;Aktif
320;Puskesmas;53110200020;1000122262;KAMBANIRU;"Puskesmas Non Perawatan";"Ds. Kambaniru, Kec. Kambera";53;"Nusa Tenggara Timur";5311;"Kab. Sumba Timur";531116;Kambera;-9.66438;120.29137;;pkmkambaniru99@gmail.com;;Operasional;Aktif
321;Puskesmas;53110200018;1000122248;"KAMBATA MAPAMBUHANG";"Puskesmas Non Perawatan";"Kec. Kambata Mapambuhang";53;"Nusa Tenggara Timur";5311;"Kab. Sumba Timur";531117;"Kambata Mapambuhang";-9.82335;120.24998;;asnad.andung@gmail.com;;Operasional;Aktif
322;Puskesmas;53110200007;1000122200;KANANGGAR;"Puskesmas Perawatan (Rawat Inap)";"Ds. Kananggar, Kec. Paberiwai";53;"Nusa Tenggara Timur";5311;"Kab. Sumba Timur";531112;Paberiwai;-10.04388;120.367;;puskesmaskananggar01@gmail.com;;Operasional;Aktif
323;Puskesmas;53110200022;1000122236;KANATANG;"Puskesmas Non Perawatan";"Kec. Kanatang";53;"Nusa Tenggara Timur";5311;"Kab. Sumba Timur";531120;Kanatang;-9.5975;120.22378;;puskesmaskanatang@gmail.com;;Operasional;Aktif
324;Puskesmas;53110200010;1000122119;KATAKA;"Puskesmas Perawatan (Rawat Inap)";"Ds. Matawai Maringu, Kec. Kahaungu Eti";53;"Nusa Tenggara Timur";5311;"Kab. Sumba Timur";531114;"Kahaungu Eti";-9.90623;120.48198;;puskesmaskataka2018@gmail.com;;Operasional;Aktif
325;Puskesmas;53110200017;1000122250;KAWANGU;"Puskesmas Non Perawatan";"Ds. Kawangu, Kec. Pandawai";53;"Nusa Tenggara Timur";5311;"Kab. Sumba Timur";531107;Pandawai;-9.6753;120.3275;;pkmkawangu230303@gmail.com;;Operasional;Aktif
326;Puskesmas;53110200004;1000122298;KOMBAPARI;"Puskesmas Non Perawatan";"Ds. Kombapari, Kec. Katala Hamu Lingu";53;"Nusa Tenggara Timur";5311;"Kab. Sumba Timur";531119;"Katala Hamu Lingu";-9.78543;119.93673;;;;Operasional;Aktif
327;Puskesmas;53110200006;1000122183;LAILUNGGI;"Puskesmas Non Perawatan";"Ds. Lailunggi, Kec. Pinu Pahar";53;"Nusa Tenggara Timur";5311;"Kab. Sumba Timur";531106;"Pinu Pahar";-10.17287;120.11717;;puskesmaslailunggi2021@gmail.com;;Operasional;Aktif
328;Puskesmas;53110200001;1000122107;LEWA;"Puskesmas Perawatan (Rawat Inap)";"Kel. Lewa Paku, Kec. Lewa";53;"Nusa Tenggara Timur";5311;"Kab. Sumba Timur";531103;Lewa;-9.70267;119.8789;;puskesmaslewa03@gmail.com;;Operasional;Aktif
329;Puskesmas;53110200003;1000122157;"LEWA TIDAHU";"Puskesmas Non Perawatan";"Kec. Lewa Tidahu";53;"Nusa Tenggara Timur";5311;"Kab. Sumba Timur";531118;"Lewa Tidahu";-9.71253;120.02615;;pkmlewatidahu@gmail.com;;Operasional;Aktif
330;Puskesmas;53110200011;1000122121;MAHU;"Puskesmas Non Perawatan";"Kec. Mahu";53;"Nusa Tenggara Timur";5311;"Kab. Sumba Timur";531122;Mahu;-10.07992;120.51875;;mahupuskesmas@gmail.com;;Operasional;Aktif
331;Puskesmas;53110200005;1000122133;MALAHAR;"Puskesmas Perawatan (Rawat Inap)";"Ds. Billa, Kec. Tabundung";53;"Nusa Tenggara Timur";5311;"Kab. Sumba Timur";531105;Tabundung;-9.94618;120.07782;;puskesmasmalahar@gmail.com;;Operasional;Aktif
332;Puskesmas;53110200013;1000122212;MANGILI;"Puskesmas Perawatan (Rawat Inap)";"Desa Kaliuda, Kec. Pahunga Lodu";53;"Nusa Tenggara Timur";5311;"Kab. Sumba Timur";531110;"Pahunga Lodu";-10.14515;120.70863;;pkmmangili8@gmail.com;;Operasional;Aktif
333;Puskesmas;53110200016;1000122145;MELOLO;"Puskesmas Perawatan (Rawat Inap)";"Kel. Matawai Atu, Kec. Umalulu";53;"Nusa Tenggara Timur";5311;"Kab. Sumba Timur";531108;Umalulu;-9.89517;120.66172;;akreditasipuskesmasmelolo@gmail.com;;Operasional;Aktif
334;Puskesmas;53110200012;1000122315;"NGADU NGALA";"Puskesmas Non Perawatan";"Kec. Ngadu Ngala";53;"Nusa Tenggara Timur";5311;"Kab. Sumba Timur";531121;"Ngadu Ngala";-10.17365;120.35815;;pkmngadungala25@gmail.com;;Operasional;Aktif
335;Puskesmas;53110200002;1000122286;NGGOA;"Puskesmas Non Perawatan";"Ds. Makaminggit, Kec. Nggaha Ori Angu";53;"Nusa Tenggara Timur";5311;"Kab. Sumba Timur";531104;"Nggaha Ori Angu";-9.76262;119.80292;;;;Operasional;Aktif
336;Puskesmas;53110200008;1000122169;NGGONGI;"Puskesmas Perawatan (Rawat Inap)";"Ds. Nggongi, Kec. Karera";53;"Nusa Tenggara Timur";5311;"Kab. Sumba Timur";531113;Karera;-10.19445;120.23528;;puskesmasnggongi23@gmail.com;;Operasional;Aktif
337;Puskesmas;53110200024;1000122274;"PAMBOTA NJARA";"Puskesmas Non Perawatan";"Ds. Pambota Njara Kec. Kota Waingapu";53;"Nusa Tenggara Timur";5311;"Kab. Sumba Timur";531101;"Kota Waingapu";-6.23846;106.79416;0;pkmpambotanjara@gmail.com;;Operasional;Aktif
338;Puskesmas;53110200021;1000122092;RAMBANGARU;"Puskesmas Perawatan (Rawat Inap)";"Ds. Rambangaru, Kec. Haharu";53;"Nusa Tenggara Timur";5311;"Kab. Sumba Timur";531102;Haharu;-9.4497;120.05173;;serlykaitapay@gmail.com;;Operasional;Aktif
339;Puskesmas;53110200015;1000122195;TANARAING;"Puskesmas Perawatan (Rawat Inap)";"Ds. Tanaraing, Kec. Rindi";53;"Nusa Tenggara Timur";5311;"Kab. Sumba Timur";531109;Rindi;-9.9852;120.76112;;kawarakonda@gmail.com;;Operasional;Aktif
340;Puskesmas;53110200009;1000122224;TANARARA;"Puskesmas Perawatan (Rawat Inap)";"Ds. Praibokul, Kec. Matawai La Pawu";53;"Nusa Tenggara Timur";5311;"Kab. Sumba Timur";531115;"Matawai La Pawu";-10.00918;120.29523;;pkmtanararamlpakred23;;Operasional;Aktif
341;Puskesmas;53110200019;1000122303;WAINGAPU;"Puskesmas Non Perawatan";"Jl. Cut Nyak Dien, Kec. Kota Waingapu";53;"Nusa Tenggara Timur";5311;"Kab. Sumba Timur";531101;"Kota Waingapu";-9.64575;120.2565;;puskesmaswaingapu210@gmail.com;;Operasional;Aktif
342;Puskesmas;53120200004;1000100783;GAURA;"Puskesmas Non Perawatan";"Kec. Laboya Barat";53;"Nusa Tenggara Timur";5312;"Kab. Sumba Barat";531218;"Laboya Barat";-9.71511;119.26154;;exonmalingara9@gmail.com;;Operasional;Aktif
343;Puskesmas;53120200001;1000100745;KABUKARUDI;"Puskesmas Non Perawatan";"Ds. Kabu Karudi, Kec. Lamboya";53;"Nusa Tenggara Timur";5312;"Kab. Sumba Barat";531212;Lamboya;-9.72064;119.3606;;pkmkabukarudi@gmail.com;;Operasional;Aktif
344;Puskesmas;53120200009;1000100771;"KAREKA NDUKU";"Puskesmas Non Perawatan";"Ds. Kereka nduku Kec. Tana Righu";53;"Nusa Tenggara Timur";5312;"Kab. Sumba Barat";531204;"Tana Righu";-9.52494;119.42004;;karekandukupkm@gmail.com;;Operasional;Aktif
345;Puskesmas;53120200003;1000100719;LAHIHURUK;"Puskesmas Perawatan (Rawat Inap)";"Kec. Wanokaka";53;"Nusa Tenggara Timur";5312;"Kab. Sumba Barat";531211;Wanokaka;-9.6926;119.42703;;puskesmaslahihuruk43@gmail.com;;Operasional;Aktif
346;Puskesmas;53120200010;1000100733;"LOLO WANO";"Puskesmas Non Perawatan";"Jl. Raya Desa Lolo Wano";53;"Nusa Tenggara Timur";5312;"Kab. Sumba Barat";531204;"Tana Righu";-9.45353;119.42555;85238077296;puskesmaslolowano@gmail.com;;Operasional;Aktif
347;Puskesmas;53120200007;1000100721;MALATA;"Puskesmas Non Perawatan";"Ds. Malata, Kec. Tana Righu";53;"Nusa Tenggara Timur";5312;"Kab. Sumba Barat";531204;"Tana Righu";-9.45337;119.38455;;malatapuskesmas@yahoo.com;;Operasional;Aktif
348;Puskesmas;53120200002;1000100757;PADEDEWATU;"Puskesmas Non Perawatan";"Ds. Padedewatu, Kec. Lamboya";53;"Nusa Tenggara Timur";5312;"Kab. Sumba Barat";531212;Lamboya;-9.70645;119.32037;;puskesmaspadediwatu@gmail.com;;Operasional;Aktif
349;Puskesmas;53120200006;1000100769;"PUU WERI";"Puskesmas Non Perawatan";"Kec. Kota Waikabubak";53;"Nusa Tenggara Timur";5312;"Kab. Sumba Barat";531215;"Kota Waikabubak";-9.62847;119.42766;;puskesmaspuuweri1@gmail.com;;Operasional;Aktif
350;Puskesmas;53120200005;1000100795;TANARARA;"Puskesmas Non Perawatan";"Ds. Tanarara, Kec. Loli";53;"Nusa Tenggara Timur";5312;"Kab. Sumba Barat";531210;Loli;-9.74834;119.87547;;endang77marwati@gmail.com;;Operasional;Aktif
351;Puskesmas;53120200008;1000100800;WEEKAROU;"Puskesmas Non Perawatan";"Kel. Loda Kec. Loli";53;"Nusa Tenggara Timur";5312;"Kab. Sumba Barat";531210;Loli;-9.60931;119.41387;;puskesmasweekarou2023@gmail.com;;Operasional;Aktif
352;Puskesmas;53130200010;1000079582;AUTAQNAPOQ;"Puskesmas Perawatan (Rawat Inap)";"Desa Leubatang Kec. Omesuri";53;"Nusa Tenggara Timur";5313;"Kab. Lembata";531306;Omesuri;-8.47191;123.48319;82247800352;pkmauta956@gmail.com;;Operasional;Aktif
353;Puskesmas;53130200008;1000079544;BALAURING;"Puskesmas Perawatan (Rawat Inap)";"Ds. Balauring, Kec. Omesuri";53;"Nusa Tenggara Timur";5313;"Kab. Lembata";531306;Omesuri;-8.23067;123.71396;;pkmbalauring@gmail.com;;Operasional;Aktif
354;Puskesmas;53130200011;1000079611;BEAN;"Puskesmas Perawatan (Rawat Inap)";"Ds. Bean Kec.  Buyasuri";53;"Nusa Tenggara Timur";5313;"Kab. Lembata";531307;Buyasuri;-8.23237;123.8188;85239242469;beanpuskesmas89@mail.com;;Operasional;Aktif
355;Puskesmas;53130200006;1000079647;HADAKEWA;"Puskesmas Perawatan (Rawat Inap)";"Ds. Hadakewa, Kec. Lebatukan";53;"Nusa Tenggara Timur";5313;"Kab. Lembata";531304;Lebatukan;-8.37124;123.54576;;puskesmashadakewa@gmail.com;;Operasional;Aktif
356;Puskesmas;53130200005;1000079570;LAMAAU;"Puskesmas Perawatan (Rawat Inap)";"Ds. Lamaau, Kec. Ile Ape Timur";53;"Nusa Tenggara Timur";5313;"Kab. Lembata";531309;"Ile Ape Timur";-8.23937;123.53008;;puskesmaslamaau85@gmail.com;;Operasional;Aktif
357;Puskesmas;53130200007;1000079659;LEWOLEBA;"Puskesmas Non Perawatan";"Ds. Lewoleba Tengah, Kec. Nubatukan";53;"Nusa Tenggara Timur";5313;"Kab. Lembata";531305;Nubatukan;-8.37163;123.42117;;lewolebapusk009@gmail.com;;Operasional;Aktif
358;Puskesmas;53130200001;1000079556;LOANG;"Puskesmas Perawatan (Rawat Inap)";"Ds. Duawutun, Kec. Nagawutung";53;"Nusa Tenggara Timur";5313;"Kab. Lembata";531301;"Naga Wutung";-8.46755;123.28334;;puskesmasloang08@gmail.com;;Operasional;Aktif
359;Puskesmas;53130200012;1000079594;PADA;"Puskesmas Perawatan (Rawat Inap)";"Desa Pada Kec.  Nubatukan";53;"Nusa Tenggara Timur";5313;"Kab. Lembata";531305;Nubatukan;-8.41343;123.40471;81389727922;puskesmaspada920@gmail.com;;Operasional;Aktif
360;Puskesmas;53130200003;1000079568;WAIKNUIT;"Puskesmas Perawatan (Rawat Inap)";"Ds. Tubuk Rajan, Kec. Atadei";53;"Nusa Tenggara Timur";5313;"Kab. Lembata";531302;Atadei;-8.43851;123.47292;;puskesmaswaiknuit@gmail.com;;Operasional;Aktif
361;Puskesmas;53130200004;1000079635;WAIPUKANG;"Puskesmas Perawatan (Rawat Inap)";"Ds. Laran Wutun, Kec. Ile Ape";53;"Nusa Tenggara Timur";5313;"Kab. Lembata";531303;"Ile Ape";-8.31992;123.46332;;puskesmaswaipukang86@gmail.com;;Operasional;Aktif
362;Puskesmas;53130200009;1000079609;WAIRIANG;"Puskesmas Perawatan (Rawat Inap)";"Ds. Umaleu, Kec. Buyasari";53;"Nusa Tenggara Timur";5313;"Kab. Lembata";531307;Buyasuri;-8.19806;123.81117;;uptdpuskesmaswairiang@gmail.com;;Operasional;Aktif
363;Puskesmas;53130200002;1000079623;WULANDONI;"Puskesmas Perawatan (Rawat Inap)";"Ds. Pantai Harapan, Kec. Wulandoni";53;"Nusa Tenggara Timur";5313;"Kab. Lembata";531308;Wulandoni;-8.53174;123.45217;;;;Operasional;Aktif
364;Puskesmas;53140200004;1000056657;BAA;"Puskesmas Non Perawatan";"Jl. Pabean Ba'a Kel. Nomadalle, Kec. Lobalain";53;"Nusa Tenggara Timur";5314;"Kab. Rote Ndao";531403;Lobalain;-10.73063;123.04591;;puskesmasbaa@gmail.com;;Operasional;Aktif
365;Puskesmas;53140200001;1000056607;BATUTUA;"Puskesmas Perawatan (Rawat Inap)";"Jl. Ba'a - Batutua Kel. Batutua, Kec. Rote Barat Daya";53;"Nusa Tenggara Timur";5314;"Kab. Rote Ndao";531401;"Rote Barat Daya";-10.85456;122.98201;;nappoeyandri03@gmail.com;;Operasional;Aktif
366;Puskesmas;53140200002;1000056633;BUSALANGGA;"Puskesmas Non Perawatan";"Jl. Ba'a - Busalangga Kel. Basulangga, Kec. Rote Barat Laut";53;"Nusa Tenggara Timur";5314;"Kab. Rote Ndao";531402;"Rote Barat Laut";-10.79646;122.99917;;pkmbusalangga01@gmail.com;;Operasional;Aktif
367;Puskesmas;53140200011;1000056566;DELHA;"Puskesmas Perawatan (Rawat Inap)";"Jl. Ba'a - Nemberalla Ds. Nemeralla, Kec. Rote Barat";53;"Nusa Tenggara Timur";5314;"Kab. Rote Ndao";531407;"Rote Barat";-10.89123;122.84354;;Puskesmas.delha@gmail.com;;Operasional;Aktif
368;Puskesmas;53140200009;1000056619;EAHUN;"Puskesmas Perawatan (Rawat Inap)";"Jl. Ba'a - Papela Kel, Londalusi, Kec. Rote Timur";53;"Nusa Tenggara Timur";5314;"Kab. Rote Ndao";531406;"Rote Timur";-10.6217;123.38355;;pkmeahunuptd@gmail.com;;Operasional;Aktif
369;Puskesmas;53140200005;1000056645;FEOPOPI;"Puskesmas Non Perawatan";"Jl. Ba'a - Feapopi Kel,. Onatali, Kec. Rote Tengah";53;"Nusa Tenggara Timur";5314;"Kab. Rote Ndao";531404;"Rote Tengah";-10.6802;123.1128;;puskesmasfeapopi@gmail.com;;Operasional;Aktif
370;Puskesmas;53140200007;1000056592;KORBAFO;"Puskesmas Non Perawatan";"Jl. Ba'a - Pantai Baru Kel. Olafulihaa, Kec. Pantai Baru";53;"Nusa Tenggara Timur";5314;"Kab. Rote Ndao";531405;"Pantai Baru";-10.65206;123.23455;;vebrybanimd@gmail.com;;Operasional;Aktif
371;Puskesmas;53140200012;1000056621;NDAO;"Puskesmas Perawatan (Rawat Inap)";"Ds. Nda/Nuse, Kec. Rote Barat";53;"Nusa Tenggara Timur";5314;"Kab. Rote Ndao";531407;"Rote Barat";-10.78138;122.76131;;puskesmasndao23@gmail.com;;Operasional;Aktif
372;Puskesmas;53140200003;1000056580;OELABA;"Puskesmas Non Perawatan";"Jl. Ba'a - Olelaba Ds. Oela, Kec. Rote Barat Laut";53;"Nusa Tenggara Timur";5314;"Kab. Rote Ndao";531402;"Rote Barat Laut";-10.76731;122.91438;;oelabaakreditasi@gmail.com;;Operasional;Aktif
373;Puskesmas;53140200006;1000056542;OELE;"Puskesmas Non Perawatan";"Jl. Ba'a - Oele Ds. Daleholu, Kec. Rote Selatan";53;"Nusa Tenggara Timur";5314;"Kab. Rote Ndao";531408;"Rote Selatan";-10.78825;123.17681;;Uptdpuskesmasoele@gmail.com;;Operasional;Aktif
374;Puskesmas;53140200008;1000056554;SONIMANU;"Puskesmas Non Perawatan";"Jl. Ba'a - Sonimanu Desa, Kec. Pantai Baru";53;"Nusa Tenggara Timur";5314;"Kab. Rote Ndao";531405;"Pantai Baru";-10.71871;123.28657;;puskessonimanu@gmail.com;;Operasional;Aktif
375;Puskesmas;53140200010;1000056578;"SOTI MORI";"Puskesmas Perawatan (Rawat Inap)";"Jl. Ba'a - Daimana Ds. Sotimori, Kec. Rote Timur";53;"Nusa Tenggara Timur";5314;"Kab. Rote Ndao";531406;"Rote Timur";-10.53662;123.31055;;pkmsotimori01@gmail.com;;Operasional;Aktif
376;Puskesmas;53150200014;1000139679;BARI;"Puskesmas Perawatan (Rawat Inap)";"Dusun Rengge, Desa Bari, Kec. Macang Pacar";53;"Nusa Tenggara Timur";5315;"Kab. Manggarai Barat";531501;"Macang Pacar";-8.35742;120.18698;;Pusk_Bari23@gmail.com;;Operasional;Aktif
377;Puskesmas;53150200002;1000139813;BENTENG;"Puskesmas Non Perawatan";"Pongkor Desa Golo Pongkor Kec. Komodo";53;"Nusa Tenggara Timur";5315;"Kab. Manggarai Barat";531505;Komodo;-8.59002;119.89214;;puskbenteng14@gmail.com;;Operasional;Aktif
378;Puskesmas;53150200022;1000742153;COMPANG;"Puskesmas Non Perawatan";"Noa,Desa Compang";53;"Nusa Tenggara Timur";5315;"Kab. Manggarai Barat";531511;Pacar;-8.52937;120.1965;;pkmcompang@gmail.com;;Operasional;Aktif
379;Puskesmas;53150200009;1000139772;DATAK;"Puskesmas Non Perawatan";"Datak RT.001/RW.002, Desa Golo Ronggot, Kec.  Welak";53;"Nusa Tenggara Timur";5315;"Kab. Manggarai Barat";531507;Welak;-8.62823;120.17473;;puskesmasdatak22@gmail.com;;Operasional;Aktif
380;Puskesmas;53150200010;1000139693;"GOLO WELU";"Puskesmas Perawatan (Rawat Inap)";"Golo Welu, Kelurahan  Nantal, Kec.  Kuwus";53;"Nusa Tenggara Timur";5315;"Kab. Manggarai Barat";531502;Kuwus;-8.56833;120.31117;;pkmgolowelu22@gmail.com;;Operasional;Aktif
381;Puskesmas;53150200001;1000139722;"LABUAN BAJO";"Puskesmas Non Perawatan";"Jl. Bidadari No.1 Kelurahan Labuan Bajo Kec.  Komodo";53;"Nusa Tenggara Timur";5315;"Kab. Manggarai Barat";531505;Komodo;-8.49726;119.88062;;labuanbajo.pkm@gmail.com;;Operasional;Aktif
382;Puskesmas;53150200016;53150200016;"LENGKONG CEPANG";"Puskesmas Non Perawatan";"Ds. Watu Tiri Kec. Lembor Selatan";53;"Nusa Tenggara Timur";5315;"Kab. Manggarai Barat";531509;"Lembor Selatan";-8.769317899999999;120.2035065;;puskesmaslcepang@gmail.com;;Operasional;Aktif
383;Puskesmas;53150200017;1000139796;"NANGA TERANG";"Puskesmas Non Perawatan";"Ds. Golo Sepang Kec. Boleng";53;"Nusa Tenggara Timur";5315;"Kab. Manggarai Barat";531506;Boleng;-8.45252;120.07768;;pkmnangaterang22@gmail.com;;Operasional;Aktif
384;Puskesmas;53150200007;1000139734;NANGALILI;"Puskesmas Non Perawatan";"Nangalili, RT: 009 RW: 002, Desa Nangalili, Kec. Lembor Selatan";53;"Nusa Tenggara Timur";5315;"Kab. Manggarai Barat";531509;"Lembor Selatan";-8.75899;120.13059;;pkmn.databank@gmail.com;;Operasional;Aktif
385;Puskesmas;53150200008;1000139758;ORONG;"Puskesmas Perawatan (Rawat Inap)";"Karot, Desa  Orong, Kec.  Welak";53;"Nusa Tenggara Timur";5315;"Kab. Manggarai Barat";531507;Welak;-8.65577;120.23363;;;;Operasional;Aktif
386;Puskesmas;53150200013;1000139746;PACAR;"Puskesmas Perawatan (Rawat Inap)";"Pacar RT.001/RW.001, Desa Pacar, Kec.  Pacar";53;"Nusa Tenggara Timur";5315;"Kab. Manggarai Barat";531501;"Macang Pacar";-8.48365;120.20317;;siprijamat@gmail.com;;Operasional;Aktif
387;Puskesmas;53150200012;1000139801;RANGGU;"Puskesmas Non Perawatan";"Ranggu RT.001/RW.003, Desa Ranggu, Kec.  Kuwus Barat";53;"Nusa Tenggara Timur";5315;"Kab. Manggarai Barat";531502;Kuwus;-8.58328;120.25643;;pkmranggu17@gmail.com;;Operasional;Aktif
388;Puskesmas;53150200015;1000139825;REGO;"Puskesmas Non Perawatan";"Nara-Desa Rego";53;"Nusa Tenggara Timur";5315;"Kab. Manggarai Barat";531501;"Macang Pacar";-8.42334;120.26227;;;;Operasional;Aktif
389;Puskesmas;53150200005;1000139655;REKAS;"Puskesmas Non Perawatan";"Rekas RT/RW 05/02, Desa Kempo, Kec.  Mbeliling";53;"Nusa Tenggara Timur";5315;"Kab. Manggarai Barat";531510;Mbeliling;-8.62469;120.05057;;pkmrekas@gmail.com;;Operasional;Aktif
390;Puskesmas;53150200011;1000139708;TENTANG;"Puskesmas Perawatan (Rawat Inap)";"Tentang, RT 004/ RW 002, Desa Tentang";53;"Nusa Tenggara Timur";5315;"Kab. Manggarai Barat";531508;Ndoso;-8.51;120.34878;;puskemastentang22@gmail.com;;Operasional;Aktif
391;Puskesmas;53150200003;1000139710;TERANG;"Puskesmas Perawatan (Rawat Inap)";"RT.002/RW.002 Desa Mbuit, Kec. Boleng";53;"Nusa Tenggara Timur";5315;"Kab. Manggarai Barat";531506;Boleng;-8.50193;120.07903;;puskesmasterang25@gmai.com;;Operasional;Aktif
392;Puskesmas;53150200018;1000139851;"WAE KANTA";"Puskesmas Non Perawatan";"Ds. Wae Kanta Kec. Lembor";53;"Nusa Tenggara Timur";5315;"Kab. Manggarai Barat";531503;Lembor;-8.67062;120.24262;;puskesmaswaekanta1402@gmail.com;;Operasional;Aktif
393;Puskesmas;53150200006;1000139667;"WAE NAKENG";"Puskesmas Perawatan (Rawat Inap)";"Jl. Trans Ruteng-Labuan Bajo,Kelurahan Tangge, Kec. Lembor";53;"Nusa Tenggara Timur";5315;"Kab. Manggarai Barat";531503;Lembor;-8.70761;120.16885;;ratnababur090986@gmail.com;;Operasional;Aktif
394;Puskesmas;53150200019;1000139849;"WAE PITAK";"Puskesmas Non Perawatan";"Ds. Tueng Kec. Kuwus Barat";53;"Nusa Tenggara Timur";5315;"Kab. Manggarai Barat";531512;"Kuwus Barat";-8.54852;120.24926;;puskesmaswaepitak2023@gmail.com;;Operasional;Aktif
395;Puskesmas;53150200020;1000139837;WANING;"Puskesmas Non Perawatan";"Ds. Waning Kec. Ndoso";53;"Nusa Tenggara Timur";5315;"Kab. Manggarai Barat";531508;Ndoso;-8.48979;120.29599;;pusk.waning0218@gmail.com;;Operasional;Aktif
396;Puskesmas;53150200021;1000139784;WARSAWE;"Puskesmas Non Perawatan";"Ds. Cunca Kec. Mbeliling";53;"Nusa Tenggara Timur";5315;"Kab. Manggarai Barat";531510;Mbeliling;-8.57049;119.96249;;Pkmwsw2015@gmail.com;;Operasional;Aktif
397;Puskesmas;53150200004;1000139681;WERANG;"Puskesmas Perawatan (Rawat Inap)";"Werang Desa Golo Mbu, Kec.  Sano Nggoang";53;"Nusa Tenggara Timur";5315;"Kab. Manggarai Barat";531504;"Sano Nggoang";-8.65128;120.01088;;pkmwerangsn@gmail.com;;Operasional;Aktif
398;Puskesmas;53160200004;1000115908;BOAWAE;"Puskesmas Perawatan (Rawat Inap)";"Kel. Natanage - Kec. Boawae";53;"Nusa Tenggara Timur";5316;"Kab. Nagekeo";531603;Boawae;-8.76259;121.16359;;uptdpuskesmasboawae@gmail.com;;Operasional;Aktif
399;Puskesmas;53160200005;1000115910;JAWAKISA;"Puskesmas Perawatan (Rawat Inap)";"Desa Tengatiba - Kec. Aesesa Selatan";53;"Nusa Tenggara Timur";5316;"Kab. Nagekeo";531607;"Aesesa Selatan";-8.66436;121.22814;;merlyncoo81@gmail.com;;Operasional;Aktif
400;Puskesmas;53160200007;1000115958;KABUREA;"Puskesmas Perawatan (Rawat Inap)";"Desa Tendakinde - Kec. Wolowae";53;"Nusa Tenggara Timur";5316;"Kab. Nagekeo";531605;Wolowae;-8.59109;121.38817;;puskesmaskaburea@gmail.com;;Operasional;Aktif
401;Puskesmas;53160200006;1000115922;KOTA;"Puskesmas Non Perawatan";"Kelurahan Lape - Kec.  Aesesa";53;"Nusa Tenggara Timur";5316;"Kab. Nagekeo";531601;Aesesa;-8.56516;121.26608;;puskesmas.danga02@gmail.com;;Operasional;Aktif
402;Puskesmas;53160200009;1000669870;MAUKELI;"Puskesmas Perawatan (Rawat Inap)";"Desa Maukeli, Kec.  Mauponggo";53;"Nusa Tenggara Timur";5316;"Kab. Nagekeo";531604;Mauponggo;-8.89103;121.16066;;puskesmasmaukeli21@gmail.com;;Operasional;Aktif
403;Puskesmas;53160200002;1000115934;MAUNORI;"Puskesmas Perawatan (Rawat Inap)";"Ds Udiworowatu - Kec. Keo Tengah";53;"Nusa Tenggara Timur";5316;"Kab. Nagekeo";531606;"Keo Tengah";-8.89953;121.29179;;puskesmasmaunori2028@gmail.com;;Operasional;Aktif
404;Puskesmas;53160200001;1000115946;MAUPONGGO;"Puskesmas Perawatan (Rawat Inap)";"Kelurahan Mauponggo - Kec. Mauponggo";53;"Nusa Tenggara Timur";5316;"Kab. Nagekeo";531604;Mauponggo;-8.88919;121.21131;81238885797;admenpuskmauponggo@gmail.com;;Operasional;Aktif
405;Puskesmas;53160200003;1000115893;NANGARORO;"Puskesmas Perawatan (Rawat Inap)";"Kel. Nangaroro, Kec. Nangaroro";53;"Nusa Tenggara Timur";5316;"Kab. Nagekeo";531602;Nangaroro;-8.78817;121.39541;;priskayovi@gmail.com;;Operasional;Aktif
406;Puskesmas;53160200008;1000115960;UTETOTO;"Puskesmas Non Perawatan";"Desa Utetoto - Kec.  Nangaroro";53;"Nusa Tenggara Timur";5316;"Kab. Nagekeo";531602;Nangaroro;-8.72355;121.39586;81237718477;puskesmasutetoto08@gmail.com;;Operasional;Aktif
407;Puskesmas;53170200003;1000094623;LAWONDA;"Puskesmas Perawatan (Rawat Inap)";"Kec. Umbu Ratu Nggay Barat";53;"Nusa Tenggara Timur";5317;"Kab. Sumba Tengah";531702;"Umbu Ratu Nggay Barat";-9.53424;119.60128;;lawondapkm8@gmail.com;;Operasional;Aktif
408;Puskesmas;53170200004;1000094611;LINDIWACU;"Puskesmas Perawatan (Rawat Inap)";"Kec. Umbu Ratu Nggay";53;"Nusa Tenggara Timur";5317;"Kab. Sumba Tengah";531704;"Umbu Ratu Nggay";-9.54918;119.81413;;;;Operasional;Aktif
409;Puskesmas;53170200002;1000094570;MALINJAK;"Puskesmas Perawatan (Rawat Inap)";"Kec. Katikutana Selatan";53;"Nusa Tenggara Timur";5317;"Kab. Sumba Tengah";531705;"Katiku Tana Selatan";-9.68228;119.56728;;herlinadapatalu28@gmail.com;;Operasional;Aktif
410;Puskesmas;53170200007;1000094609;MANANGA;"Puskesmas Perawatan (Rawat Inap)";"Kec. Mamboro";53;"Nusa Tenggara Timur";5317;"Kab. Sumba Tengah";531703;Mamboro;-9.37292;119.57716;;puskmng22@gmail.com;;Operasional;Aktif
411;Puskesmas;53170200005;1000094556;MARADESA;"Puskesmas Perawatan (Rawat Inap)";"Kec. Umbu Ratu Nggay";53;"Nusa Tenggara Timur";5317;"Kab. Sumba Tengah";531704;"Umbu Ratu Nggay";-9.52596;119.71681;;ardidamarewa@gmail.com;;Operasional;Aktif
412;Puskesmas;53170200006;1000094594;PAHAR;"Puskesmas Perawatan (Rawat Inap)";"Kec. Umbu Ratu Nggay";53;"Nusa Tenggara Timur";5317;"Kab. Sumba Tengah";531704;"Umbu Ratu Nggay";-9.40147;119.79027;;pkmpahar1100@gmail.com;;Operasional;Aktif
413;Puskesmas;53170200010;1001520693;"TANA MBANAS";"Puskesmas Non Perawatan";"Jl. Lintas Pantura, DesaTana Mbanas, Kec. Umbu Ratu Nggay";53;"Nusa Tenggara Timur";5317;"Kab. Sumba Tengah";531704;"Umbu Ratu Nggay";-9.40539;119.90089;081339530695;pkmtanambanas@gmail.com;;Operasional;Aktif
414;Puskesmas;53170200009;1000094635;"UMBU RIRI";"Puskesmas Non Perawatan";"Kec. Katikutana";53;"Nusa Tenggara Timur";5317;"Kab. Sumba Tengah";531701;"Katiku Tana";-9.61621;119.50882;'-;puskesmasumburiri@gmail.com;;Operasional;Aktif
415;Puskesmas;53170200001;1000094582;WAIRASA;"Puskesmas Perawatan (Rawat Inap)";"Kec. Umbu Ratu Nggay Barat";53;"Nusa Tenggara Timur";5317;"Kab. Sumba Tengah";531702;"Umbu Ratu Nggay Barat";-9.56586;119.56641;;;;Operasional;Aktif
416;Puskesmas;53170200008;1000094568;WEELURI;"Puskesmas Perawatan (Rawat Inap)";"Kec. Mamboro";53;"Nusa Tenggara Timur";5317;"Kab. Sumba Tengah";531703;Mamboro;-9.44048;119.46582;;fktp_weelurisumbatengah@yahoo.com;;Operasional;Aktif
417;Puskesmas;53180200011;1000072742;"BILA CENGE";"Puskesmas Perawatan (Rawat Inap)";"Jl. Kodi-Bukambero Ds. Kadu Eta Kec. Kodi Utara";53;"Nusa Tenggara Timur";5318;"Kab. Sumba Barat Daya";531808;"Kodi Utara";-9.45133;119.04201;;puskesmasbilacenge@gmail.com;;Operasional;Aktif
418;Puskesmas;53180200003;1000072778;BONDOKODI;"Puskesmas Perawatan (Rawat Inap)";"Ds. Bondokodi, Kec. Kodi";53;"Nusa Tenggara Timur";5318;"Kab. Sumba Barat Daya";531807;Kodi;-9.59455;118.99427;;uptdpkmbondokodi@gmail.com;;Operasional;Aktif
419;Puskesmas;53180200014;1000072845;"DELU DEPA";"Puskesmas Non Perawatan";"Ds. Delu Depa Kec. Kodi Bangedo";53;"Nusa Tenggara Timur";5318;"Kab. Sumba Barat Daya";531806;"Kodi Bangedo";-9.57288;119.05733;;promkesdeludepa@gmail.com;;Operasional;Aktif
420;Puskesmas;53180200012;1000072730;ELOPADA;"Puskesmas Perawatan (Rawat Inap)";"Jl. Simpang Palla Ds. Kalembu Ndara Mane Kec. Wewewa Timur";53;"Nusa Tenggara Timur";5318;"Kab. Sumba Barat Daya";531803;"Wewewa Timur";-9.56731;119.31759;;pkmelopada1010@gmail.com;;Operasional;Aktif
421;Puskesmas;53180200015;1000072857;"KAWANGO HARI";"Puskesmas Non Perawatan";"Ds. Kawango Hari Kec. Kodi";53;"Nusa Tenggara Timur";5318;"Kab. Sumba Barat Daya";531807;Kodi;-6.23846;106.79416;0;pkmkawangohari@gmail.com;;Operasional;Aktif
422;Puskesmas;53180200004;1000072780;KORI;"Puskesmas Perawatan (Rawat Inap)";"Ds. Kori, Kec. Kodi Utara";53;"Nusa Tenggara Timur";5318;"Kab. Sumba Barat Daya";531808;"Kodi Utara";-9.50898;119.03724;;puskesmaskori94@gmail.com;;Operasional;Aktif
423;Puskesmas;53180200009;1000072883;PALLA;"Puskesmas Non Perawatan";"Kec. Wewewa Utara";53;"Nusa Tenggara Timur";5318;"Kab. Sumba Barat Daya";531802;"Wewewa Utara";-9.52727;119.3569;;puskesmaspalla2@gmail.com;;Operasional;Aktif
424;Puskesmas;53180200002;1000072871;"PANENGGO EDE";"Puskesmas Non Perawatan";"Ds. Panenggo Ede, Kec. Kodi Balaghar";53;"Nusa Tenggara Timur";5318;"Kab. Sumba Barat Daya";531811;"Kodi Balaghar";-9.68181;119.04979;;karolainakue92@gmail.com;;Operasional;Aktif
425;Puskesmas;53180200010;1000072754;"RADA MATA";"Puskesmas Perawatan (Rawat Inap)";"Ds. Radamata, Kec. Loura";53;"Nusa Tenggara Timur";5318;"Kab. Sumba Barat Daya";531801;Loura;-9.40352;119.27702;;puskesmasradamata@gmail.com;;Operasional;Aktif
426;Puskesmas;53180200005;1000072807;"TENA TEKE";"Puskesmas Perawatan (Rawat Inap)";"Ds. Tena Teke, Kec. Wewewa Selatan";53;"Nusa Tenggara Timur";5318;"Kab. Sumba Barat Daya";531805;"Wewewa Selatan";-9.56348;119.19998;;tenatekepkm14@gmail.com;;Operasional;Aktif
427;Puskesmas;53180200008;1000072819;TENGGABA;"Puskesmas Perawatan (Rawat Inap)";"Kec. Wewewa Timur";53;"Nusa Tenggara Timur";5318;"Kab. Sumba Barat Daya";531803;"Wewewa Timur";-9.54411;119.30689;;puskesmastanggaba23@gmail.com;;Operasional;Aktif
428;Puskesmas;53180200006;1000072792;WAIMANGURA;"Puskesmas Perawatan (Rawat Inap)";"Ds. Waimangura, Kec. Wewewa Barat";53;"Nusa Tenggara Timur";5318;"Kab. Sumba Barat Daya";531804;"Wewewa Barat";-9.50041;119.22543;;puskwaimangura@gmail.com;;Operasional;Aktif
429;Puskesmas;53180200001;1000072766;WALANDIMU;"Puskesmas Perawatan (Rawat Inap)";"Ds. Walla Ndimu, Kec. Kodi Bangedo";53;"Nusa Tenggara Timur";5318;"Kab. Sumba Barat Daya";531806;"Kodi Bangedo";-9.62626;119.03847;;puskwallandimu92@gmail.com;;Operasional;Aktif
430;Puskesmas;53180200007;1000072869;"WATU KAWULA";"Puskesmas Non Perawatan";"Ds. Watukawula, Kec. Wewewa Barat";53;"Nusa Tenggara Timur";5318;"Kab. Sumba Barat Daya";531804;"Wewewa Barat";-9.43385;119.18103;;puskesmaswatukawula23@gmail.com;;Operasional;Aktif
431;Puskesmas;53180200013;1000072821;WEEKOMBAK;"Puskesmas Non Perawatan";"Ds. Weekombak Kec. Wewewa Barat";53;"Nusa Tenggara Timur";5318;"Kab. Sumba Barat Daya";531804;"Wewewa Barat";-9.50901;119.14052;;puskesmasweekombak@gmail.com;;Operasional;Aktif
432;Puskesmas;53180200016;1000072833;"WERI LOLO";"Puskesmas Non Perawatan";"Trans Wewewa - Kodi , JL. Desa Weri Lolo";53;"Nusa Tenggara Timur";5318;"Kab. Sumba Barat Daya";531805;"Wewewa Selatan";-9.54488;119.14465;81238545624;pkmwerilolosbd@gmail.com;;Operasional;Aktif
433;Puskesmas;53190200018;1000051059;BEAMURING;"Puskesmas Non Perawatan";"Beamuring, Desa Deno";53;"Nusa Tenggara Timur";5319;"Kab. Manggarai Timur";531902;"Poco Ranaka";-8.59683;120.62498;;uptdpuskesmasbeamuring@gmail.com;;Operasional;Aktif
434;Puskesmas;53190200020;1000050976;"BENTENG JAWA";"Puskesmas Perawatan (Rawat Inap)";"Kec. Lamba Leda";53;"Nusa Tenggara Timur";5319;"Kab. Manggarai Timur";531903;"Lamba Leda";-8.3663;120.53878;;puskesmasbentengjawa@gmail.com;;Operasional;Aktif
435;Puskesmas;53190200001;1000051009;BORONG;"Puskesmas Perawatan (Rawat Inap)";"Jl.Soekarno, Kelurahan Rana Loba Kecamatan Borong";53;"Nusa Tenggara Timur";5319;"Kab. Manggarai Timur";531901;Borong;-8.74068;120.5561;;puskesmasborong01@gmail.com;;Operasional;Aktif
436;Puskesmas;53190200019;1000051231;COLOL;"Puskesmas Non Perawatan";"Kec. Lamba Leda Timur";53;"Nusa Tenggara Timur";5319;"Kab. Manggarai Timur";531908;"Poco Ranaka Timur";-8.58774;120.58678;081339416654;pkmcolol@gmail.com;;Operasional;Aktif
437;Puskesmas;53190200021;1000051097;DAMPEK;"Puskesmas Perawatan (Rawat Inap)";"Desa Satar Kec. Lamba Leda Utara";53;"Nusa Tenggara Timur";5319;"Kab. Manggarai Timur";531911;"Lamba Leda Utara";-8.43592;120.56046;081339528205;puskesmasdampek@gmail.com;;Operasional;Aktif
438;Puskesmas;53190200010;1000051085;ELAR;"Puskesmas Perawatan (Rawat Inap)";"RT 001,RW.001 Kel Tiwu Kondo, Kec.Elar";53;"Nusa Tenggara Timur";5319;"Kab. Manggarai Timur";531905;Elar;-8.64598;120.76131;081238916009;puskesmaselar@gmail.com;;Operasional;Aktif
439;Puskesmas;53190200008;1000051102;KETANG;"Puskesmas Non Perawatan";"Kec. Kota Komba";53;"Nusa Tenggara Timur";5319;"Kab. Manggarai Timur";531910;"Kota Komba Utara";-8.61528;120.33009;;bokpuket@gmail.com;;Operasional;Aktif
440;Puskesmas;53190200026;1000051229;KISOL;"Puskesmas Non Perawatan";"Kisol, RT 001/RW 001, Kelurahan Tana Rata, Kec.  Kota Komba";53;"Nusa Tenggara Timur";5319;"Kab. Manggarai Timur";531906;"Kota Komba";-8.81538;120.66827;;puskesmaskisol19@gmail.com;;Operasional;Aktif
441;Puskesmas;53190200004;1000051243;LALANG;"Puskesmas Non Perawatan";"Ds. Lalang, Kec. Borong";53;"Nusa Tenggara Timur";5319;"Kab. Manggarai Timur";531907;"Rana Mese";-8.8012;120.57757;;puskesmaslalang@gmail.com;;Operasional;Aktif
442;Puskesmas;53190200017;1000051047;LAWIR;"Puskesmas Non Perawatan";"Kec. Poco Ranaka";53;"Nusa Tenggara Timur";5319;"Kab. Manggarai Timur";531908;"Poco Ranaka Timur";-8.59589;120.63921;;uptdpkmlawir@gmail.com;;Operasional;Aktif
443;Puskesmas;53190200023;1000051188;LEBI;"Puskesmas Non Perawatan";"Lebi Ds. Balus Permai Kec. Borong";53;"Nusa Tenggara Timur";5319;"Kab. Manggarai Timur";531901;Borong;-8.71053;120.62981;081363409748;puskesmaslebi1@gmail.com;;Operasional;Aktif
444;Puskesmas;53190200012;1000051140;"LEMPANG PAJI";"Puskesmas Non Perawatan";"Ds. Lemang Paji Kec. Elar Selatan";53;"Nusa Tenggara Timur";5319;"Kab. Manggarai Timur";531909;"Elar Selatan";-8.51956;120.7941;;lempangpajipkm21@gmail.com;;Operasional;Aktif
445;Puskesmas;53190200027;1000051073;LENANG;"Puskesmas Non Perawatan";"Lonto Ulu, Desa Golo Wune, Kecamatan Lamba Leda Selatan, Kabupaten Manggarai Timur";53;"Nusa Tenggara Timur";5319;"Kab. Manggarai Timur";531902;"Poco Ranaka";-8.54099;120.5663;082235113691;uptdpuskesmaslenang@gmail.com;;Operasional;Aktif
446;Puskesmas;53190200013;1000051011;"LENGKO AJANG";"Puskesmas Perawatan (Rawat Inap)";"Kec. Sambi Rampas";53;"Nusa Tenggara Timur";5319;"Kab. Manggarai Timur";531912;Congkar;-8.49999;120.67474;;uptdpkmla@gmail.com;;Operasional;Aktif
447;Puskesmas;53190200011;1000051114;MAMBA;"Puskesmas Non Perawatan";"Jalan Barubong-Nekopadu, Dusun Mamba, RT 014/RW 005, Desa Paan Waru, Kecamatan Elar selatan";53;"Nusa Tenggara Timur";5319;"Kab. Manggarai Timur";531909;"Elar Selatan";-8.58284;120.83295;;puskesmasmamba@gmail.com;;Operasional;Aktif
448;Puskesmas;53190200016;1000051035;MANO;"Puskesmas Perawatan (Rawat Inap)";"Mano, Kelurahan Mando Sawu, Kec.  Lamba Leda Selatan";53;"Nusa Tenggara Timur";5319;"Kab. Manggarai Timur";531902;"Poco Ranaka";-8.52631;120.60702;085253085077;uptdpuskesmasmano@gmail.com;;Operasional;Aktif
449;Puskesmas;53190200007;1000051190;MOK;"Puskesmas Non Perawatan";"Watu ker, Mok, Ds. Mbengan, Kec. Kota Komba";53;"Nusa Tenggara Timur";5319;"Kab. Manggarai Timur";531906;"Kota Komba";-8.73804;120.67901;081237439189;bokpkmmok@gmail.com;;Operasional;Aktif
450;Puskesmas;53190200024;1000051217;MOMBOK;"Puskesmas Non Perawatan";"Dsn. Mombok Ds. Lengko Namut Kec. Elar";53;"Nusa Tenggara Timur";5319;"Kab. Manggarai Timur";531905;Elar;-8.4245;120.87286;081237559369;puskmombok@gmail.com;;Operasional;Aktif
451;Puskesmas;53190200005;1000050988;MUKUN;"Puskesmas Perawatan (Rawat Inap)";"RT.004/RW.002 Dusun Ngela, Desa Golo Meni";53;"Nusa Tenggara Timur";5319;"Kab. Manggarai Timur";531906;"Kota Komba";-8.83909;120.66744;;puskesmasmukun22@gmail.com;;Operasional;Aktif
452;Puskesmas;53190200028;1000051061;PEOT;"Puskesmas Non Perawatan";"Peot, RT 006/RW 002, Kelurahan Satar Peot, Kec.  Borong";53;"Nusa Tenggara Timur";5319;"Kab. Manggarai Timur";531901;Borong;-8.77706;120.62205;081236647389;uptdpuskesmaspeot2020@gmail.com;;Operasional;Aktif
453;Puskesmas;53190200014;1000051152;POTA;"Puskesmas Perawatan (Rawat Inap)";"Ds. Pota, Kec. Sambi Rampas";53;"Nusa Tenggara Timur";5319;"Kab. Manggarai Timur";531904;"Sambi Rampas";-8.35457;120.74584;082194120215;puskesmaspota@gmail.com;;Operasional;Aktif
454;Puskesmas;53190200029;1000051205;RUNUS;"Puskesmas Non Perawatan";"Runus, RT 001/RW 001, Desa Langgasai, Kecamatan Elar Selatan, Kabupaten Manggarai Timur";53;"Nusa Tenggara Timur";5319;"Kab. Manggarai Timur";531909;"Elar Selatan";-8.61878;120.82513;8123718003;pkmrunus@gmail.com;;Operasional;Aktif
455;Puskesmas;53190200003;1000051176;SITA;"Puskesmas Non Perawatan";"Sita, Desa Sita, Kec. Rana Mese";53;"Nusa Tenggara Timur";5319;"Kab. Manggarai Timur";531907;"Rana Mese";-8.74055;120.57328;085237096356;pkm.sita18@gmail.com;;Operasional;Aktif
456;Puskesmas;53190200002;1000050990;TILIR;"Puskesmas Perawatan (Rawat Inap)";"Ds. Benteng Riwu, Kec. Borong";53;"Nusa Tenggara Timur";5319;"Kab. Manggarai Timur";531901;Borong;-8.64983;120.64161;082147198365;uptdpkmtilir@gmail.com;;Operasional;Aktif
457;Puskesmas;53190200006;1000051138;"WAE LENGGA";"Puskesmas Perawatan (Rawat Inap)";"Kelurahan Watu Nggene Kec. Kota Komba";53;"Nusa Tenggara Timur";5319;"Kab. Manggarai Timur";531906;"Kota Komba";-8.83842;120.77264;082147078221;uptdpuskesmaswaelengga@gmail.com;;Operasional;Aktif
458;Puskesmas;53190200025;1000051126;"WAE NENDA";"Puskesmas Non Perawatan";"Desa Golo Lembur Kec. Lamba Leda";53;"Nusa Tenggara Timur";5319;"Kab. Manggarai Timur";531903;"Lamba Leda";-8.45293;120.6202;085239388321;Puskesmaswaenendabok@gmail.com;;Operasional;Aktif
459;Puskesmas;53190200015;1000051255;"WATU NGGONG";"Puskesmas Perawatan (Rawat Inap)";"Desa Satar Nawang, Kecamatan Congkar";53;"Nusa Tenggara Timur";5319;"Kab. Manggarai Timur";531912;Congkar;-8.51901;120.6946;081239517935;pkm.watunggong2018@gmail.com;;Operasional;Aktif
460;Puskesmas;53190200022;1000051164;WELENG;"Puskesmas Non Perawatan";"Weleng, Desa Nampar Tabang  Kec. Lamba Leda Utara";53;"Nusa Tenggara Timur";5319;"Kab. Manggarai Timur";531911;"Lamba Leda Utara";-8.36733;120.52784;081238368280;welengpuskesmas@gmail.com;;Operasional;Aktif
461;Puskesmas;53190200009;1000051023;WUKIR;"Puskesmas Perawatan (Rawat Inap)";"Kec. Elar Selatan";53;"Nusa Tenggara Timur";5319;"Kab. Manggarai Timur";531909;"Elar Selatan";-8.58284;120.83295;085963164452;Uptdpkmwukir2023@gmail.com;;Operasional;Aktif
462;Puskesmas;53200200006;1000133546;BOLLOU;"Puskesmas Non Perawatan";"Ds. Keduru, Kec. Sabu Timur";53;"Nusa Tenggara Timur";5320;"Kab. Sabu Raijua";532003;"Sabu Timur";-10.4936;121.96526;;jilian.penumoy@gmail.com;;Operasional;Aktif
463;Puskesmas;53200200002;1000133534;DAIEKO;"Puskesmas Non Perawatan";"Ds. Tana Jawa, Kec. Hawu Mehara";53;"Nusa Tenggara Timur";5320;"Kab. Sabu Raijua";532005;"Hawu Mehara";-10.55771;121.75841;;asamoyh@gmail.com;;Operasional;Aktif
464;Puskesmas;53200200003;1000133560;EILOGO;"Puskesmas Non Perawatan";"Kec. Sabu Liae";53;"Nusa Tenggara Timur";5320;"Kab. Sabu Raijua";532004;"Sabu Liae";-10.58773;121.88336;;eilogopuskesmas28@gmail.com;;Operasional;Aktif
465;Puskesmas;53200200005;1000133558;EIMMADEKE;"Puskesmas Non Perawatan";"Ds. Eimmadeke, Kec. Sabu Tengah";53;"Nusa Tenggara Timur";5320;"Kab. Sabu Raijua";532002;"Sabu Tengah";-10.48826;121.92773;;puskesmaseimadake@gmail.com;;Operasional;Aktif
466;Puskesmas;53200200001;1000133522;LEDEUNU;"Puskesmas Perawatan (Rawat Inap)";"Ds. Ledeunu, Kec. Raijua";53;"Nusa Tenggara Timur";5320;"Kab. Sabu Raijua";532006;Raijua;-10.6077;121.60845;;pkmledeunu7@gmail.com;;Operasional;Aktif
467;Puskesmas;53200200004;1000133510;SEBA;"Puskesmas Perawatan (Rawat Inap)";"Ds. Raeloro, Kec. Sabu Barat";53;"Nusa Tenggara Timur";5320;"Kab. Sabu Raijua";532001;"Sabu Barat";-10.50015;121.8523;;pkmseba@gmail.com;;Operasional;Aktif
468;Puskesmas;53210200017;1000109806;ALAS;"Puskesmas Non Perawatan";"Kec. Kobalima Timur";53;"Nusa Tenggara Timur";5321;"Kab. Malaka";532110;"Kobalima Timur";-9.40314;125.02566;;alaspuskesmas@gmail.com;;Operasional;Aktif
469;Puskesmas;53210200018;1000109868;ALKANI;"Puskesmas Non Perawatan";"Ds. Alkani Kec. Wewiku";53;"Nusa Tenggara Timur";5321;"Kab. Malaka";532103;Wewiku;-6.23857;106.79197;;puskesmasalkani2022@gmail.com;;Operasional;Aktif
470;Puskesmas;53210200019;1000109820;BABULU;"Puskesmas Non Perawatan";"Ds. Babulu Kec. Kobalima";53;"Nusa Tenggara Timur";5321;"Kab. Malaka";532111;Kobalima;-6.23846;106.79416;;pkmbabulu007@gmail.com;;Operasional;Aktif
471;Puskesmas;53210200020;53210200020;BANI-BANI;"Puskesmas Non Perawatan";"Ds. Bani-bani Kec. Iokufeu";53;"Nusa Tenggara Timur";5321;"Kab. Malaka";532106;"Io Kufeu";-9.5345111;124.7712055;;banibanipusk@gmail.com;;Operasional;Aktif
472;Puskesmas;53210200002;1000109882;BESIKAMA;"Puskesmas Non Perawatan";"Ds. Besikama, Kec. Malaka Barat";53;"Nusa Tenggara Timur";5321;"Kab. Malaka";532102;"Malaka Barat";-9.64664;124.91361;;puskesmasbesikama6@gmail.com;;Operasional;Aktif
473;Puskesmas;53210200010;1000109947;BETUN;"Puskesmas Non Perawatan";"Jl. Kateri Ds. Wehali, Kec. Malaka Tengah";53;"Nusa Tenggara Timur";5321;"Kab. Malaka";532101;"Malaka Tengah";-9.56738;124.90131;;pkmbetun@gmail.com;;Operasional;Aktif
474;Puskesmas;53210200004;1000109789;BIUDUKFOHO;"Puskesmas Perawatan (Rawat Inap)";"Kec. Rinhat";53;"Nusa Tenggara Timur";5321;"Kab. Malaka";532105;Rinhat;-9.60869;124.7417;;pkmbifo@gmail.com;;Operasional;Aktif
475;Puskesmas;53210200011;1000109818;FAHILUKA;"Puskesmas Non Perawatan";"Kec. Malaka Tengah";53;"Nusa Tenggara Timur";5321;"Kab. Malaka";532101;"Malaka Tengah";-9.60279;124.95034;;Pkmfahiluka23@gmail.com;;Operasional;Aktif
476;Puskesmas;53210200009;1000109765;KAPUTU;"Puskesmas Perawatan (Rawat Inap)";"Kec. Sasitamean";53;"Nusa Tenggara Timur";5321;"Kab. Malaka";532107;Sasitamean;-9.47089;124.83699;;puskesmaskaputu194@gmail.com;;Operasional;Aktif
477;Puskesmas;53210200016;1000109791;NAMFALUS;"Puskesmas Perawatan (Rawat Inap)";"Kec. Kobalima";53;"Nusa Tenggara Timur";5321;"Kab. Malaka";532111;Kobalima;-9.51987;124.95944;;pkmnamfalus@gmail.com;;Operasional;Aktif
478;Puskesmas;53210200013;1000109832;NUROBO;"Puskesmas Non Perawatan";"Kec. Laenmanen";53;"Nusa Tenggara Timur";5321;"Kab. Malaka";532108;Laenmanen;-9.42718;124.86345;;puskesmasnurobo2001@gmail.com;;Operasional;Aktif
479;Puskesmas;53210200005;1000109870;OEMURAK;"Puskesmas Non Perawatan";"Kec. Rinhat";53;"Nusa Tenggara Timur";5321;"Kab. Malaka";532105;Rinhat;-9.56966;124.73446;;puskesmasoekmurak12@gmail.com;;Operasional;Aktif
480;Puskesmas;53210200012;1000109959;SARINA;"Puskesmas Non Perawatan";"Kec. Botin Leobele";53;"Nusa Tenggara Timur";5321;"Kab. Malaka";532112;"Botin Leobele";-9.49584;124.89045;;pkmsarina@gmail.com;;Operasional;Aktif
481;Puskesmas;53210200015;1000109856;SEON;"Puskesmas Non Perawatan";"Kec. Malaka Timur";53;"Nusa Tenggara Timur";5321;"Kab. Malaka";532109;"Malaka Timur";-9.46011;124.93948;;sehatseon2022@gmail.com;;Operasional;Aktif
482;Puskesmas;53210200006;1000109909;TAFULI;"Puskesmas Non Perawatan";"Kec. Rinhat";53;"Nusa Tenggara Timur";5321;"Kab. Malaka";532105;Rinhat;-9.59568;124.67394;;pusk.tafuli@gmail.com;;Operasional;Aktif
483;Puskesmas;53210200008;1000109894;TUNABESI;"Puskesmas Non Perawatan";"Kec. Io Kufeu";53;"Nusa Tenggara Timur";5321;"Kab. Malaka";532106;"Io Kufeu";-9.48745;124.7836;;pkmtunabesi@gmail.com;;Operasional;Aktif
484;Puskesmas;53210200014;1000109923;UABAU;"Puskesmas Non Perawatan";"Kec. Laenmanen";53;"Nusa Tenggara Timur";5321;"Kab. Malaka";532108;Laenmanen;-9.44298;124.83134;;puskesmasuabau4@gmail.com;;Operasional;Aktif
485;Puskesmas;53210200007;1000109911;WEKMIDAR;"Puskesmas Non Perawatan";"Kec. Rinhat";53;"Nusa Tenggara Timur";5321;"Kab. Malaka";532105;Rinhat;-9.60573;124.80619;;pkmwekmidar22@gmail.com;;Operasional;Aktif
486;Puskesmas;53210200003;1000109844;WELIMAN;"Puskesmas Non Perawatan";"Kec. Weliman";53;"Nusa Tenggara Timur";5321;"Kab. Malaka";532104;Weliman;-9.65947;124.86047;;puskesmasweliman23@gmail.com;;Operasional;Aktif
487;Puskesmas;53210200001;1000109777;WEOE;"Puskesmas Perawatan (Rawat Inap)";"Ds. Weoe, Kec. Wewiku";53;"Nusa Tenggara Timur";5321;"Kab. Malaka";532103;Wewiku;-9.69379;124.84474;;puskesmasweoe1@gmail.com;;Operasional;Aktif
488;Puskesmas;53710200001;1000055225;ALAK;"Puskesmas Perawatan (Rawat Inap)";"Jl. Sangkur Mas No.1, Kec. Alak";53;"Nusa Tenggara Timur";5371;"Kota Kupang";537101;Alak;-10.1719;123.56726;;puskesmasalak21@gmail.com;;Operasional;Aktif
489;Puskesmas;53710200006;1000055249;BAKUNASE;"Puskesmas Perawatan (Rawat Inap)";"Jl. Kelinci No.4 Bakumase, Kec. Oebobo";53;"Nusa Tenggara Timur";5371;"Kota Kupang";537104;Oebobo;-10.18991;123.58627;;puskesmasbakunas3@gmail.com;;Operasional;Aktif
490;Puskesmas;53710200010;1000055316;"KUPANG KOTA";"Puskesmas Non Perawatan";"Jl. Soekarno Bonipoi Klipang, Kec. Kelapa Lima";53;"Nusa Tenggara Timur";5371;"Kota Kupang";537103;"Kelapa Lima";-10.16337;123.5811;;puskesmaskupangkotantt@gmail.com;;Operasional;Aktif
491;Puskesmas;53710200003;1000055275;MANUTAPEN;"Puskesmas Non Perawatan";"Kel, Manutapen, Kec. Alak";53;"Nusa Tenggara Timur";5371;"Kota Kupang";537101;Alak;-10.17565;123.57966;;puskesmasmanutapen96@gmail.com;;Operasional;Aktif
492;Puskesmas;53710200002;1000055263;NAIONI;"Puskesmas Non Perawatan";"Kel. Naioni, Kec. Alak";53;"Nusa Tenggara Timur";5371;"Kota Kupang";537101;Alak;-10.24835;123.60224;;puskesmasnaioni96@gmail.com;;Operasional;Aktif
493;Puskesmas;53710200007;1000055299;OEBOBO;"Puskesmas Non Perawatan";"Jalan Palapa, Oebobo";53;"Nusa Tenggara Timur";5371;"Kota Kupang";537104;Oebobo;-10.1711;123.59923;;puskesmasoebobokupang@gmail.com;;Operasional;Aktif
494;Puskesmas;53710200008;1000055304;OEPOI;"Puskesmas Non Perawatan";"Jl. Thamrin No.5 Oepoi, Kec. Oebobo";53;"Nusa Tenggara Timur";5371;"Kota Kupang";537104;Oebobo;-10.17277;123.61636;;puskesmasoepoikupang@gmail.com;;Operasional;Aktif
495;Puskesmas;53710200011;1000055287;OESAPA;"Puskesmas Non Perawatan";"Jl. Suratim RT 015 RW 006 Kelurahan Oesapa";53;"Nusa Tenggara Timur";5371;"Kota Kupang";537103;"Kelapa Lima";-10.14783;123.66082;;puskesmas.oesapa@kupangkota.go.id;;Operasional;Aktif
496;Puskesmas;53710200009;1000055213;"PASIR PANJANG";"Puskesmas Perawatan (Rawat Inap)";"Jl. Maumere RT 23/ RW 07 Kel. Nefonaek Kec. Kota Lama";53;"Nusa Tenggara Timur";5371;"Kota Kupang";537103;"Kelapa Lima";-10.15524;123.60489;;puskpasirpanjang@gmail.com;;Operasional;Aktif
497;Puskesmas;53710200005;1000055251;PENFUI;"Puskesmas Non Perawatan";"Jl. Taebenu, Kelurahan Penfui";53;"Nusa Tenggara Timur";5371;"Kota Kupang";537102;Maulafa;-10.18868;123.67153;;puskesmaspenfui96@gmail.com;;Operasional;Aktif
498;Puskesmas;53710200012;1000670257;"PENKASE OELETA";"Puskesmas Non Perawatan";"Jl. Raya Penkase, Kelurahan Penkase Oeleta";53;"Nusa Tenggara Timur";5371;"Kota Kupang";537101;Alak;-10.19128;123.55762;;puskpko@gmail.com;;Operasional;Aktif
499;Puskesmas;53710200004;1000055237;SIKUMANA;"Puskesmas Perawatan (Rawat Inap)";"Jl. Oebanik I, Kec. Maulafa";53;"Nusa Tenggara Timur";5371;"Kota Kupang";537102;Maulafa;-10.20055;123.6047;;puskesmassikumana96@gmail.com;;Operasional;Aktif
500;Klinik;53010300001;1000662389;"Balai Pengobatan Fioretti";"Klinik Pratama";"Jln. Prof. Dr. Herman Yohanes Penfui Timur -Kupang  Tengah NTT";53;"Nusa Tenggara Timur";5301;"Kab. Kupang";530108;"Kupang Tengah";-10.15917;123.66777;081246117027;klinikfioretti04@gmail.com;;Operasional;Aktif
501;Klinik;53010300005;1001555727;"Klinik Baptis Kupang";"Klinik Pratama";"Jl. Raya Tablolong Km 18 Desa Oematnunu Kec. Kupang Barat - Kab Kupang";53;"Nusa Tenggara Timur";5301;"Kab. Kupang";530105;"Kupang Barat";-10.28947;123.54415;085279103407;klinikbaptisku@gmail.com;;Operasional;Aktif
502;Klinik;53010300006;1001580904;"Klinik Pratama MITAYANI";"Klinik Pratama";"Jl. Timor Raya KM.15 Desa Noelbaki RT.02 RW.01, Dusun Air Sagu";53;"Nusa Tenggara Timur";5301;"Kab. Kupang";530108;"Kupang Tengah";-10.13165;123.69753;08128859175__;klinikmitayani@yahoo.com;;Operasional;Aktif
503;Klinik;53010300004;1000727517;"Klinik Pratama Rawat Jalan Fioretti";"Klinik Pratama";"Jl. Prof. dr. Herman Johanes Penfui Timur
RT 010 RW 003 Desa Penfui Timur Kec Kupang Tengah Kab Kupang";53;"Nusa Tenggara Timur";5301;"Kab. Kupang";530108;"Kupang Tengah";-10.15892;123.66727;082242721296_;klinikpratamafioretti@gmail.com;;Operasional;Aktif
504;Klinik;53010300002;1000662391;"Klinik Utama Sint Kamilus";"Klinik Utama";"Jalan Hati Tanu No. 25a Rt/Rw: 21/09";53;"Nusa Tenggara Timur";5301;"Kab. Kupang";530124;Taebenu;-10.18348;123.65581;081339710634;sintkamilus@gmail.com;;Operasional;Aktif
505;Klinik;53010300003;1000662377;"Poliklinik Polres Kupang";"Klinik Pratama";"Jalan Timor Raya Km 25 Babau";53;"Nusa Tenggara Timur";5301;"Kab. Kupang";530106;"Kupang Timur";-10.10485;123.78932;081245304009;fktpreskup02440018@gmail.com;;Operasional;Aktif
506;Klinik;53020300004;1001491816;"Klinik  Hariel";"Klinik Pratama";"Jln. Ahmad Yani No. 119 Mnelalete Soe, Kab. Timor Tengah Selatan, Prop. NTT";53;"Nusa Tenggara Timur";5302;"Kab. Timor Tengah Selatan";530207;"Amanuban Barat";-9.87277;124.30423;6281339009350;klinikhariel@gmail.com;;Operasional;Aktif
507;Klinik;53020300001;1000662406;"Klinik Pratama St. Yohanes Maria Vianney Oinlasi";"Klinik Pratama";"Jl. Banu Tamonob,  RT 004/ RW 002 Desa Oinlasi";53;"Nusa Tenggara Timur";5302;"Kab. Timor Tengah Selatan";530208;"Amanatun Selatan";37;25;081237806795;bpvianeyols@gmail.com;;Operasional;Aktif
508;Klinik;53020300010;1001570349;"Klinik Pratama Sta.Maria Imaculata Kapan";"Klinik Pratama";"Jln Kampung Baru,Desa Taiftob";53;"Nusa Tenggara Timur";5302;"Kab. Timor Tengah Selatan";530203;"Mollo Utara";-9.72953;124.284;081353779178_;kapanimaculataklinik@gmail.com;;Operasional;Aktif
509;Klinik;53020300003;1001491828;"Klinik Pratama Ume Manekan";"Klinik Pratama";"Jl. Gunung Mollo No. 1";53;"Nusa Tenggara Timur";5302;"Kab. Timor Tengah Selatan";530201;"Kota Soe";-9.84545;124.2798;085253366399_;ume.manekansoe@gmail.com;;Operasional;Aktif
510;Klinik;53020100009;1001515973;"Klinik Siloam Soe";"Klinik Utama";"Jl. Proklamasi, RT 003 RW 002, Kel. Taubneno";53;"Nusa Tenggara Timur";5302;"Kab. Timor Tengah Selatan";530201;"Kota Soe";-9.8631;124.28263;082339944511_;info.scsoe@siloamhospitals.com;;Operasional;Aktif
511;Klinik;53020300009;1001527639;"Klinik Siloam Soe";"Klinik Utama";"Jl. Proklamasi, RT 003 RW 002, Kel. Taubneno";53;"Nusa Tenggara Timur";5302;"Kab. Timor Tengah Selatan";530201;"Kota Soe";-9.8631;124.28263;082339944511_;info.scsoe@siloamhospitals.com;;Operasional;Aktif
512;Klinik;53020300005;1001513743;"Klinik Utama Sarah";"Klinik Utama";"Jln. El Tari No. 15 Kelurahan Kampung Baru - 85511";53;"Nusa Tenggara Timur";5302;"Kab. Timor Tengah Selatan";530201;"Kota Soe";-9.86126;124.27816;081397684785_;klinikapoteksarah@gmail.com;;Operasional;Aktif
513;Klinik;53020300002;1001235688;"Poliklinik Polres TTS";"Klinik Pratama";"Jalan Matani";53;"Nusa Tenggara Timur";5302;"Kab. Timor Tengah Selatan";530201;"Kota Soe";-9.86496;124.27913;6281219708892;aryariski19@gmail.com;;Operasional;Aktif
514;Klinik;53030300008;1001218721;"KLINIK BHAYANGKARA POLRES TTU";"Klinik Pratama";"JALAN PROF.DR.W.Z. JOHANES KEFAMENANU KELURAHAN KEFAMENANU TENGAH";53;"Nusa Tenggara Timur";5303;"Kab. Timor Tengah Utara";530305;"Kota Kefamenanu";-6.20261;106.88396;082112997822;klinikpolresttu1472@gmail.com;;Operasional;Aktif
515;Klinik;53030300007;1001218757;"KLINIK JENDRAL";"Klinik Pratama";"jln sisingamangaraja, kec.kota kefamenanu,kel. benpasi,Kab.TTU";53;"Nusa Tenggara Timur";5303;"Kab. Timor Tengah Utara";530305;"Kota Kefamenanu";-9.45245;124.50561;081238958408_;jendralklinik@gmail.com;;Operasional;Aktif
516;Klinik;53030300009;1001235690;"KLINIK MITRA HUSADA";"Klinik Pratama";"SASI,JL.NEFOMTASA,KEL.SASI,KEC.KOTA KEFAMENANU KAB.TTU -NTT";53;"Nusa Tenggara Timur";5303;"Kab. Timor Tengah Utara";530305;"Kota Kefamenanu";;;081353582379_;egidiuselu@gmail;;Operasional;Aktif
517;Klinik;53030300010;1001571525;"Klinik Pratama Santa Maria Ratu Rosari Eban";"Klinik Pratama";"Jln. Bipupu, RT/RW 023/007, Desa Eban, Kec. Miomafo Barat-TTU-NTT";53;"Nusa Tenggara Timur";5303;"Kab. Timor Tengah Utara";530302;"Miomafo Barat";-9.55113;124.31776;081246231828_;lamaksrros@gmail.com;;Operasional;Aktif
518;Klinik;53030300003;1000662444;"Klinik Pratama St. Familia - Maubesi";"Klinik Pratama";"Jln.Timor Raya Maubesi";53;"Nusa Tenggara Timur";5303;"Kab. Timor Tengah Utara";530321;"Insana Tengah";-9.42936;124.61793;082155385345;familiamaubesi@gmail.com;;Operasional;Aktif
519;Klinik;53030300004;1000662418;"Klinik Pratama St. Yosef Kefamenanu";"Klinik Pratama";"Jln. Yos Sudarso, Kelurahan Aplasi, Kecamatan Kota Kefamenanu";53;"Nusa Tenggara Timur";5303;"Kab. Timor Tengah Utara";530305;"Kota Kefamenanu";-9.43563;124.4789;081338491597_;agnestere32@gmail.com;;Operasional;Aktif
520;Klinik;53030300006;1001171636;"Klinik Prima Husada";"Klinik Pratama";"JL. ELTARI. KM 4. RT/RW : 053/006. KEL. KEFA SELATAN.";53;"Nusa Tenggara Timur";5303;"Kab. Timor Tengah Utara";530305;"Kota Kefamenanu";-9.47334;124.48402;082232307822_;primahusada89@gmail.com;;Operasional;Aktif
521;Klinik;53030300002;1000662432;"Klinik Santa Elisabeth Kefamenanu";"Klinik Pratama";"Km. 09 Desa Naiola, Kecamatan Bikomi Slatan";53;"Nusa Tenggara Timur";5303;"Kab. Timor Tengah Utara";530314;"Bikomi Selatan";-9.51465;124.51055;081261964468;elisabethkefa21@gmail.com;;Operasional;Aktif
522;Klinik;53030300001;1000662420;"Klinik St. Maria Nirmala";"Klinik Pratama";"Jl.Ahmad Yani-Naesleu, Kefamenanu-NTT";53;"Nusa Tenggara Timur";5303;"Kab. Timor Tengah Utara";530305;"Kota Kefamenanu";-9.46154;124.48399;081339421127_;bkiabpstamarianirmala17@yahoo.com;;Operasional;Aktif
523;Klinik;53030300005;1000668034;"Klinik Sta. Elisabeth Kiupukan";"Klinik Pratama";"Jln. Timor Raya Kiupukan Kiupukan Desa Nunmafo - Kec. Insana Kab. TTU";53;"Nusa Tenggara Timur";5303;"Kab. Timor Tengah Utara";530308;Insana;-9.40727;124.63591;081339364835_;kliniksta.elisabethkiupukan@gmail.com;;Operasional;Aktif
524;Klinik;53030300011;1001575026;"Santa elisabeth mena";"Klinik Pratama";"Cabang Mena Klinik santa Elisabeth Mena, Desa Oepuah utara, Kecamatan Biboki Moenleu";53;"Nusa Tenggara Timur";5303;"Kab. Timor Tengah Utara";530323;"Biboki Moenleu";-9.18466;124.58928;082136595152;elisabethmenaklinik@gmail.com;;Operasional;Aktif
525;Klinik;53040300005;1000171639;"Klinik Betesda";"Klinik Pratama";"Jl. Merdeka sukarno hatta";53;"Nusa Tenggara Timur";5304;"Kab. Belu";530412;"Kota Atambua";6.16822;106.87407;082145008118_;jonissanusi@gmail.com;;Operasional;Aktif
526;Klinik;53040300002;1000171665;"KLINIK PRATAMA BELU MORIS DIAK";"Klinik Utama";"JALAN SOEKARNO,  KELURAHAN BERDAO, kec  Atambua Barat";53;"Nusa Tenggara Timur";5304;"Kab. Belu";530421;"Atambua Barat";-9.10787;124.89245;081258099580_;klinikbelumorisdiak@gmail.com;;Operasional;Aktif
527;Klinik;53040300010;1001561295;"KLINIK PRATAMA BNNK BELU";"Klinik Pratama";"Jln. EL-TARI No. 02, Desa/Kelurahan Umanen, Kec. Atambua Barat, Kab. Belu, Prov. NTT";53;"Nusa Tenggara Timur";5304;"Kab. Belu";530421;"Atambua Barat";-9.23726;124.79436;6282144944294;klinikpratamabnnkbelu@gmail.com;;Operasional;Aktif
528;Klinik;53040300001;1000171603;"Klinik Pratama Christo REI";"Klinik Pratama";"JALAN MAROE RAI, KEL. LIDAK, KEC. ATAMBUA SELATAN";53;"Nusa Tenggara Timur";5304;"Kab. Belu";530422;"Atambua Selatan";-9.12388;124.88078;081226665288;rsrusmala@yahoo.co.id;;Operasional;Aktif
529;Klinik;53040300007;1000171641;"Klinik Pratama FKTP TNI AD Atambua";"Klinik Pratama";"RUMAH PINTAR FLOBAMORA, KELURAHAN TENUKIIK, RT 011/RW 004";53;"Nusa Tenggara Timur";5304;"Kab. Belu";530412;"Kota Atambua";-6.2022;106.8831;081353211047_;Fktpatambua@gmail.com;;Operasional;Aktif
530;Klinik;53040300008;1001162972;"Klinik Pratama Polres Belu Sanika Satyawada";"Klinik Pratama";"JL. AHMAD YANI NO. 3";53;"Nusa Tenggara Timur";5304;"Kab. Belu";530412;"Kota Atambua";-9.10335;124.89917;081353893344_;jobal700@gmail.com;;Operasional;Aktif
531;Klinik;53040300006;1000171653;"KLINIK PRATAMA POLRES BELU SANIKA SATYAWADA";"Klinik Pratama";"JALAN AHMAD YANI NO.3 ATAMBUA, KELURAHAN ATAMBUA, KECAMATAN KOTA ATAMBUA, KABUPATEN BELU";53;"Nusa Tenggara Timur";5304;"Kab. Belu";530412;"Kota Atambua";-9.12202;124.91256;081353893344_;kliniksanika47@gmail.com;;Operasional;Aktif
532;Klinik;53040300003;1000171627;"KLINIK PRATAMA ST. AGUSTINUS FATUBENOA";"Klinik Pratama";"JL. HOT GOL, RT: 05/ RW : 02, KELURAHAN FATUBENAO";53;"Nusa Tenggara Timur";5304;"Kab. Belu";530412;"Kota Atambua";-9.10652;124.8948;081261614321_;klinikpratamastagustinus7@gmail.com;;Operasional;Aktif
533;Klinik;53040300004;1000171615;"Klinik Pratama ST. Rafael Lahurus";"Klinik Pratama";"Lahurus, Desa Fatulotu";53;"Nusa Tenggara Timur";5304;"Kab. Belu";530417;Lasiolat;-6.09843;106.56896;081339808843_;rafaellahurus@gmail.com;;Operasional;Aktif
534;Klinik;53040300009;1001489473;"Klinik St. Vinsensius A. Paulo Fulur";"Klinik Pratama";"Fulurtas, Desa Fulur";53;"Nusa Tenggara Timur";5304;"Kab. Belu";530401;Lamaknen;-9.09493;125.13956;081353524912_;klinikpratamafulur@gmail.com;;Operasional;Aktif
535;Klinik;53050300006;1005024740;"KLINIK ADE";"Klinik Pratama";"Jl. Imam Bonjol RT 06/RW 02 Kel. Bonongko, Kecamatan Teluk Mutiara, Kabupaten Alor";53;"Nusa Tenggara Timur";5305;"Kab. Alor";530501;"Teluk Mutiara";;;082237178348;adenonagoro@gmail.com;;Operasional;Aktif
536;Klinik;53050300003;1000252677;"Klinik Medika Utama";"Klinik Pratama";"Jl. Panglima Polem No. 05, Kalabahi Timur, Teluk Mutiara";53;"Nusa Tenggara Timur";5305;"Kab. Alor";530501;"Teluk Mutiara";;;082298883588_;Medikautama01@gmail.com;;Operasional;Aktif
537;Klinik;53050300004;1001181203;"Klinik Polres Alor";"Klinik Pratama";"jln. A. yani 38, Kalabahi";53;"Nusa Tenggara Timur";5305;"Kab. Alor";530501;"Teluk Mutiara";-6.20205;106.8829;085238054033_;polresalorpoliklinik@gmail.com;;Operasional;Aktif
538;Klinik;53050300001;1000252665;"KLINIK PRATAMA EL SHADDAI MEDIKA";"Klinik Pratama";"KLINIK PRATAMA EL SHADDAI MEDIKA
Jl.W.Z Yohanes RT 008/RW 004 Padang Tekukur
Kelurahan Mutiara,Kecamatan  Teluk Mutiara Kabupaten Alor Propinsi Nusa Tenggara Timur";53;"Nusa Tenggara Timur";5305;"Kab. Alor";530501;"Teluk Mutiara";-8.21506;124.54528;081339810342_;elshaddaimedika@gmail.com;;Operasional;Aktif
539;Klinik;53050300002;1000252689;"Klinik Pratama St. Elisabeth Tombang";"Klinik Pratama";"JL.BANTENG NO.16 KELURAHAN KALABAHI TENGAH KECAMATANTELUK MUTIARA KABUPATEN ALOR PROPINSINUSA TENGGARA TIMUR";53;"Nusa Tenggara Timur";5305;"Kab. Alor";530501;"Teluk Mutiara";-8.21367;124.53963;081384154378;elisabeth.tombang@gmail.com;;Operasional;Aktif
540;Klinik;53050300005;1001549924;"Klinik Watatuku Alor";"Klinik Pratama";"Jln. Soekarno Hatta No 03, Rt 002/Rw 001 Kel. Welai Timur Kec. Teluk Mutiara Kab. Alor";53;"Nusa Tenggara Timur";5305;"Kab. Alor";530501;"Teluk Mutiara";-8.21093;124.56241;082145144711;klinikwatatukualor@gmail.com;;Operasional;Aktif
541;Klinik;53060300005;1000662456;"Klinik Pratama Polres Flores Timur";"Klinik Pratama";"Jalan Herman Fernandez No. 76 Larantuka";53;"Nusa Tenggara Timur";5306;"Kab. Flores Timur";530603;Larantuka;-8.33481;122.9946;082146418151;sidokkes.resflotim@gmail.com;;Operasional;Aktif
542;Klinik;53060300002;1000230019;"Klinik Pratama Pulitoben";"Klinik Pratama";"Klinik Pratama Pulitoben Witihama. Desa Lamabelawa Kecamatan Witihama Adonara";53;"Nusa Tenggara Timur";5306;"Kab. Flores Timur";530612;Witihama;-8.29633;123.25928;082229501161_;eduardacb71@gmail.com;;Operasional;Aktif
543;Klinik;53060300003;1000230021;"Klinik Pratama Roncalli Hokeng";"Klinik Pratama";"Desa Klatanlo, Kecamatan Wulanggitang";53;"Nusa Tenggara Timur";5306;"Kab. Flores Timur";530601;Wulanggitang;-8.51811;122.73252;081230899653;theresiawati993@gmail.com;;Operasional;Aktif
544;Klinik;53060300007;1001529211;"Klinik Pratama Rutan Kelas IIB Larantuka";"Klinik Pratama";"Jl. Jend. Sudirman No. 50, Kel. Sarotari";53;"Nusa Tenggara Timur";5306;"Kab. Flores Timur";530603;Larantuka;-8.3109;123.01879;087752462904_;dnovitarani94@gmail.com;;Operasional;Aktif
545;Klinik;53060300004;1000230033;"Klinik Pratama St. Anna Waibalun";"Klinik Pratama";"JL. Ki HajarDewantara, Kel. Waibalun, Kec. Larantuka, Flores Timur";53;"Nusa Tenggara Timur";5306;"Kab. Flores Timur";530603;Larantuka;-8.34669;122.9569;081246762687;klinikwaibalun@gmail.com;;Operasional;Aktif
546;Klinik;53060300006;1001494882;"Klinik Pratama St. Yoseph Kiwangona";"Klinik Pratama";"Jl. Trans Waiwerang - Sagu desa Kiwangona";53;"Nusa Tenggara Timur";5306;"Kab. Flores Timur";530610;"Adonara Timur";-8.34528;123.21055;081237772520;santojoseph933@gmail.com;;Operasional;Aktif
547;Klinik;53060300009;1004800666;"Klinik santa Maria soledad";"Klinik Pratama";"Kelurahan weri,";53;"Nusa Tenggara Timur";5306;"Kab. Flores Timur";530603;Larantuka;-8.29375;123.0185;081380737215;shiannesili2@gmail.com;;Operasional;Aktif
548;Klinik;53060300010;1004943391;"Klinik Utama Berkat";"Klinik Utama";"Jl. Jenderal Sudirman
Kota Rowido";53;"Nusa Tenggara Timur";5306;"Kab. Flores Timur";530603;Larantuka;-8.31758;123.01492;081394529698;klinikutamaberkat@gmail.com;;Operasional;Aktif
549;Klinik;53060300008;1004792883;"Klinik Utama Mahawira Larantuka";"Klinik Utama";"Jl. San Juan, Kel. Sarotari, Larantuka";53;"Nusa Tenggara Timur";5306;"Kab. Flores Timur";530603;Larantuka;;;081237718211/08;mahawiralarantuka@gmail.com;;Operasional;Aktif
550;Klinik;53060300001;1000230045;"Klinik Utama Santa Theresia";"Klinik Utama";"Tabali, RT. 013,  RW 03 Kelurahan Sarotari, Kecamatan Larantuka, Kabupaten Flores Timur, NTT";53;"Nusa Tenggara Timur";5306;"Kab. Flores Timur";530603;Larantuka;-8.32018;123.01081;082112818738_;kpsttheresia@gmail.com;;Operasional;Aktif
551;Klinik;53070300006;1000209371;"Balai Kesehatan Lanal Maumere";"Klinik Pratama";"Jl Magepanda km 10 Nangahure Rt 004/ Rw 001";53;"Nusa Tenggara Timur";5307;"Kab. Sikka";530714;"Alok Barat";6.45826;107.51633;081233314573;pandibp13031977@gmail.com;;Operasional;Aktif
552;Klinik;53070300009;1000209357;"Kirana Aesthetic Clinic";"Klinik Pratama";"Jl. Soegiyopranoto Maumere";53;"Nusa Tenggara Timur";5307;"Kab. Sikka";530705;Alok;-8.61913;122.217;08111884138__;genubies@gmail.com;;Operasional;Aktif
553;Klinik;53070300002;1000209319;"Klinik King Medika";"Klinik Pratama";"Pelibaler,RT.012/RW.003, Desa  Kloangpopot, Kecamatan Doreng, Kabupaten Sikka";53;"Nusa Tenggara Timur";5307;"Kab. Sikka";530720;Doreng;;;082146485494_;Klinikkingmedika46@gmail.com;;Operasional;Aktif
554;Klinik;53070300005;1000209369;"Klinik Madre Nazarena";"Klinik Pratama";"LK. Tuang muut,RT. 009/RW.02, Kel.Kota Uneng, Kecamatan Alok Barat - Kab. Sikka";53;"Nusa Tenggara Timur";5307;"Kab. Sikka";530705;Alok;;;081386168889_;hoar03theo@gmail.com;;Operasional;Aktif
555;Klinik;53070300001;1000209321;"Klinik Maumere Sehat";"Klinik Pratama";"Jalan Jenderal Sudirman Waioti";53;"Nusa Tenggara Timur";5307;"Kab. Sikka";530715;"Alok Timur";-6.2022;106.8831;082211500404;klinikmaumeresehat@gmail.com;;Operasional;Aktif
556;Klinik;53070300008;1000209333;"Klinik Polres Sikka";"Klinik Pratama";"Jl. K.S Tubun, Kelurahan Kota Baru, Kecamatan Alok Timur";53;"Nusa Tenggara Timur";5307;"Kab. Sikka";530715;"Alok Timur";-8.6261;122.21813;082255632610;urkessikka01@gmail.com;;Operasional;Aktif
557;Klinik;53070300004;1000209345;"Klinik Pratama Go";"Klinik Pratama";"Jl. dr. Sutomo 14, RT/RW 003/002";53;"Nusa Tenggara Timur";5307;"Kab. Sikka";530715;"Alok Timur";;;082143835480_;apotiksikkafarma@gmail.com;;Operasional;Aktif
558;Klinik;53070300007;1000209395;"Klinik Pratama St Elisabeth Nita";"Klinik Pratama";"JL. DUSUN TOUR ORIN BAO, RT 002/RW001, DESA NITA, KEC NITA";53;"Nusa Tenggara Timur";5307;"Kab. Sikka";530704;Nita;-8.67501;122.16181;08123607520__;klinikpratamastelisabethnita@gmail.com;;Operasional;Aktif
559;Klinik;53070300011;1009967287;"Klinik Rutan Kelas IIB Maumere";"Klinik Pratama";"Jalan Karel Sasuit Tubun, RT.015/RW.004, Kelurahan Kota Baru,";53;"Nusa Tenggara Timur";5307;"Kab. Sikka";530715;"Alok Timur";;;082237278700;minggusraynaldo@gmail.com;;Operasional;Aktif
560;Klinik;53070300010;1000671770;"Klinik Utama Agradece";"Klinik Utama";"Jln diponegoro waidoko";53;"Nusa Tenggara Timur";5307;"Kab. Sikka";530714;"Alok Barat";-8.60665;122.19866;082117799989;sehatagradece56@gmail.com;;Operasional;Aktif
561;Klinik;53070300012;1009983152;"Klinik Utama Familia";"Klinik Utama";"Jl. Cempaka No. 87 Perumnas - Maumere";53;"Nusa Tenggara Timur";5307;"Kab. Sikka";530705;Alok;;;081239676129_;klinikfamilia.maumere@gmail.com;;Operasional;Aktif
562;Klinik;53070300003;1000209383;"St Rafael Watubala";"Klinik Pratama";"Waihekang,Desa Wairterang";53;"Nusa Tenggara Timur";5307;"Kab. Sikka";530709;Waigete;-6.20223;106.88301;081288646843_;klinikstrafael@gmail.com;;Operasional;Aktif
563;Klinik;53080300009;1000662470;"Gunung Maria Moni";"Klinik Pratama";"Jln.Trans Ende Maumere";53;"Nusa Tenggara Timur";5308;"Kab. Ende";530814;Kelimutu;;;081360814096_;susterfabiana@yahoo.com;;Operasional;Aktif
564;Klinik;53080300007;1000189985;"KLINIK LIFECARE";"Klinik Pratama";"JL. GATOT SUBROTO - RUKO FLORESINDO";53;"Nusa Tenggara Timur";5308;"Kab. Ende";530820;"Ende Timur";-8.83463;121.67778;081353175806;kliniklifecare21@gmail.com;;Operasional;Aktif
565;Klinik;53080300010;1000662482;"Klinik Pahlawan";"Klinik Pratama";"jln. pahlawan";53;"Nusa Tenggara Timur";5308;"Kab. Ende";530818;"Ende Utara";-8.8407;121.64838;081238646060_;clinicpahlawan@gmail.com;;Operasional;Aktif
566;Klinik;53080300004;1000189997;"Klinik Pratama Kartini Ndona";"Klinik Pratama";"Jalan Trans Ende-Ndona, Kelurahan Onelako, Kecamatan Ndona";53;"Nusa Tenggara Timur";5308;"Kab. Ende";530805;Ndona;-8.83192;121.69014;"0821 9653 7658";kartinipratama22@gmail.com;;Operasional;Aktif
567;Klinik;53080300006;1000190049;"Klinik Pratama Keluarga Kudus Ende";"Klinik Pratama";"Jalan Mesjid no. 11 Ende";53;"Nusa Tenggara Timur";5308;"Kab. Ende";530818;"Ende Utara";-6.2022;106.88309;08113827678;klinikpratama65@yahoo.com;;Operasional;Aktif
568;Klinik;53080300011;1001162714;"Klinik Pratama Lapas Ende Kelas IIB Ende";"Klinik Pratama";"Jl. Samratulagi No. 1 Kode Pos 86318
Kel. Paupire. Kec. Ende Tengah. Kab. Ende";53;"Nusa Tenggara Timur";5308;"Kab. Ende";530819;"Ende Tengah";;;082385662136_;Arrasyid_liautami@yahoo.com;;Operasional;Aktif
569;Klinik;53080300003;1000190037;"Klinik Pratama Polres Ende";"Klinik Pratama";"JLN POLISI NO 1.KEL POTULANDO KEC ENDE TENGAH KAB ENDE PROVINSI  NUSA TENGGARA TIMUR";53;"Nusa Tenggara Timur";5308;"Kab. Ende";530819;"Ende Tengah";-8.84072;121.64869;081339423170;klinikpratamapolresende@gmail.com;;Operasional;Aktif
570;Klinik;53080300008;1000662468;"Klinik Pratama St. Hedwig";"Klinik Pratama";"Jln. Trans Utara, Welamosa, Kec. Wewaria, Kab. ende";53;"Nusa Tenggara Timur";5308;"Kab. Ende";530807;Wewaria;-8.60595;121.72034;081390723107;vineewala@gmail.com;;Operasional;Aktif
571;Klinik;53080300001;1000190013;"Klinik Pratama ST. Martin De Porres";"Klinik Pratama";"JL. DIPONEGORO NO. 52, ONEKORE, ENDE TENGAH, ENDE, NTT";53;"Nusa Tenggara Timur";5308;"Kab. Ende";530819;"Ende Tengah";-8.84009;121.65197;081236988244;klinik_mdp@yahoo.com;;Operasional;Aktif
572;Klinik;53080300005;1000190025;"Klinik Pratama Uniflor";"Klinik Pratama";"Jln Samratulangi Kel Paupire Kec. Ende Tengah -  Kab. Ende - Propinsi NTT";53;"Nusa Tenggara Timur";5308;"Kab. Ende";530819;"Ende Tengah";-8.83071;121.66388;082247148325;uniflork@gmail.com;;Operasional;Aktif
573;Klinik;53080300002;1000190001;"Klinik Utama Johanes Don Bosco Do";"Klinik Utama";"Jl. Banteng No. 34 RT039/RW010";53;"Nusa Tenggara Timur";5308;"Kab. Ende";530819;"Ende Tengah";-8.84135;121.65032;082136573410_;klinikfec@gmail.com;;Operasional;Aktif
574;Klinik;53080300012;1004938279;"Klinik Utama Rawat Inap Muhammadiyah Ende";"Klinik Utama";"JALAN MAHONI - KOTA RATU - ENDE UTARA KAB. ENDE - NUSA TENGGARA TIMUR";53;"Nusa Tenggara Timur";5308;"Kab. Ende";530818;"Ende Utara";121.64227;-8.8377;081359190665;pkuklinikmuhammadiyahende@gmail.com;;Operasional;Aktif
575;Klinik;53090300003;1001162075;"Klinik Stiper FB";"Klinik Pratama";"Jl. Yos Soedarso no 9 ,Kelurahan Trikora kecamatan bajawa,kabupaten Ngada Flores NTT";53;"Nusa Tenggara Timur";5309;"Kab. Ngada";530906;Bajawa;-8.78585;120.97083;081398307278_;stiperfbklinikkesehatan@gmail.com;;Operasional;Aktif
576;Klinik;53090300002;1000662509;"MM Bajawa";"Klinik Pratama";"Jl WR Soepratman";53;"Nusa Tenggara Timur";5309;"Kab. Ngada";530906;Bajawa;;;081238188685_;marthinus.santoso87@gmail.com;;Operasional;Aktif
577;Klinik;53090300001;1000662494;"Poliklinik Polres Ngada";"Klinik Pratama";"Jln. R. A. Kartini No. 06 Kel. Kisanata";53;"Nusa Tenggara Timur";5309;"Kab. Ngada";530906;Bajawa;-8.78864;120.97121;082330804515;poliklinikpolresngada@gmail.com;;Operasional;Aktif
578;Klinik;53100300005;1001180429;"Klinik Gangguan Jiwa Renceng Mose";"Klinik Pratama";"Jln. Lintas Luar, kel. Bangka Leda, Kec. Langke Rembong, kab. Manggarai, prov. NTT";53;"Nusa Tenggara Timur";5310;"Kab. Manggarai";531012;"Langke Rembong";;;082340258385_;hermina.nujin@yahoo.com;;Operasional;Aktif
579;Klinik;53100300002;1000662511;"Klinik Pratama Bunda";"Klinik Pratama";"Lingkungan Baru Barat, RT. 008/RW.004, Keluarahan Baru, Kec. Reok, Kab. Manggarai";53;"Nusa Tenggara Timur";5310;"Kab. Manggarai";531011;Reok;-8.30863;120.48965;082139207810;klinikbunda32@gmail.com;;Operasional;Aktif
580;Klinik;53100300004;1001179482;"Klinik Pratama Panti Nirmala";"Klinik Pratama";"Jalan Golo Curu, No.01, Karot, Ruteng-Flores.";53;"Nusa Tenggara Timur";5310;"Kab. Manggarai";531012;"Langke Rembong";-8.59398;120.46825;081337304949;klinikpantinirmala.ruteng@gmail.com;;Operasional;Aktif
581;Klinik;53100300001;1000662523;"Klinik Pratama Rawat Jalan Yenny";"Klinik Pratama";"Jl. Wae Ces, RT/RW 009/004, Kelurahan Mbaumuku, Kecamatan Langke Rembong";53;"Nusa Tenggara Timur";5310;"Kab. Manggarai";531012;"Langke Rembong";-8.60385;120.46513;08128186918;klinik.yenny@gmail.com;;Operasional;Aktif
582;Klinik;53100300006;1001551563;"Klinik Pratama Wae Laku";"Klinik Pratama";"Jl. Wae Ces, RT/RW 02/03, Kelurahan Pitak, Kecamatan Langke Rembong, Kabupaten Manggarai.";53;"Nusa Tenggara Timur";5310;"Kab. Manggarai";531012;"Langke Rembong";-8.60257;120.4671;081236156666;ronald.susilo950@gmail.com;;Operasional;Aktif
583;Klinik;53100300003;1000662535;"POLIKLINIK FKTP POLRES MANGGARAI";"Klinik Pratama";"JALAN KATEDRAL 1 RUTENG";53;"Nusa Tenggara Timur";5310;"Kab. Manggarai";531012;"Langke Rembong";-8.60992;120.4637;082244804388_;martinushambandima@gmail.com;;Operasional;Aktif
584;Klinik;53110300001;1000226068;"Klinik Pratama Caesar Medika";"Klinik Pratama";"JL. R. SUPRAPTO NO 18";53;"Nusa Tenggara Timur";5311;"Kab. Sumba Timur";531116;Kambera;-9.65637;120.26906;082145167723;cv.aquaticglobalmandiri@gmail.com;;Operasional;Aktif
585;Klinik;53110300003;1000662559;"Klinik Pratama Grahosadha";"Klinik Pratama";"Jl palapa no 3 b matawai";53;"Nusa Tenggara Timur";5311;"Kab. Sumba Timur";531101;"Kota Waingapu";-9.65414;120.26534;081339320339;klinikgrahosadha@gmail.com;;Operasional;Aktif
586;Klinik;53110300002;1000226070;"Klinik Pratama Larisa";"Klinik Pratama";"JL. AHMAD YANI NO 39, KAMALAPUTI, KOTA WAINGAPU";53;"Nusa Tenggara Timur";5311;"Kab. Sumba Timur";531101;"Kota Waingapu";-9.64758;120.26121;08124620140__;kliniklarisa@gmail.com;;Operasional;Aktif
587;Klinik;53110300004;1000662547;"Klinik YPK A&A Rachmat";"Klinik Pratama";"Perumahan Bumi Savana Indah Blok D1 Depan TK Mutiara. Rt.041,RW.007, Kel.Kambajawa,Kec.Kota Waingapu, Sumba Timur, NTT";53;"Nusa Tenggara Timur";5311;"Kab. Sumba Timur";531101;"Kota Waingapu";-6.2022;106.88314;081337288638;klinik.rachmat@gmail.com;;Operasional;Aktif
588;Klinik;53110300005;1000662561;"Poliklinik Pelda Dominikus Pawa Polres Sumba Timur";"Klinik Pratama";"JL. R. SOEPRAPTO, RT/RW 018/006, KEL. PRAILIU";53;"Nusa Tenggara Timur";5311;"Kab. Sumba Timur";531116;Kambera;-6.20139;106.88563;082147859355_;baurkesnolan@gmail.com;;Operasional;Aktif
589;Klinik;53120300001;1000662597;"Klinik Bunda Maternity";"Klinik Pratama";"JL. BHAYANGKARA
KELURAHAN KOMERDA, KECAMATAN KOTA WAIKABUBAK
KABUPATEN SUMBA BARAT";53;"Nusa Tenggara Timur";5312;"Kab. Sumba Barat";531215;"Kota Waikabubak";-9.6288;119.40769;+6281237084224;bundamaternityclinic@gmail.com;;Operasional;Aktif
590;Klinik;53120300004;1000743298;"Klinik Pratama Lapas Kelas IIB Waikabubak";"Klinik Pratama";"Jalan Adyaksa Km. 6";53;"Nusa Tenggara Timur";5312;"Kab. Sumba Barat";531210;Loli;-9.61232;119.37058;082236136317;Irwanbaharbudiyanto93@gmail.com;;Operasional;Aktif
591;Klinik;53120300005;1000743420;"KLINIK SIDOKKES POLRES SUMBA BARAT";"Klinik Pratama";"JALAN BHAYANGKARA NO.2, KELURAHAN KOMERDA, KECAMATAN KOTA WAIKABUBAK, KABUPATEN SUMBA BARAT, PROVINSI NUSA TENGGARA TIMUR";53;"Nusa Tenggara Timur";5312;"Kab. Sumba Barat";531215;"Kota Waikabubak";-9.63122;119.41209;082276025338_;dokkesressb@gmail.com;;Operasional;Aktif
592;Klinik;53120300002;1000662585;"Klinik Sinar Kemuliaan";"Klinik Pratama";"Jl. Bhayangkara, No. 46 Kel. Komerda, Kota Waikabubak, Kab. Sumba Barat";53;"Nusa Tenggara Timur";5312;"Kab. Sumba Barat";531215;"Kota Waikabubak";-9.44773;119.3842;082244989324;kliniksinar01@gmail.com;;Operasional;Aktif
593;Klinik;53120300003;1000662573;"Rumah Sehat Sejahtera";"Klinik Pratama";"Jl. Bhayangkara. No. 41";53;"Nusa Tenggara Timur";5312;"Kab. Sumba Barat";531215;"Kota Waikabubak";-9.62828;119.40646;+6281327946895;rumahsehatsumba@gmail.com;;Operasional;Aktif
594;Klinik;53130300001;1000185135;"Klinik Polres Lembata";"Klinik Pratama";"Jl. Trans Lembata, Lewoleba Kabupaten Lembata";53;"Nusa Tenggara Timur";5313;"Kab. Lembata";531305;Nubatukan;-6.20222;106.88287;081238999814;endangmalik7@gmail.com;;Operasional;Aktif
595;Klinik;53130300002;1001534242;"Klinik Ratu Rosari Kalikasa";"Klinik Pratama";Katakeja;53;"Nusa Tenggara Timur";5313;"Kab. Lembata";531302;Atadei;-9.10379;123.89901;082248255809_;rahaorkasparina87@gmail.com;;Operasional;Aktif
596;Klinik;53140300001;1000662602;"Balai Pengobatan Pangkalan Tni Al Pulau Rote";"Klinik Pratama";"Pangkalan TNI AL Pulau Rote, Dusun Deranitan, Desa Dolasi, Kec. Rote Barat Daya, Kab. Rote Ndao";53;"Nusa Tenggara Timur";5314;"Kab. Rote Ndao";531401;"Rote Barat Daya";-10.86281;123.01689;082115406668_;bp.lanalrote123@gmail.com;;Operasional;Aktif
597;Klinik;53140300002;1001180364;"Klinik Pratama BNNK Rote Ndao";"Klinik Pratama";"Kompleks Perkantoran Bumi Tii Langga Permai Jalan Civic Center Kelurahan Mokdale Kecamatan Lobalain";53;"Nusa Tenggara Timur";5314;"Kab. Rote Ndao";531403;Lobalain;-10.75562;123.06105;081339538932;klinikpratamabnnkrn@gmail.com;;Operasional;Aktif
598;Klinik;53140300003;1001558315;"POLIKLINIK POLRES ROTE NDAO";"Klinik Pratama";"Jalan  Manek A. Tungga";53;"Nusa Tenggara Timur";5314;"Kab. Rote Ndao";531403;Lobalain;-10.7839;123.01997;082146011140_;soandre78@gmail.com;;Operasional;Aktif
599;Klinik;53150300003;1000240741;"Balai Pengobatan Lanal Labuan Bajo";"Klinik Pratama";"Jl. Soekarno Hatta, Komodo, Labuan Bajo";53;"Nusa Tenggara Timur";5315;"Kab. Manggarai Barat";531505;Komodo;-8.49018;119.87599;081314729667;stevano.mengko@gmail.com;;Operasional;Aktif
600;Klinik;53150300005;1000662614;Bunda;"Klinik Utama";"Jalan Alo Tanis, RT/RW. 016/007, Kelurahan Labuan Bajo";53;"Nusa Tenggara Timur";5315;"Kab. Manggarai Barat";531505;Komodo;-8.48993;119.88346;082228899080;bundalabuan@gmail.com;;Operasional;Aktif
601;Klinik;53150300011;1001562653;"KING CARE LABUAN BAJO";"Klinik Pratama";"Jalan Bandara RT/RW: 001/001, Kelurahan Wae Kelambu Kecamatan Komodo Kabupaten Manggarai Barat Provinsi Nusa Tenggara Timur";53;"Nusa Tenggara Timur";5315;"Kab. Manggarai Barat";531505;Komodo;-8.49429;119.88636;081353214864_;kingcarelabuanbajo7@gmail.com;;Operasional;Aktif
602;Klinik;53150300006;1000662626;"Klinik Kimia Farma Labuan Bajo";"Klinik Pratama";"Jl.Bandara, Kompleks Ruko Exotic, Kel. Labuan Bajo, Kec. Komodo";53;"Nusa Tenggara Timur";5315;"Kab. Manggarai Barat";531505;Komodo;-8.49002;119.88636;085342681013_;klinikkflabuanbajo@gmail.com;;Operasional;Aktif
603;Klinik;53150300004;1000240715;"Klinik Permata";"Klinik Pratama";"Jln. Lamber Kape no. 88 (Ruko QnC), Ds. Gorontalo, Labuan Bajo";53;"Nusa Tenggara Timur";5315;"Kab. Manggarai Barat";531505;Komodo;-8.49983;119.88605;08113838803;permatafloresmedika@gmail.com;;Operasional;Aktif
604;Klinik;53150300007;1000743315;"Klinik Polres Manggarai Barat";"Klinik Pratama";"POLRES MANGGARAI BARAT";53;"Nusa Tenggara Timur";5315;"Kab. Manggarai Barat";531505;Komodo;-8.49225;119.89396;085337228811;resmabarklinik@gmail.com;;Operasional;Aktif
605;Klinik;53150300009;1001530545;"klinik pratama Agung";"Klinik Pratama";"jln.Kemuning,Wae Kesambi,batu cermin ,Komodo,Manggarai Barat";53;"Nusa Tenggara Timur";5315;"Kab. Manggarai Barat";531505;Komodo;-6.20263;106.88356;081340690648;agungwaekesambilbj@gmail.com;;Operasional;Aktif
606;Klinik;53150300002;1000240739;"Klinik St Yoseph Labuan Bajo";"Klinik Pratama";"Jln Samping SDK Waimedu
Kel Wae kelambu
Kec Komodo
Kab Manggarai Barat
86554";53;"Nusa Tenggara Timur";5315;"Kab. Manggarai Barat";531505;Komodo;-8.49438;119.89521;081241964483_;klinikstjoseph@gmail.com;;Operasional;Aktif
607;Klinik;53150300008;1001218525;"Klinik Unicare Bajo";"Klinik Pratama";"Jalan Pantai Pede No 1, RT/RW 006/004, Desa Gorontalo, Kec. Komodo, Kab. Manggarai Barat, NTT";53;"Nusa Tenggara Timur";5315;"Kab. Manggarai Barat";531505;Komodo;-8.52151;119.87359;081293784883;unicarelabuanbajo1@gmail.com;;Operasional;Aktif
608;Klinik;53150300010;1001555739;"KLINIK UTAMA ELECTRA";"Klinik Utama";"Jl. Frans Nala, Cowang Ndereng, Desa Batu Cermin";53;"Nusa Tenggara Timur";5315;"Kab. Manggarai Barat";531505;Komodo;-8.48398;119.8942;081271947434_;ernesta.hagur@gmail.com;;Operasional;Aktif
609;Klinik;53150300001;1000240727;"Klinik Utama Leira";"Klinik Utama";"Jl. Frans Nala, Cowang Dereng RT 007/RW 002, Ds. Batu Cermin, Labuan Bajo";53;"Nusa Tenggara Timur";5315;"Kab. Manggarai Barat";531505;Komodo;-8.48713;119.89451;08113817989__;klinikutamaleira@gmail.com;;Operasional;Aktif
610;Klinik;53150300012;1010001064;"Tifani Dental Care";"Klinik Pratama";"Jl. Yohanes Sahadun,  Desa Batu cermin";53;"Nusa Tenggara Timur";5315;"Kab. Manggarai Barat";531505;Komodo;-8.49332;119.88655;081237027422;tifanidentalcare.hrd@gmail.com;;Operasional;Aktif
611;Klinik;53160300002;1000219651;"Boawae Sehat";"Klinik Pratama";"Jl. Trans Bajawa - Ende (Depan Kantor Pos Boawae), Kelurahan Natanage, Kecamatan Boawae";53;"Nusa Tenggara Timur";5316;"Kab. Nagekeo";531603;Boawae;-8.76585;121.16723;082134920900;ludijunapati@gmail.com;;Operasional;Aktif
612;Klinik;53160300001;1000219637;"klinik Pratama Keluarga Sehat";"Klinik Pratama";"jl. Braga, Kolibali, Kel. Danga";53;"Nusa Tenggara Timur";5316;"Kab. Nagekeo";531601;Aesesa;-8.56664;121.27142;081339016696;keluargasehat.klinikpratama@gmail.com;;Operasional;Aktif
613;Klinik;53160300007;1001526491;"Klinik Pratama Rafa Medika";"Klinik Pratama";"Jl. Ahmad Yani, Kobafesa, RT.004, Kel. Lape, Kec. Aesesa, Kab. Nagekeo";53;"Nusa Tenggara Timur";5316;"Kab. Nagekeo";531601;Aesesa;-8.57356;121.30361;"08111535758/ 08";rafa.medika23@gmail.com;;Operasional;Aktif
614;Klinik;53160300005;1000219649;"Klinik Pratama Santa Maria Guadalupe";"Klinik Pratama";"Wudu, Kelurahan Wolopogo";53;"Nusa Tenggara Timur";5316;"Kab. Nagekeo";531603;Boawae;-8.77396;121.20592;081232818544;kpsmgwuduflores@gmail.com;;Operasional;Aktif
615;Klinik;53160300006;1000662640;"Klinik Pratama St. Fransiskus Asisi Maunori";"Klinik Pratama";"Mauara, Desa Witurombaua, Dsn/RT:IV/09, Kecamatan Keo Tengah, Kabupaten: Nagekeo, Provinsi : Nusa Tenggara Timur";53;"Nusa Tenggara Timur";5316;"Kab. Nagekeo";531606;"Keo Tengah";-8.90485;121.29644;6281239067479;kpst.fransiskusasisimaunori@gmail.com;;Operasional;Aktif
616;Klinik;53160300003;1000219625;"Klinik Pratama St.Elisabeth Labolewa";"Klinik Pratama";"Jln. Trans Aegela-Mbay Desa:Labolewa Kec. Aesesa.";53;"Nusa Tenggara Timur";5316;"Kab. Nagekeo";531601;Aesesa;-8.68664;121.32635;081257379863;aguedadac@gmail.com;;Operasional;Aktif
617;Klinik;53160300004;1000662638;"Klinik Utama Santo Fransiskus Asisi Ratedosa";"Klinik Utama";"Ratedosa, Desa Aeramo, Rt.004, Jl.Trans Utara-86472";53;"Nusa Tenggara Timur";5316;"Kab. Nagekeo";531601;Aesesa;-8.57483;121.31121;082144398567_;klinikratedosa@gmail.com;;Operasional;Aktif
618;Klinik;53170300001;1000197516;"Klinik Pratama Karitas Katiku Loku";"Klinik Pratama";"Katiku Loku, Desa Mata Woga, Kecamatan Katikutana";53;"Nusa Tenggara Timur";5317;"Kab. Sumba Tengah";531701;"Katiku Tana";;;081246485693_;yulianabeding94@gmail.com;;Operasional;Aktif
619;Klinik;53180300006;1001180039;"klinik karitas elopada";"Klinik Pratama";"desa nyura lele";53;"Nusa Tenggara Timur";5318;"Kab. Sumba Barat Daya";531803;"Wewewa Timur";-9.57028;119.31461;087862485111;elopadakaritas@gmail.com;;Operasional;Aktif
620;Klinik;53180300001;1000174916;"Klinik Milik Kita";"Klinik Pratama";"Jln. Ombarade, Desa ombarade, kecamatan. Wewewa Tengah, Sumba Barat Daya";53;"Nusa Tenggara Timur";5318;"Kab. Sumba Barat Daya";531810;"Wewewa Tengah";;;081281816434_;frengki18@gmail.com;;Operasional;Aktif
621;Klinik;53180300004;1001178359;"Klinik Pratama Karitas Homba Karipit";"Klinik Pratama";"desa Homba Karipit, Kecamatan Kodi Utara";53;"Nusa Tenggara Timur";5318;"Kab. Sumba Barat Daya";531808;"Kodi Utara";-9.52262;119.02993;082210816112_;klinikhombakaripit@gmail.com;;Operasional;Aktif
622;Klinik;53180300005;1001180003;"Klinik Rawat Jalan Bunda Nirmala";"Klinik Pratama";"Klinik Bunda Nirmala. Desa Waipaddi";53;"Nusa Tenggara Timur";5318;"Kab. Sumba Barat Daya";531806;"Kodi Bangedo";-9.61095;119.04968;081260605114_;klinikbundanirmala23@gmail.com;;Operasional;Aktif
623;Klinik;53180300002;1000662652;"Klinik Utama “The Sumba Skin Health Center Clinic”";"Klinik Utama";"Jl.Radatani, Kecamatan Kota Tambolaka, Sumba Barat Daya, NTT";53;"Nusa Tenggara Timur";5318;"Kab. Sumba Barat Daya";531809;"Kota Tambolaka";-9.42634;119.24194;082147704748;roslinahoro@gmail.com;;Operasional;Aktif
624;Klinik;53180300003;1001161215;"Unicare Tambolaka";"Klinik Utama";"Jalan Simpang Manda Elu, Sapurata, Tambolaka, Kelurahan Waitabula, Kota Tambolaka";53;"Nusa Tenggara Timur";5318;"Kab. Sumba Barat Daya";531809;"Kota Tambolaka";-9.43197;119.23418;08114339559;unicareclinictambolaka@gmail.com;;Operasional;Aktif
625;Klinik;53190300003;1001551575;"KLINIK GRATIA";"Klinik Pratama";"Jln.KH Dewantara. Golo Karot, Kelurahan Ranaloba,Kecamatan Borong";53;"Nusa Tenggara Timur";5319;"Kab. Manggarai Timur";531901;Borong;-8.80816;120.61293;081337520808_;apotek.klinikgratia@gmail.com;;Operasional;Aktif
626;Klinik;53190300002;1001548396;"Klinik Pratama CITO";"Klinik Pratama";"Waereca, Kel. Ranaloba, Kec. Borong, Manggarai Timur";53;"Nusa Tenggara Timur";5319;"Kab. Manggarai Timur";531901;Borong;-8.81313;120.60626;082147683467;adrianusandri100@gmail.com;;Operasional;Aktif
627;Klinik;53190300001;1001548401;"Klinik Pratama Wejang Asi Mano";"Klinik Pratama";"Nacang- Mano RT 09 RW 02, Kelurahan Mandosawu";53;"Nusa Tenggara Timur";5319;"Kab. Manggarai Timur";531902;"Poco Ranaka";;;082141359791_;agustinahermana73@gmail.com;;Operasional;Aktif
628;Klinik;53210300001;1000213932;Gloria;"Klinik Pratama";"Sukabihanawa, Desa Kamanasa";53;"Nusa Tenggara Timur";5321;"Kab. Malaka";532101;"Malaka Tengah";-9.53979;124.91679;082236368987_;klinikgloria25@gmail.com;;Operasional;Aktif
629;Klinik;53210300003;1000213920;"Klinik Pratama St. Antonius Betun";"Klinik Pratama";"JL. LARAN, DESA WEHALI, KECAMATAN MALAKA TENGAH, KABUPATEN MALAKA";53;"Nusa Tenggara Timur";5321;"Kab. Malaka";532101;"Malaka Tengah";-9.57016;124.90279;081236256395;stantoniusklinik90@gmail.com;;Operasional;Aktif
630;Klinik;53210300006;1001218410;"Klinik Pratama St. Bakhita Canossian Nurobo";"Klinik Pratama";"Jl. Paroki St. Maria Fatima Nurobo - Laenmanen-Kab. Malaka-NTT";53;"Nusa Tenggara Timur";5321;"Kab. Malaka";532108;Laenmanen;-9.35989;124.81664;082147676016_;st.bakhitaklinik@gmail.com;;Operasional;Aktif
631;Klinik;53210300002;1000213918;"Klinik Royal Medika";"Klinik Pratama";"DEPAN PEMANCAR TVRI BETUN KOTA, RT/RW 025/010, DESA WEHALI, KEC. MALAKA TENGAH, KAB.MALAKA";53;"Nusa Tenggara Timur";5321;"Kab. Malaka";532101;"Malaka Tengah";-1.37704;140.80064;082211681114_;rivandy.simu@yahoo.com;;Operasional;Aktif
632;Klinik;53210300005;1001218422;"Klinik St. Antonius Betun";"Klinik Pratama";"jl. Laran, Desa Wehali, Betun, Malaka";53;"Nusa Tenggara Timur";5321;"Kab. Malaka";532101;"Malaka Tengah";-9.57016;124.90279;081236256395_;klinikstantonius13betun@gmail.com;;Operasional;Aktif
633;Klinik;53210300004;1000213906;"Klinik St. Yosefina Bakhita Canossian";"Klinik Pratama";"Jl. Paroki St. Maria Fatima Nurobo, Desa : Meotroi";53;"Nusa Tenggara Timur";5321;"Kab. Malaka";532108;Laenmanen;-9.35635;124.81196;082236485818_;stbakhitaklinik@gmail.com;;Operasional;Aktif
634;Klinik;53710300023;1000158584;ARRA;"Klinik Utama";"JL. W. J LALAMENTIK, KELURAHAN OEBUFU KOTA KUPANG";53;"Nusa Tenggara Timur";5371;"Kota Kupang";537104;Oebobo;-10.17442;123.6183;081229915929_;arraclinic.koe@gmail.com;;Operasional;Aktif
635;Klinik;53710300056;1004789173;"Callista Beauty House";"Klinik Pratama";"Jl. Wj lalamentik No. 76,";53;"Nusa Tenggara Timur";5371;"Kota Kupang";537104;Oebobo;-10.16944;123.60623;081293805107;callistabeautyhouse02@gmail.com;;Operasional;Aktif
636;Klinik;53710300009;1000158558;"DD Klinik Kupang";"Klinik Pratama";"JLN. PAHLAWAN NO. 28 A, KEL. NUNHILA, KEC. ALAK, KOTA KUPANG - NTT";53;"Nusa Tenggara Timur";5371;"Kota Kupang";537101;Alak;-10.16584;123.57161;081238469704;ddklinikkupang@gmail.com;;Operasional;Aktif
637;Klinik;53710300026;1000158522;"Dermajune Clinic";"Klinik Pratama";"Jl. R.W Monginsidi III No.39 RT: 019 RW:004 Kel. Pasir Panjang";53;"Nusa Tenggara Timur";5371;"Kota Kupang";537106;"Kota Lama";-10.15501;123.60703;081339397070;Dermajune@gmail.com;;Operasional;Aktif
638;Klinik;53710300028;1000158699;"dr Yusni Aesthetic And Rehabilitation Clinic";"Klinik Pratama";"Ruko Lontar Permai. Jl. RW. Monginsidi blok B no 22";53;"Nusa Tenggara Timur";5371;"Kota Kupang";537104;Oebobo;;;081230667850_;yusnisinatra01@gmail.com;;Operasional;Aktif
639;Klinik;53710300042;1000662731;"Frisma Dental Care Clinic";"Klinik Pratama";"Jl. Samratulangi Raya No. 216 C Walikota Kupang Nusa Tenggara Timur";53;"Nusa Tenggara Timur";5371;"Kota Kupang";537104;Oebobo;-10.15012;123.62491;08113819304__;frismadentalcare123@gmail.com;;Operasional;Aktif
640;Klinik;53710300039;1000662690;"Kimi Farma Oesapa Kupang";"Klinik Pratama";"JL TIMOR RAYA RT 023 RW 008 OESAPA KUPANG";53;"Nusa Tenggara Timur";5371;"Kota Kupang";537103;"Kelapa Lima";;;081311160749_;klinikkfoesapa.kupang@gmai.com;;Operasional;Aktif
641;Klinik;53710300064;1009999060;"Klinik Adhyaksa Kejaksaan Tinggi Nusa Tenggara Timur";"Klinik Pratama";"Jalan Adhyaksa No.1, Kelurahan Oebobo, Kecamatan Oebobo, Kota Kupang";53;"Nusa Tenggara Timur";5371;"Kota Kupang";537104;Oebobo;-10.17456;123.60577;081236276489;klinikadhyaksa.kejatintt@kejaksaan.go.id;;Operasional;Aktif
642;Klinik;53710300057;1004805953;"Klinik Adi Natha";"Klinik Utama";"Jalan Kejora No 8 , Kelurahan Oebufu, Kecamatan Oebobo, Kota Kupang, Nusa Tenggara Timur";53;"Nusa Tenggara Timur";5371;"Kota Kupang";537104;Oebobo;-10.21377;123.61665;08113838020;putusonix@gmail.com;;Operasional;Aktif
643;Klinik;53710300036;1000662755;"Klinik Advent Kupang";"Klinik Pratama";"Jln. Soeharto No. 36";53;"Nusa Tenggara Timur";5371;"Kota Kupang";537105;"Kota Raja";;;08113839338__;adventkupang@gmail.com;;Operasional;Aktif
644;Klinik;53710300015;1000158716;"Klinik Aisyiyah Kota Kupang";"Klinik Pratama";"Jln. Keuangan Negara No. 07 Kupang – NTT";53;"Nusa Tenggara Timur";5371;"Kota Kupang";537104;Oebobo;-6.20175;106.88242;(0380)833819;klinikaisyiyahkupang@gmail.com;;Operasional;Aktif
645;Klinik;53710300046;1001235729;"KLINIK ASA UTAMA";"Klinik Utama";"JL. PEMUDA RT 003 RW 001 KEL. KUANINO KEC. KOTA RAJA KOTA KUPANG NUSA TENGGARA TIMUR";53;"Nusa Tenggara Timur";5371;"Kota Kupang";537105;"Kota Raja";-10.17097;123.59021;081372405114_;kliniklaboratoriumasa@gmail.com;;Operasional;Aktif
646;Klinik;53710300062;1005050804;"Klinik Bougenville LPKA Klas I Kupang";"Klinik Pratama";"Jalan Matahari Nomor 8";53;"Nusa Tenggara Timur";5371;"Kota Kupang";537103;"Kelapa Lima";-10.15977;123.61039;081238254896;kliniklpkakupang@gmail.com;;Operasional;Aktif
647;Klinik;53710300045;1001218408;"Klinik Cahaya Kasih";"Klinik Pratama";"Jl. Tifa RT 017 RW 06 Kelurahan Fatufeto";53;"Nusa Tenggara Timur";5371;"Kota Kupang";537101;Alak;-10.16857;123.57704;081353977966_;klinikcahayaksh@gmail.com;;Operasional;Aktif
648;Klinik;53710300049;1001494557;"klinik CIRA";"Klinik Pratama";"jl. W.J lalamentik soe 79
komplek ruko flobamora mall
kupang - NTT";53;"Nusa Tenggara Timur";5371;"Kota Kupang";537104;Oebobo;-10.17379;123.61339;081233363730_;apotekcira@yahoo.com;;Operasional;Aktif
649;Klinik;53710300059;1004950136;"KLINIK DOKTER TEA";"Klinik Pratama";"Jln. Perintis Kemerdekaan, Kelapa Lima, Kota Kupang, NTT";53;"Nusa Tenggara Timur";5371;"Kota Kupang";537103;"Kelapa Lima";-10.15566;123.61743;081246319012;teachermanalu.tm@gmail.com;;Operasional;Aktif
650;Klinik;53710300002;1000158675;"Klinik dr Diana";"Klinik Pratama";"Jl. WJ Lalamentik RT 006. RW 011";53;"Nusa Tenggara Timur";5371;"Kota Kupang";537104;Oebobo;-10.17392;123.62793;08113830465__;klinikdr_diana@yahoo.com;;Operasional;Aktif
651;Klinik;53710300032;1000158649;"Klinik Emaus";"Klinik Pratama";"Jln. Emaus No. 10 RT019/RW005  kelurahan Liliba Kota Kupang NTT";53;"Nusa Tenggara Timur";5371;"Kota Kupang";537104;Oebobo;-10.16424;123.64098;0811383101;klinikemaus@gmail.com;;Operasional;Aktif
652;Klinik;53710300006;1000158572;"Klinik Kartini";"Klinik Pratama";"Jl. El Tari I No. 2 Kupan";53;"Nusa Tenggara Timur";5371;"Kota Kupang";537105;"Kota Raja";;;085239402988_;kartiniklinikkupang@gmail.com;;Operasional;Aktif
653;Klinik;53710300061;1005045287;"KLINIK KARTINI ALAK";"Klinik Pratama";"JALAN PENKASE NO 17, RT/RW 004/002 KUPANG NUSA TENGGARA TIMUR";53;"Nusa Tenggara Timur";5371;"Kota Kupang";537101;Alak;123.55882;-10.19511;08113833551;klinikkartinialak04@gmail.com;;Operasional;Aktif
654;Klinik;53710300004;1000158479;"Klinik Kartini BTN";"Klinik Pratama";"Jl. Fetor Foenay No. 9 Kolhua, Kel. Maulafa, Kec. Maulafa, Kota Kupang - Nusa Tenggara Timur";53;"Nusa Tenggara Timur";5371;"Kota Kupang";537102;Maulafa;-10.19622;123.62535;0380-820030;klinik.kartinibtn@gmail.com;;Operasional;Aktif
655;Klinik;53710300005;1000158481;"Klinik Kartini Naimata";"Klinik Pratama";"Jln. Taebenu No. 17 Naimata, Kota Kupang, Nusa Tenggara Timur";53;"Nusa Tenggara Timur";5371;"Kota Kupang";537102;Maulafa;-10.17738;123.64347;085239345334_;klinikkartininaimata@gmail.com;;Operasional;Aktif
656;Klinik;53710300017;1000158601;"Klinik Kimia Farma 101 Herewila";"Klinik Pratama";"JL.HEREWILA NO 38 NAIKOTEN II KOTA RAJA";53;"Nusa Tenggara Timur";5371;"Kota Kupang";537105;"Kota Raja";-8.65738;121.07937;085931542774_;herewilaklinik@gmail.com;;Operasional;Aktif
657;Klinik;53710300016;1000662729;"Klinik Kimia Farma 500 Lalamentik";"Klinik Pratama";"Jl.W.J Lalamentik No.95 D-E Oebobo";53;"Nusa Tenggara Timur";5371;"Kota Kupang";537104;Oebobo;-10.17876;123.5976;085931542774_;klinik500lalamentik@gmail.com;;Operasional;Aktif
658;Klinik;53710300051;1001535167;"KLINIK KIMIA FARMA LALAMENTIK ELTARI";"Klinik Pratama";"JL.W.J LALAMENTIK NO.96 KEL.OEBOBO KEC. OEBOBO KUPANG NTT";53;"Nusa Tenggara Timur";5371;"Kota Kupang";537104;Oebobo;-10.17033;123.60717;085931542774_;kliniklalamentikkupang@gmail.com;;Operasional;Aktif
659;Klinik;53710300014;1000158637;"Klinik King Care";"Klinik Pratama";"Jl. Frans Seda No, 8E, Kelurahan Fatululi, Kecamatan Oebobo, Kota Kupang Provinsi Nusa Tenggara Timur";53;"Nusa Tenggara Timur";5371;"Kota Kupang";537104;Oebobo;-10.16843;123.60822;081236626074_;kingcareklinik@gmail.com;;Operasional;Aktif
660;Klinik;53710300010;1000158651;"Klinik Kupang Graha Medika";"Klinik Pratama";"Jln. Bundaran PU No.54C RT008/RW002
Kel. Tuak Daun Merah";53;"Nusa Tenggara Timur";5371;"Kota Kupang";537104;Oebobo;-10.16295;123.63068;081291625555;cahya.widyadr@gmail.com;;Operasional;Aktif
661;Klinik;53710300030;1000158687;"KLINIK KUPANG KOTA";"Klinik Pratama";"POLRESTA KUPANG KOTA, JALAN FRANS SEDA KOTA KUPANG-NTT";53;"Nusa Tenggara Timur";5371;"Kota Kupang";537104;Oebobo;-10.15623;123.62486;085292180985;klinikrestakupangkota@gmail.com;;Operasional;Aktif
662;Klinik;53710300044;1000662676;"Klinik Lanud El Tari";"Klinik Pratama";"JL ADISUCIPTO NO 2 PENFUI MAULAFA KOTA KUPANG";53;"Nusa Tenggara Timur";5371;"Kota Kupang";537102;Maulafa;-10.17859;123.66191;087738825625;rumkiteli@gmail.com;;Operasional;Aktif
663;Klinik;53710300035;1000662743;"Klinik Medika Wirasakti";"Klinik Pratama";"Jl.Moch Hatta No.9-11 Fontein";53;"Nusa Tenggara Timur";5371;"Kota Kupang";537105;"Kota Raja";-10.16681;123.58349;082144242698;medikawirasakti289@gmail.com;;Operasional;Aktif
664;Klinik;53710300040;1000662767;"Klinik Mudita Medical Centre";"Klinik Pratama";"Jl. Jend. Soeharto No. 53A, RT 19 RW 07, Naikoten I.";53;"Nusa Tenggara Timur";5371;"Kota Kupang";537105;"Kota Raja";-10.18126;123.60076;"(0380) 84606767";klinikmudita@gmail.com;;Operasional;Aktif
665;Klinik;53710300012;1000158754;"Klinik Neka Sehat";"Klinik Pratama";"Jl. bumi III, RT008 / RW003, Kel. Oesapa Selatan";53;"Nusa Tenggara Timur";5371;"Kota Kupang";537103;"Kelapa Lima";-10.15978;123.6493;081908085943;nekasehat24@gmail.com;;Operasional;Aktif
666;Klinik;53710300047;1001235717;"Klinik Pondok Sehat Medika";"Klinik Pratama";"Jl. R.W Monginsidi III No. 21, Kel. Fatululi, Kec. Oebobo,  Kota Kupang";53;"Nusa Tenggara Timur";5371;"Kota Kupang";537104;Oebobo;-10.15648;123.60769;"0380 8430721";pondoksehatmedika@gmail.com;;Operasional;Aktif
667;Klinik;53710300001;1000158728;"Klinik Pratama Badan Narkotika Nasional Provinsi NTT";"Klinik Pratama";"Jl. Palapa No.1A";53;"Nusa Tenggara Timur";5371;"Kota Kupang";537104;Oebobo;-6.20221;106.88316;081291819788;samosir.daulat@yahoo.com;;Operasional;Aktif
668;Klinik;53710300048;1001494674;"Klinik Pratama Benings Kupang";"Klinik Pratama";"jalan Timor Raya KM.8, Kelurahan Oesapa, Kecamatan Kelapa Lima, Kota Kupang, Provinsi Nusa Tenggara Timur";53;"Nusa Tenggara Timur";5371;"Kota Kupang";537103;"Kelapa Lima";-10.14892;123.6463;081322232676_;Beningsklinikkupang@gmail.com;;Operasional;Aktif
669;Klinik;53710300022;1000158778;"Klinik Pratama BNN Kota Kupang";"Klinik Pratama";"JLN. R. A KARTINI, KELURAHAN KELAPA LIMA, KECAMATAN KELAPA LIMA-KOTA KUPANG-NUSA TENGGARA TIMUR";53;"Nusa Tenggara Timur";5371;"Kota Kupang";537103;"Kelapa Lima";-10.15462;123.61695;081237354929;klinikbnnkotakupang@gmail.com;;Operasional;Aktif
670;Klinik;53710300013;1000158625;"Klinik Pratama BPK Perwakilan Provinsi NTT";"Klinik Pratama";"Jl. W.J. Lalamentik no. 91";53;"Nusa Tenggara Timur";5371;"Kota Kupang";537104;Oebobo;-6.2022;106.8831;082237706558;klinikpratamabpkntt@gmail.com;;Operasional;Aktif
671;Klinik;53710300027;1000158766;"Klinik Pratama Cendana Lapas Kelas Iia Kupang";"Klinik Pratama";"Jalan Matahari No.01, Kel. Oesapa Selatan - Lapas Kelas IIA Kupang";53;"Nusa Tenggara Timur";5371;"Kota Kupang";537103;"Kelapa Lima";-10.15816;123.65288;082144316373_;cendanaklinik4@gmail.com;;Operasional;Aktif
672;Klinik;53710300037;1000662717;"Klinik Pratama Citra Husada";"Klinik Pratama";"Jalan Manafe No.17, Kelurahan Kayu Putih, Kecamatan Oebobo, Kota Kupang";53;"Nusa Tenggara Timur";5371;"Kota Kupang";537104;Oebobo;-10.16267;123.62363;085333090157;lette.arman@gmail.com;;Operasional;Aktif
673;Klinik;53710300003;1000158730;"Klinik Pratama Kasih Bunda";"Klinik Pratama";"JL. CAK DOKO NO.18 KELURAHAN OEBOBO";53;"Nusa Tenggara Timur";5371;"Kota Kupang";537104;Oebobo;-6.2022;106.88306;081339002770_;mambaitfetodr2@gmail.com;;Operasional;Aktif
674;Klinik;53710300058;1004815271;"Klinik Pratama LPP Kelas IIB Kupang";"Klinik Pratama";"KANTOR LEMBAGA PEMASYARAKATAN PEREMPUAN KELAS IIB KUPANG JALAN BUMI III RT 013 RW 005 KELURAHAN OESAPA SELATAN KECAMATAN KELAPA LIMA KOTA KUPANG NTT";53;"Nusa Tenggara Timur";5371;"Kota Kupang";537103;"Kelapa Lima";-10.16232;123.64977;082378971013;perawatanlppkupang@gmail.com;;Operasional;Aktif
675;Klinik;53710300060;1004979560;"Klinik Pratama March Medika";"Klinik Pratama";"JL. H.R KOROH KM.7, KEL. SIKUMANA";53;"Nusa Tenggara Timur";5371;"Kota Kupang";537102;Maulafa;-10.20503;123.60974;082123719086;klinikmarchmedika@gmail.com;;Operasional;Aktif
676;Klinik;53710300019;1000158546;"Klinik Pratama Osmok Lantamal Vii Kupang";"Klinik Pratama";"JL. YOS SUDARSO NO. 5";53;"Nusa Tenggara Timur";5371;"Kota Kupang";537101;Alak;-10.17822;123.55231;081249849149_;klinikosmok@gmail.com;;Operasional;Aktif
677;Klinik;53710300052;1001564780;"KLINIK PRATAMA POLTEKKES KUPANG";"Klinik Pratama";"JL. PIET A TALLO, LILIBA, OEBOBO, KOTA KUPANG";53;"Nusa Tenggara Timur";5371;"Kota Kupang";537104;Oebobo;-10.15783;123.6378;081338385500_;klinikpoltekkeskupang@gmail.com;;Operasional;Aktif
678;Klinik;53710300018;1000158792;"Klinik Pratama Rutan Kelas IIB Kupang";"Klinik Pratama";"Jalan Bumi 3, Kelurahan Oesapa Selatan, Kota Kupang";53;"Nusa Tenggara Timur";5371;"Kota Kupang";537103;"Kelapa Lima";-10.16087;123.64968;081237641248_;klinikrutankupang@gmail.com;;Operasional;Aktif
679;Klinik;53710300054;1004716970;"Klinik Pratama Sasando Kantor Gubernur NTT";"Klinik Pratama";"Jalan El Tari N0.52 RT 014 RW 012 Kecamatan Oebobo Kelurahan Oebobo";53;"Nusa Tenggara Timur";5371;"Kota Kupang";537104;Oebobo;;;081338338372;klinikpratamasasando11@gmail.com;;Operasional;Aktif
680;Klinik;53710300011;1000158510;"Klinik Pratama St. Yoseph Merdeka";"Klinik Pratama";"JL. A.Yani, NO.52A, Kelurahan Merdeka";53;"Nusa Tenggara Timur";5371;"Kota Kupang";537106;"Kota Lama";;;081237644578;kliniksspsmerdeka@gmail.com;;Operasional;Aktif
681;Klinik;53710300031;1000158534;"KLINIK PRATAMA TERATAI BRIMOB POLDA NTT";"Klinik Pratama";"RT 15/RW 005 KELURAHAN PASIR PANJANG KECAMATAN KOTA LAMA KOTA KUPANG NUSA TENGGARA TIMUR";53;"Nusa Tenggara Timur";5371;"Kota Kupang";537106;"Kota Lama";-10.15695;123.59786;085253457309;klinikterataibm@gmail.com;;Operasional;Aktif
682;Klinik;53710300033;1000158560;"Klinik Pratama Turangga Polda NTT";"Klinik Pratama";"jl. Herewila no.34 Naikoten II";53;"Nusa Tenggara Timur";5371;"Kota Kupang";537105;"Kota Raja";-10.17496;123.59745;085233004857;poldaklinik47@gmail.com;;Operasional;Aktif
683;Klinik;53710300038;1000662688;"Klinik Pratama Universitas Nusa Cendana";"Klinik Pratama";"Jl. Adi sucipto  RT/RW: 013/011 kelurahan lasiana";53;"Nusa Tenggara Timur";5371;"Kota Kupang";537103;"Kelapa Lima";-10.15666;123.66127;082146749717;klinikpratamaunc@gmail.com;;Operasional;Aktif
684;Klinik;53710300034;1000158613;"Klinik Santa Maria Lourdes";"Klinik Pratama";"jl. Kambaniru No. 92 Kel. Kuanino, Kec. Kota Raja, Kota Kupang -NTT- Indonesia";53;"Nusa Tenggara Timur";5371;"Kota Kupang";537105;"Kota Raja";-10.17467;123.59571;085133512510;klinikmarlou@gmail.com;;Operasional;Aktif
685;Klinik;53710300043;1000662705;"Klinik Utama";"Klinik Pratama";"Jl. Veteran No. 05 RT.020 RW.009";53;"Nusa Tenggara Timur";5371;"Kota Kupang";537103;"Kelapa Lima";-10.15437;123.61079;08113820221__;emeliadianabekak@gmail.com;;Operasional;Aktif
686;Klinik;53710300053;1004673714;"Klinik Utama Citra Kupang";"Klinik Utama";"Jl. Perintis Kemerdekaan I, No. 9 RT 13 / RW 04";53;"Nusa Tenggara Timur";5371;"Kota Kupang";537104;Oebobo;-10.16177;123.62294;08123767406;klinikutamacitrakupang@gmail.com;;Operasional;Aktif
687;Klinik;53710300007;1000158493;"Klinik Utama Jiwa Dewanta Mental Healthcare";"Klinik Utama";"Jl. Ainiba No. 12, RT 009/RW 03, Kelurahan Pasir Panjang, Kecamatan Kota Lama, Kota Kupang - NTT";53;"Nusa Tenggara Timur";5371;"Kota Kupang";537106;"Kota Lama";-10.15208;123.60478;081239003006;dewantamentalhealthcare@yahoo.com;;Operasional;Aktif
688;Klinik;53710300024;1000158596;"Kupang Farma";"Klinik Utama";"Jl. Jenderal Sudirman no.19";53;"Nusa Tenggara Timur";5371;"Kota Kupang";537105;"Kota Raja";;;081229915929_;herawati.lianto@yahoo.com;;Operasional;Aktif
689;Klinik;53710300063;1009987201;"Lily Beauty Clinic";"Klinik Pratama";"jl.W.J.lalamentik Ruko FM.07 & 08 Flobamora Mall,Kel.Oebobo, Kec.Oebobo";53;"Nusa Tenggara Timur";5371;"Kota Kupang";537104;Oebobo;;;082147209649;melanbolla24@gmail.com;;Operasional;Aktif
690;Klinik;53710300025;1000158780;"Mirabelle Sliming and Skin Center";"Klinik Pratama";"Mirabelle Slimming and Skin Center .Jl Timor Raya Km 05 (sebelah hotel IMA)
Kelapa Lima";53;"Nusa Tenggara Timur";5371;"Kota Kupang";537103;"Kelapa Lima";;;081383233933_;irenewidodo20@gmail.com;;Operasional;Aktif
691;Klinik;53710300021;1000158704;"Narisha Skin Care";"Klinik Pratama";"Jl Amabi 77";53;"Nusa Tenggara Timur";5371;"Kota Kupang";537104;Oebobo;-10.17814;123.61897;081231622576;franshomalessy@gmail.com;;Operasional;Aktif
692;Klinik;53710300050;1001531666;"NATASHA SKIN CLINIC CENTER";"Klinik Pratama";"JL VETERAN RT 06/ RW 05, KELURAHAN FATULULI, KECAMATAN OEBOBO";53;"Nusa Tenggara Timur";5371;"Kota Kupang";537104;Oebobo;-10.15917;123.61115;6285325139381;kupangmall@natashaskin.co.id;;Operasional;Aktif
693;Klinik;53710300029;1000158663;"Palma Clinic";"Klinik Utama";"Jl. W. J. Lalamentik No. 91 Komplek Ruko Transpark No. 80 Kelurahan Fatululi";53;"Nusa Tenggara Timur";5371;"Kota Kupang";537104;Oebobo;-10.17036;123.6092;081310737373_;palmaclinic88@gmail.com;;Operasional;Aktif
694;Klinik;53710300008;1000158742;"Prodia Kupang";"Klinik Utama";"Jl. Cak Doko No. 52 Kelurahan Oetete";53;"Nusa Tenggara Timur";5371;"Kota Kupang";537104;Oebobo;-10.16437;123.59153;"0380 821010";kupang@prodia.co.id;;Operasional;Aktif
695;Klinik;53710300041;1000662664;"Queen Klinik";"Klinik Pratama";"Jl. Jend. Soeharto No.98A Naikolan";53;"Nusa Tenggara Timur";5371;"Kota Kupang";537102;Maulafa;-8.65576;121.08059;081339128181;queenklinik522@gmail.com;;Operasional;Aktif
696;Klinik;53710300055;1004748428;"RTC SKIN CLINIC";"Klinik Pratama";"KEL. FATUBESI, RT. 016/ RW. 002";53;"Nusa Tenggara Timur";5371;"Kota Kupang";537106;"Kota Lama";-8.62898;121.02121;081338881637;rtcskinclinic07@gmail.com;;Operasional;Aktif
697;Klinik;53710300020;1000158508;"Valerie Beauty Clinic";"Klinik Pratama";"Jl. R.w monginsidi no 10";53;"Nusa Tenggara Timur";5371;"Kota Kupang";537106;"Kota Lama";-10.15282;123.60647;081238730000_;ridney03@gmail.com;;Operasional;Aktif
698;Pustu;1001403364;1001403364;"PUSTU 1 BURAEN SONRAEN";"Puskesmas Pembantu";;53;"Nusa Tenggara Timur";5301;"Kab. Kupang";530118;"Amarasi Selatan";0;0;;;;Operasional;Aktif
699;Pustu;1001403986;1001403986;"PUSTU 1 OENESU BATAKTE";"Puskesmas Pembantu";;53;"Nusa Tenggara Timur";5301;"Kab. Kupang";530105;"Kupang Barat";0;0;;;;Operasional;Aktif
700;Pustu;1001405738;1001405738;"PUSTU 2 SONRAEN SONRAEN";"Puskesmas Pembantu";;53;"Nusa Tenggara Timur";5301;"Kab. Kupang";530118;"Amarasi Selatan";0;0;;;;Operasional;Aktif
701;Pustu;1001407542;1001407542;"PUSTU 4 MERDEKA OESAO";"Puskesmas Pembantu";;53;"Nusa Tenggara Timur";5301;"Kab. Kupang";530106;"Kupang Timur";0;0;;;;Operasional;Aktif
702;Pustu;1001408467;1001408467;"PUSTU 5 TUATUKA OESAO";"Puskesmas Pembantu";;53;"Nusa Tenggara Timur";5301;"Kab. Kupang";530106;"Kupang Timur";0;0;;;;Operasional;Aktif
703;Pustu;1001410367;1001410367;"PUSTU AFOAN NAIKLIU";"Puskesmas Pembantu";;53;"Nusa Tenggara Timur";5301;"Kab. Kupang";530113;"Amfoang Utara";0;0;;;;Operasional;Aktif
704;Pustu;1001414600;1001414600;"PUSTU APREN OEKABITI";"Puskesmas Pembantu";;53;"Nusa Tenggara Timur";5301;"Kab. Kupang";530109;Amarasi;0;0;;;;Operasional;Aktif
705;Pustu;1001418307;1001418307;"PUSTU BAKUIN NAIKLIU";"Puskesmas Pembantu";;53;"Nusa Tenggara Timur";5301;"Kab. Kupang";530113;"Amfoang Utara";0;0;;;;Operasional;Aktif
706;Pustu;1001426184;1001426184;"PUSTU BATUINAN UITAO";"Puskesmas Pembantu";;53;"Nusa Tenggara Timur";5301;"Kab. Kupang";530104;Semau;0;0;;;;Operasional;Aktif
707;Pustu;1001426653;1001426653;"PUSTU BAUMATA BARAT BAUMATA";"Puskesmas Pembantu";;53;"Nusa Tenggara Timur";5301;"Kab. Kupang";530124;Taebenu;0;0;;;;Operasional;Aktif
708;Pustu;1001426665;1001426665;"PUSTU BAUMATA TIMUR BAUMATA";"Puskesmas Pembantu";;53;"Nusa Tenggara Timur";5301;"Kab. Kupang";530124;Taebenu;0;0;;;;Operasional;Aktif
709;Pustu;1001426677;1001426677;"PUSTU BAUMATA UTARA BAUMATA";"Puskesmas Pembantu";;53;"Nusa Tenggara Timur";5301;"Kab. Kupang";530124;Taebenu;0;0;;;;Operasional;Aktif
710;Pustu;1001429186;1001429186;"PUSTU BENU TAKARI";"Puskesmas Pembantu";;53;"Nusa Tenggara Timur";5301;"Kab. Kupang";530111;Takari;0;0;;;;Operasional;Aktif
711;Pustu;1001431103;1001431103;"PUSTU BINAFUN FATUMONAS";"Puskesmas Pembantu";;53;"Nusa Tenggara Timur";5301;"Kab. Kupang";530130;"Amfoang Tengah";0;0;;;;Operasional;Aktif
712;Pustu;1001431660;1001431660;"PUSTU BIOBA BARU MANUBELON";"Puskesmas Pembantu";;53;"Nusa Tenggara Timur";5301;"Kab. Kupang";530121;"Amfoang Barat Daya";0;0;;;;Operasional;Aktif
713;Pustu;1001431696;1001431696;"PUSTU BIPOLO SULAMU";"Puskesmas Pembantu";;53;"Nusa Tenggara Timur";5301;"Kab. Kupang";530107;Sulamu;0;0;;;;Operasional;Aktif
714;Pustu;1001431842;1001431842;"PUSTU BISMARAK OEMASI";"Puskesmas Pembantu";;53;"Nusa Tenggara Timur";5301;"Kab. Kupang";530116;Nekamese;0;0;;;;Operasional;Aktif
715;Pustu;1001431919;1001431919;"PUSTU BITOBE FATUMONAS";"Puskesmas Pembantu";;53;"Nusa Tenggara Timur";5301;"Kab. Kupang";530130;"Amfoang Tengah";0;0;;;;Operasional;Aktif
716;Pustu;1001433462;1001433462;"PUSTU BOKONG BAUMATA";"Puskesmas Pembantu";;53;"Nusa Tenggara Timur";5301;"Kab. Kupang";530124;Taebenu;0;0;;;;Operasional;Aktif
717;Pustu;1001433486;1001433486;"PUSTU BOKONUSAN UITAO";"Puskesmas Pembantu";;53;"Nusa Tenggara Timur";5301;"Kab. Kupang";530104;Semau;0;0;;;;Operasional;Aktif
718;Pustu;1001433606;1001433606;"PUSTU BOLOK BATAKTE";"Puskesmas Pembantu";;53;"Nusa Tenggara Timur";5301;"Kab. Kupang";530105;"Kupang Barat";0;0;;;;Operasional;Aktif
719;Pustu;1001433888;1001433888;"PUSTU BONE OEMASI";"Puskesmas Pembantu";;53;"Nusa Tenggara Timur";5301;"Kab. Kupang";530116;Nekamese;0;0;;;;Operasional;Aktif
720;Pustu;1001434349;1001434349;"PUSTU BONMUTI FATUMONAS";"Puskesmas Pembantu";;53;"Nusa Tenggara Timur";5301;"Kab. Kupang";530130;"Amfoang Tengah";0;0;;;;Operasional;Aktif
721;Pustu;1001441330;1001441330;"PUSTU CAMPLONG II CAMPLONG";"Puskesmas Pembantu";;53;"Nusa Tenggara Timur";5301;"Kab. Kupang";530110;Fatuleu;0;0;;;;Operasional;Aktif
722;Pustu;1001289067;1001289067;"PUSTU EKATETA CAMPLONG";"Puskesmas Pembantu";;53;"Nusa Tenggara Timur";5301;"Kab. Kupang";530110;Fatuleu;0;0;;;;Operasional;Aktif
723;Pustu;1001453357;1001453357;"PUSTU ENOLANAN OENUNTONO";"Puskesmas Pembantu";;53;"Nusa Tenggara Timur";5301;"Kab. Kupang";530120;"Amabi Oefeto Timur";0;0;;;;Operasional;Aktif
724;Pustu;1001453369;1001453369;"PUSTU ENORAEN PAKUBAUN";"Puskesmas Pembantu";;53;"Nusa Tenggara Timur";5301;"Kab. Kupang";530119;"Amarasi Timur";0;0;;;;Operasional;Aktif
725;Pustu;1001453474;1001453474;"PUSTU ERBAUN BAUN";"Puskesmas Pembantu";;53;"Nusa Tenggara Timur";5301;"Kab. Kupang";530117;"Amarasi Barat";0;0;;;;Operasional;Aktif
726;Pustu;1001453773;1001453773;"PUSTU FATUKONA TAKARI";"Puskesmas Pembantu";;53;"Nusa Tenggara Timur";5301;"Kab. Kupang";530111;Takari;0;0;;;;Operasional;Aktif
727;Pustu;1001453785;1001453785;"PUSTU FATUMETAN LELOGAMA";"Puskesmas Pembantu";;53;"Nusa Tenggara Timur";5301;"Kab. Kupang";530112;"Amfoang Selatan";0;0;;;;Operasional;Aktif
728;Pustu;1001453797;1001453797;"PUSTU FATUMONAS FATUMONAS";"Puskesmas Pembantu";;53;"Nusa Tenggara Timur";5301;"Kab. Kupang";530130;"Amfoang Tengah";0;0;;;;Operasional;Aktif
729;Pustu;1001453802;1001453802;"PUSTU FATUNAUS NAIKLIU";"Puskesmas Pembantu";;53;"Nusa Tenggara Timur";5301;"Kab. Kupang";530113;"Amfoang Utara";0;0;;;;Operasional;Aktif
730;Pustu;1001453826;1001453826;"PUSTU FATUSUKI LELOGAMA";"Puskesmas Pembantu";;53;"Nusa Tenggara Timur";5301;"Kab. Kupang";530112;"Amfoang Selatan";0;0;;;;Operasional;Aktif
731;Pustu;1001453838;1001453838;"PUSTU FATUTETA FATUKANUTU";"Puskesmas Pembantu";;53;"Nusa Tenggara Timur";5301;"Kab. Kupang";530125;"Amabi Oefeto";0;0;;;;Operasional;Aktif
732;Pustu;1001453852;1001453852;"PUSTU FAUMES SOLIU";"Puskesmas Pembantu";;53;"Nusa Tenggara Timur";5301;"Kab. Kupang";530122;"Amfoang Barat Laut";0;0;;;;Operasional;Aktif
733;Pustu;1001461885;1001461885;"PUSTU HANSISI UITAO";"Puskesmas Pembantu";;53;"Nusa Tenggara Timur";5301;"Kab. Kupang";530104;Semau;0;0;;;;Operasional;Aktif
734;Pustu;1001463625;1001463625;"PUSTU HONUK SOLIU";"Puskesmas Pembantu";;53;"Nusa Tenggara Timur";5301;"Kab. Kupang";530122;"Amfoang Barat Laut";0;0;;;;Operasional;Aktif
735;Pustu;1001463730;1001463730;"PUSTU HUEKNUTU TAKARI";"Puskesmas Pembantu";;53;"Nusa Tenggara Timur";5301;"Kab. Kupang";530111;Takari;0;0;;;;Operasional;Aktif
736;Pustu;1001463766;1001463766;"PUSTU HUILELOT UITAO";"Puskesmas Pembantu";;53;"Nusa Tenggara Timur";5301;"Kab. Kupang";530104;Semau;0;0;;;;Operasional;Aktif
737;Pustu;1001470965;1001470965;"PUSTU KALALI POTO";"Puskesmas Pembantu";;53;"Nusa Tenggara Timur";5301;"Kab. Kupang";530127;"Fatuleu Barat";0;0;;;;Operasional;Aktif
738;Pustu;1001479014;1001479014;"PUSTU KAUNIKI TAKARI";"Puskesmas Pembantu";;53;"Nusa Tenggara Timur";5301;"Kab. Kupang";530111;Takari;0;0;;;;Operasional;Aktif
739;Pustu;1001485403;1001485403;"PUSTU KIFU OEPOLI";"Puskesmas Pembantu";;53;"Nusa Tenggara Timur";5301;"Kab. Kupang";530126;"Amfoang Timur";0;0;;;;Operasional;Aktif
740;Pustu;1001485922;1001485922;"PUSTU KIUONI CAMPLONG";"Puskesmas Pembantu";;53;"Nusa Tenggara Timur";5301;"Kab. Kupang";530110;Fatuleu;0;0;;;;Operasional;Aktif
741;Pustu;1001238795;1001238795;"PUSTU KOLABE NAIKLIU";"Puskesmas Pembantu";;53;"Nusa Tenggara Timur";5301;"Kab. Kupang";530113;"Amfoang Utara";0;0;;;;Operasional;Aktif
742;Pustu;1001240528;1001240528;"PUSTU KOTABES OEKABITI";"Puskesmas Pembantu";;53;"Nusa Tenggara Timur";5301;"Kab. Kupang";530109;Amarasi;0;0;;;;Operasional;Aktif
743;Pustu;1001242423;1001242423;"PUSTU KUAKLALO BAUMATA";"Puskesmas Pembantu";;53;"Nusa Tenggara Timur";5301;"Kab. Kupang";530124;Taebenu;0;0;;;;Operasional;Aktif
744;Pustu;1001243099;1001243099;"PUSTU KUANHEUM FATUKANUTU";"Puskesmas Pembantu";;53;"Nusa Tenggara Timur";5301;"Kab. Kupang";530125;"Amabi Oefeto";0;0;;;;Operasional;Aktif
745;Pustu;1001243104;1001243104;"PUSTU KUANHEUN BATAKTE";"Puskesmas Pembantu";;53;"Nusa Tenggara Timur";5301;"Kab. Kupang";530105;"Kupang Barat";0;0;;;;Operasional;Aktif
746;Pustu;1001243544;1001243544;"PUSTU KUIMASI CAMPLONG";"Puskesmas Pembantu";;53;"Nusa Tenggara Timur";5301;"Kab. Kupang";530110;Fatuleu;0;0;;;;Operasional;Aktif
747;Pustu;1001252557;1001252557;"PUSTU LELOBOKO LELOGAMA";"Puskesmas Pembantu";;53;"Nusa Tenggara Timur";5301;"Kab. Kupang";530112;"Amfoang Selatan";0;0;;;;Operasional;Aktif
748;Pustu;1001253836;1001253836;"PUSTU LETKOLE MANUBELON";"Puskesmas Pembantu";;53;"Nusa Tenggara Timur";5301;"Kab. Kupang";530121;"Amfoang Barat Daya";0;0;;;;Operasional;Aktif
749;Pustu;1001254634;1001254634;"PUSTU LIFULEO BATAKTE";"Puskesmas Pembantu";;53;"Nusa Tenggara Timur";5301;"Kab. Kupang";530105;"Kupang Barat";0;0;;;;Operasional;Aktif
750;Pustu;1001254751;1001254751;"PUSTU LILMUS NAIKLIU";"Puskesmas Pembantu";;53;"Nusa Tenggara Timur";5301;"Kab. Kupang";530113;"Amfoang Utara";0;0;;;;Operasional;Aktif
751;Pustu;1001265451;1001265451;"PUSTU MANULAI I BATAKTE";"Puskesmas Pembantu";;53;"Nusa Tenggara Timur";5301;"Kab. Kupang";530105;"Kupang Barat";0;0;;;;Operasional;Aktif
752;Pustu;1001268075;1001268075;"PUSTU MATA AIR TARUS";"Puskesmas Pembantu";;53;"Nusa Tenggara Timur";5301;"Kab. Kupang";530108;"Kupang Tengah";0;0;;;;Operasional;Aktif
753;Pustu;1001272650;1001272650;"PUSTU MERBAUN BAUN";"Puskesmas Pembantu";;53;"Nusa Tenggara Timur";5301;"Kab. Kupang";530117;"Amarasi Barat";0;0;;;;Operasional;Aktif
754;Pustu;1001358466;1001358466;"PUSTU MUKE OENUNTONO";"Puskesmas Pembantu";;53;"Nusa Tenggara Timur";5301;"Kab. Kupang";530120;"Amabi Oefeto Timur";0;0;;;;Operasional;Aktif
755;Pustu;1001360419;1001360419;"PUSTU NAITAE POTO";"Puskesmas Pembantu";;53;"Nusa Tenggara Timur";5301;"Kab. Kupang";530127;"Fatuleu Barat";0;0;;;;Operasional;Aktif
756;Pustu;1001362170;1001362170;"PUSTU NAUNNU CAMPLONG";"Puskesmas Pembantu";;53;"Nusa Tenggara Timur";5301;"Kab. Kupang";530110;Fatuleu;0;0;;;;Operasional;Aktif
757;Pustu;1001281792;1001281792;"PUSTU NEFONEUT MANUBELON";"Puskesmas Pembantu";;53;"Nusa Tenggara Timur";5301;"Kab. Kupang";530121;"Amfoang Barat Daya";0;0;;;;Operasional;Aktif
758;Pustu;1001282253;1001282253;"PUSTU NEKBAUN BAUN";"Puskesmas Pembantu";;53;"Nusa Tenggara Timur";5301;"Kab. Kupang";530117;"Amarasi Barat";0;0;;;;Operasional;Aktif
759;Pustu;1001282265;1001282265;"PUSTU NEKMESE SONRAEN";"Puskesmas Pembantu";;53;"Nusa Tenggara Timur";5301;"Kab. Kupang";530118;"Amarasi Selatan";0;0;;;;Operasional;Aktif
760;Pustu;1001282459;1001282459;"PUSTU NETEMNANU OEPOLI";"Puskesmas Pembantu";;53;"Nusa Tenggara Timur";5301;"Kab. Kupang";530126;"Amfoang Timur";0;0;;;;Operasional;Aktif
761;Pustu;1001282461;1001282461;"PUSTU NETEMNANU SELATAN OEPOLI";"Puskesmas Pembantu";;53;"Nusa Tenggara Timur";5301;"Kab. Kupang";530126;"Amfoang Timur";0;0;;;;Operasional;Aktif
762;Pustu;1001282473;1001282473;"PUSTU NETEMNANU UTARA OEPOLI";"Puskesmas Pembantu";;53;"Nusa Tenggara Timur";5301;"Kab. Kupang";530126;"Amfoang Timur";0;0;;;;Operasional;Aktif
763;Pustu;1001284706;1001284706;"PUSTU NITNEO BATAKTE";"Puskesmas Pembantu";;53;"Nusa Tenggara Timur";5301;"Kab. Kupang";530105;"Kupang Barat";0;0;;;;Operasional;Aktif
764;Pustu;1001284732;1001284732;"PUSTU NIUKBAUN BAUN";"Puskesmas Pembantu";;53;"Nusa Tenggara Timur";5301;"Kab. Kupang";530117;"Amarasi Barat";0;0;;;;Operasional;Aktif
765;Pustu;1001284744;1001284744;"PUSTU NIUNBAUN FATUKANUTU";"Puskesmas Pembantu";;53;"Nusa Tenggara Timur";5301;"Kab. Kupang";530125;"Amabi Oefeto";0;0;;;;Operasional;Aktif
766;Pustu;1001284809;1001284809;"PUSTU NOELBAKI TARUS";"Puskesmas Pembantu";;53;"Nusa Tenggara Timur";5301;"Kab. Kupang";530108;"Kupang Tengah";0;0;;;;Operasional;Aktif
767;Pustu;1001284823;1001284823;"PUSTU NOELMINA TAKARI";"Puskesmas Pembantu";;53;"Nusa Tenggara Timur";5301;"Kab. Kupang";530111;Takari;0;0;;;;Operasional;Aktif
768;Pustu;1001285059;1001285059;"PUSTU NUATAUS POTO";"Puskesmas Pembantu";;53;"Nusa Tenggara Timur";5301;"Kab. Kupang";530127;"Fatuleu Barat";0;0;;;;Operasional;Aktif
769;Pustu;1001285346;1001285346;"PUSTU NUNKURUS NAIBONAT";"Puskesmas Pembantu";;53;"Nusa Tenggara Timur";5301;"Kab. Kupang";530106;"Kupang Timur";0;0;;;;Operasional;Aktif
770;Pustu;1001285360;1001285360;"PUSTU NUNMAFO OENUNTONO";"Puskesmas Pembantu";;53;"Nusa Tenggara Timur";5301;"Kab. Kupang";530120;"Amabi Oefeto Timur";0;0;;;;Operasional;Aktif
771;Pustu;1001285372;1001285372;"PUSTU NUNSAEN OELBITENO";"Puskesmas Pembantu";;53;"Nusa Tenggara Timur";5301;"Kab. Kupang";530128;"Fatuleu Tengah";0;0;;;;Operasional;Aktif
772;Pustu;1001285396;1001285396;"PUSTU NUNUANAH OEPOLI";"Puskesmas Pembantu";;53;"Nusa Tenggara Timur";5301;"Kab. Kupang";530126;"Amfoang Timur";0;0;;;;Operasional;Aktif
773;Pustu;1001286027;1001286027;"PUSTU OBEN OEMASI";"Puskesmas Pembantu";;53;"Nusa Tenggara Timur";5301;"Kab. Kupang";530116;Nekamese;0;0;;;;Operasional;Aktif
774;Pustu;1001286144;1001286144;"PUSTU OEBELO TARUS";"Puskesmas Pembantu";;53;"Nusa Tenggara Timur";5301;"Kab. Kupang";530108;"Kupang Tengah";0;0;;;;Operasional;Aktif
775;Pustu;1001286156;1001286156;"PUSTU OEBESI PAKUBAUN";"Puskesmas Pembantu";;53;"Nusa Tenggara Timur";5301;"Kab. Kupang";530119;"Amarasi Timur";0;0;;;;Operasional;Aktif
776;Pustu;1001286168;1001286168;"PUSTU OEBOLA CAMPLONG";"Puskesmas Pembantu";;53;"Nusa Tenggara Timur";5301;"Kab. Kupang";530110;Fatuleu;0;0;;;;Operasional;Aktif
777;Pustu;1001286170;1001286170;"PUSTU OEBOLA DALAM CAMPLONG";"Puskesmas Pembantu";;53;"Nusa Tenggara Timur";5301;"Kab. Kupang";530110;Fatuleu;0;0;;;;Operasional;Aktif
778;Pustu;1001286209;1001286209;"PUSTU OEFAFI OESAO";"Puskesmas Pembantu";;53;"Nusa Tenggara Timur";5301;"Kab. Kupang";530106;"Kupang Timur";0;0;;;;Operasional;Aktif
779;Pustu;1001286211;1001286211;"PUSTU OEFETO FATUKANUTU";"Puskesmas Pembantu";;53;"Nusa Tenggara Timur";5301;"Kab. Kupang";530125;"Amabi Oefeto";0;0;;;;Operasional;Aktif
780;Pustu;1001286247;1001286247;"PUSTU OELATIMO NAIBONAT";"Puskesmas Pembantu";;53;"Nusa Tenggara Timur";5301;"Kab. Kupang";530106;"Kupang Timur";0;0;;;;Operasional;Aktif
781;Pustu;1001286259;1001286259;"PUSTU OELBANU LELOGAMA";"Puskesmas Pembantu";;53;"Nusa Tenggara Timur";5301;"Kab. Kupang";530112;"Amfoang Selatan";0;0;;;;Operasional;Aktif
782;Pustu;1001286261;1001286261;"PUSTU OELBITENO OELBITENO";"Puskesmas Pembantu";;53;"Nusa Tenggara Timur";5301;"Kab. Kupang";530128;"Fatuleu Tengah";0;0;;;;Operasional;Aktif
783;Pustu;1001286302;1001286302;"PUSTU OELETSALA BAUMATA";"Puskesmas Pembantu";;53;"Nusa Tenggara Timur";5301;"Kab. Kupang";530124;Taebenu;0;0;;;;Operasional;Aktif
784;Pustu;1001286326;1001286326;"PUSTU OELFATU SOLIU";"Puskesmas Pembantu";;53;"Nusa Tenggara Timur";5301;"Kab. Kupang";530122;"Amfoang Barat Laut";0;0;;;;Operasional;Aktif
785;Pustu;1001286338;1001286338;"PUSTU OELNAINENO TAKARI";"Puskesmas Pembantu";;53;"Nusa Tenggara Timur";5301;"Kab. Kupang";530111;Takari;0;0;;;;Operasional;Aktif
786;Pustu;1001286340;1001286340;"PUSTU OELNASI TARUS";"Puskesmas Pembantu";;53;"Nusa Tenggara Timur";5301;"Kab. Kupang";530108;"Kupang Tengah";0;0;;;;Operasional;Aktif
787;Pustu;1001286364;1001286364;"PUSTU OELOMIN OEMASI";"Puskesmas Pembantu";;53;"Nusa Tenggara Timur";5301;"Kab. Kupang";530116;Nekamese;0;0;;;;Operasional;Aktif
788;Pustu;1001286376;1001286376;"PUSTU OELPUAH TARUS";"Puskesmas Pembantu";;53;"Nusa Tenggara Timur";5301;"Kab. Kupang";530108;"Kupang Tengah";0;0;;;;Operasional;Aktif
789;Pustu;1001286388;1001286388;"PUSTU OELTUAH BAUMATA";"Puskesmas Pembantu";;53;"Nusa Tenggara Timur";5301;"Kab. Kupang";530124;Taebenu;0;0;;;;Operasional;Aktif
790;Pustu;1001286405;1001286405;"PUSTU OEMATNUNU BATAKTE";"Puskesmas Pembantu";;53;"Nusa Tenggara Timur";5301;"Kab. Kupang";530105;"Kupang Barat";0;0;;;;Operasional;Aktif
791;Pustu;1001286417;1001286417;"PUSTU OEMOFA OENUNTONO";"Puskesmas Pembantu";;53;"Nusa Tenggara Timur";5301;"Kab. Kupang";530120;"Amabi Oefeto Timur";0;0;;;;Operasional;Aktif
792;Pustu;1001286429;1001286429;"PUSTU OEMOLO OENUNTONO";"Puskesmas Pembantu";;53;"Nusa Tenggara Timur";5301;"Kab. Kupang";530120;"Amabi Oefeto Timur";0;0;;;;Operasional;Aktif
793;Pustu;1001286431;1001286431;"PUSTU OENAEK BATAKTE";"Puskesmas Pembantu";;53;"Nusa Tenggara Timur";5301;"Kab. Kupang";530105;"Kupang Barat";0;0;;;;Operasional;Aktif
794;Pustu;1001286455;1001286455;"PUSTU OENAUNU OENUNTONO";"Puskesmas Pembantu";;53;"Nusa Tenggara Timur";5301;"Kab. Kupang";530120;"Amabi Oefeto Timur";0;0;;;;Operasional;Aktif
795;Pustu;1001286493;1001286493;"PUSTU OENIF OEMASI";"Puskesmas Pembantu";;53;"Nusa Tenggara Timur";5301;"Kab. Kupang";530116;Nekamese;0;0;;;;Operasional;Aktif
796;Pustu;1001286508;1001286508;"PUSTU OENIKO OENUNTONO";"Puskesmas Pembantu";;53;"Nusa Tenggara Timur";5301;"Kab. Kupang";530120;"Amabi Oefeto Timur";0;0;;;;Operasional;Aktif
797;Pustu;1001286522;1001286522;"PUSTU OENONI II OEKABITI";"Puskesmas Pembantu";;53;"Nusa Tenggara Timur";5301;"Kab. Kupang";530109;Amarasi;0;0;;;;Operasional;Aktif
798;Pustu;1001286534;1001286534;"PUSTU OENONI OEKABITI";"Puskesmas Pembantu";;53;"Nusa Tenggara Timur";5301;"Kab. Kupang";530109;Amarasi;0;0;;;;Operasional;Aktif
799;Pustu;1001286546;1001286546;"PUSTU OEPAHA OEMASI";"Puskesmas Pembantu";;53;"Nusa Tenggara Timur";5301;"Kab. Kupang";530116;Nekamese;0;0;;;;Operasional;Aktif
800;Pustu;1001286560;1001286560;"PUSTU OESAO OESAO";"Puskesmas Pembantu";;53;"Nusa Tenggara Timur";5301;"Kab. Kupang";530106;"Kupang Timur";0;0;;;;Operasional;Aktif
801;Pustu;1001286584;1001286584;"PUSTU OESENA OEKABITI";"Puskesmas Pembantu";;53;"Nusa Tenggara Timur";5301;"Kab. Kupang";530109;Amarasi;0;0;;;;Operasional;Aktif
802;Pustu;1001286596;1001286596;"PUSTU OESUSU TAKARI";"Puskesmas Pembantu";;53;"Nusa Tenggara Timur";5301;"Kab. Kupang";530111;Takari;0;0;;;;Operasional;Aktif
803;Pustu;1001286613;1001286613;"PUSTU OETETA SULAMU";"Puskesmas Pembantu";;53;"Nusa Tenggara Timur";5301;"Kab. Kupang";530107;Sulamu;0;0;;;;Operasional;Aktif
804;Pustu;1001366621;1001366621;"PUSTU OHAEM II LELOGAMA";"Puskesmas Pembantu";;53;"Nusa Tenggara Timur";5301;"Kab. Kupang";530112;"Amfoang Selatan";0;0;;;;Operasional;Aktif
805;Pustu;1001366633;1001366633;"PUSTU OHAEM LELOGAMA";"Puskesmas Pembantu";;53;"Nusa Tenggara Timur";5301;"Kab. Kupang";530112;"Amfoang Selatan";0;0;;;;Operasional;Aktif
806;Pustu;1001287605;1001287605;"PUSTU ONANSILA AKLE";"Puskesmas Pembantu";;53;"Nusa Tenggara Timur";5301;"Kab. Kupang";530123;"Semau Selatan";0;0;;;;Operasional;Aktif
807;Pustu;1001288166;1001288166;"PUSTU OTAN UITAO";"Puskesmas Pembantu";;53;"Nusa Tenggara Timur";5301;"Kab. Kupang";530104;Semau;0;0;;;;Operasional;Aktif
808;Pustu;1001291840;1001291840;"PUSTU PAKUBAUN PAKUBAUN";"Puskesmas Pembantu";;53;"Nusa Tenggara Timur";5301;"Kab. Kupang";530119;"Amarasi Timur";0;0;;;;Operasional;Aktif
809;Pustu;1001375074;1001375074;"PUSTU PANTAI BERINGIN SULAMU";"Puskesmas Pembantu";;53;"Nusa Tenggara Timur";5301;"Kab. Kupang";530107;Sulamu;0;0;;;;Operasional;Aktif
810;Pustu;1001296486;1001296486;"PUSTU PANTULAN SULAMU";"Puskesmas Pembantu";;53;"Nusa Tenggara Timur";5301;"Kab. Kupang";530107;Sulamu;0;0;;;;Operasional;Aktif
811;Pustu;1001298111;1001298111;"PUSTU PARITI SULAMU";"Puskesmas Pembantu";;53;"Nusa Tenggara Timur";5301;"Kab. Kupang";530107;Sulamu;0;0;;;;Operasional;Aktif
812;Pustu;1001300184;1001300184;"PUSTU PASSI OELBITENO";"Puskesmas Pembantu";;53;"Nusa Tenggara Timur";5301;"Kab. Kupang";530128;"Fatuleu Tengah";0;0;;;;Operasional;Aktif
813;Pustu;1001300500;1001300500;"PUSTU PATHAU OENUNTONO";"Puskesmas Pembantu";;53;"Nusa Tenggara Timur";5301;"Kab. Kupang";530120;"Amabi Oefeto Timur";0;0;;;;Operasional;Aktif
814;Pustu;1001304415;1001304415;"PUSTU PENFUI TIMUR TARUS";"Puskesmas Pembantu";;53;"Nusa Tenggara Timur";5301;"Kab. Kupang";530108;"Kupang Tengah";0;0;;;;Operasional;Aktif
815;Pustu;1001308837;1001308837;"PUSTU PITAI SULAMU";"Puskesmas Pembantu";;53;"Nusa Tenggara Timur";5301;"Kab. Kupang";530107;Sulamu;0;0;;;;Operasional;Aktif
816;Pustu;1001310309;1001310309;"PUSTU PONAIN OEKABITI";"Puskesmas Pembantu";;53;"Nusa Tenggara Timur";5301;"Kab. Kupang";530109;Amarasi;0;0;;;;Operasional;Aktif
817;Pustu;1001388679;1001388679;"PUSTU POTO POTO";"Puskesmas Pembantu";;53;"Nusa Tenggara Timur";5301;"Kab. Kupang";530127;"Fatuleu Barat";0;0;;;;Operasional;Aktif
818;Pustu;1001312228;1001312228;"PUSTU PUKDALE NAIBONAT";"Puskesmas Pembantu";;53;"Nusa Tenggara Timur";5301;"Kab. Kupang";530106;"Kupang Timur";0;0;;;;Operasional;Aktif
819;Pustu;1001315919;1001315919;"PUSTU RABEKA PAKUBAUN";"Puskesmas Pembantu";;53;"Nusa Tenggara Timur";5301;"Kab. Kupang";530119;"Amarasi Timur";0;0;;;;Operasional;Aktif
820;Pustu;1001316523;1001316523;"PUSTU RAKNAMO FATUKANUTU";"Puskesmas Pembantu";;53;"Nusa Tenggara Timur";5301;"Kab. Kupang";530125;"Amabi Oefeto";0;0;;;;Operasional;Aktif
821;Pustu;1001396080;1001396080;"PUSTU RETRAEN SONRAEN";"Puskesmas Pembantu";;53;"Nusa Tenggara Timur";5301;"Kab. Kupang";530118;"Amarasi Selatan";0;0;;;;Operasional;Aktif
822;Pustu;1001323057;1001323057;"PUSTU SAHRAEN SONRAEN";"Puskesmas Pembantu";;53;"Nusa Tenggara Timur";5301;"Kab. Kupang";530118;"Amarasi Selatan";0;0;;;;Operasional;Aktif
823;Pustu;1001327522;1001327522;"PUSTU SAUKIBE SOLIU";"Puskesmas Pembantu";;53;"Nusa Tenggara Timur";5301;"Kab. Kupang";530122;"Amfoang Barat Laut";0;0;;;;Operasional;Aktif
824;Pustu;1001330658;1001330658;"PUSTU SEKI OENUNTONO";"Puskesmas Pembantu";;53;"Nusa Tenggara Timur";5301;"Kab. Kupang";530120;"Amabi Oefeto Timur";0;0;;;;Operasional;Aktif
825;Pustu;1001339898;1001339898;"PUSTU SILLU CAMPLONG";"Puskesmas Pembantu";;53;"Nusa Tenggara Timur";5301;"Kab. Kupang";530110;Fatuleu;0;0;;;;Operasional;Aktif
826;Pustu;1001344257;1001344257;"PUSTU SOBA BAUN";"Puskesmas Pembantu";;53;"Nusa Tenggara Timur";5301;"Kab. Kupang";530117;"Amarasi Barat";0;0;;;;Operasional;Aktif
827;Pustu;1001344738;1001344738;"PUSTU SOLIU SOLIU";"Puskesmas Pembantu";;53;"Nusa Tenggara Timur";5301;"Kab. Kupang";530122;"Amfoang Barat Laut";0;0;;;;Operasional;Aktif
828;Pustu;1001354006;1001354006;"PUSTU SUMLILI BATAKTE";"Puskesmas Pembantu";;53;"Nusa Tenggara Timur";5301;"Kab. Kupang";530105;"Kupang Barat";0;0;;;;Operasional;Aktif
829;Pustu;1001359757;1001359757;"PUSTU TABLOLONG BATAKTE";"Puskesmas Pembantu";;53;"Nusa Tenggara Timur";5301;"Kab. Kupang";530105;"Kupang Barat";0;0;;;;Operasional;Aktif
830;Pustu;1001399939;1001399939;"PUSTU TALOETAN OEMASI";"Puskesmas Pembantu";;53;"Nusa Tenggara Timur";5301;"Kab. Kupang";530116;Nekamese;0;0;;;;Operasional;Aktif
831;Pustu;1001363899;1001363899;"PUSTU TANAH MERAH TARUS";"Puskesmas Pembantu";;53;"Nusa Tenggara Timur";5301;"Kab. Kupang";530108;"Kupang Tengah";0;0;;;;Operasional;Aktif
832;Pustu;1001363942;1001363942;"PUSTU TANAH PUTIH OESAO";"Puskesmas Pembantu";;53;"Nusa Tenggara Timur";5301;"Kab. Kupang";530106;"Kupang Timur";0;0;;;;Operasional;Aktif
833;Pustu;1001365419;1001365419;"PUSTU TANINI TAKARI";"Puskesmas Pembantu";;53;"Nusa Tenggara Timur";5301;"Kab. Kupang";530111;Takari;0;0;;;;Operasional;Aktif
834;Pustu;1001370347;1001370347;"PUSTU TASIKONA OEMASI";"Puskesmas Pembantu";;53;"Nusa Tenggara Timur";5301;"Kab. Kupang";530116;Nekamese;0;0;;;;Operasional;Aktif
835;Pustu;1001401158;1001401158;"PUSTU TESABELA BATAKTE";"Puskesmas Pembantu";;53;"Nusa Tenggara Timur";5301;"Kab. Kupang";530105;"Kupang Barat";0;0;;;;Operasional;Aktif
836;Pustu;1001375608;1001375608;"PUSTU TESBATAN II OEKABITI";"Puskesmas Pembantu";;53;"Nusa Tenggara Timur";5301;"Kab. Kupang";530109;Amarasi;0;0;;;;Operasional;Aktif
837;Pustu;1001375610;1001375610;"PUSTU TESBATAN OEKABITI";"Puskesmas Pembantu";;53;"Nusa Tenggara Timur";5301;"Kab. Kupang";530109;Amarasi;0;0;;;;Operasional;Aktif
838;Pustu;1001401316;1001401316;"PUSTU TIMAU SOLIU";"Puskesmas Pembantu";;53;"Nusa Tenggara Timur";5301;"Kab. Kupang";530122;"Amfoang Barat Laut";0;0;;;;Operasional;Aktif
839;Pustu;1001379068;1001379068;"PUSTU TOLNAKU CAMPLONG";"Puskesmas Pembantu";;53;"Nusa Tenggara Timur";5301;"Kab. Kupang";530110;Fatuleu;0;0;;;;Operasional;Aktif
840;Pustu;1001379941;1001379941;"PUSTU TOOBAUN BAUN";"Puskesmas Pembantu";;53;"Nusa Tenggara Timur";5301;"Kab. Kupang";530117;"Amarasi Barat";0;0;;;;Operasional;Aktif
841;Pustu;1001381140;1001381140;"PUSTU TUAKAU POTO";"Puskesmas Pembantu";;53;"Nusa Tenggara Timur";5301;"Kab. Kupang";530127;"Fatuleu Barat";0;0;;;;Operasional;Aktif
842;Pustu;1001381267;1001381267;"PUSTU TUAPANAF TAKARI";"Puskesmas Pembantu";;53;"Nusa Tenggara Timur";5301;"Kab. Kupang";530111;Takari;0;0;;;;Operasional;Aktif
843;Pustu;1001381449;1001381449;"PUSTU TUAPUKAN OESAO";"Puskesmas Pembantu";;53;"Nusa Tenggara Timur";5301;"Kab. Kupang";530106;"Kupang Timur";0;0;;;;Operasional;Aktif
844;Pustu;1001401926;1001401926;"PUSTU TUNBAUN BAUN";"Puskesmas Pembantu";;53;"Nusa Tenggara Timur";5301;"Kab. Kupang";530117;"Amarasi Barat";0;0;;;;Operasional;Aktif
845;Pustu;1001383825;1001383825;"PUSTU TUNFEU OEMASI";"Puskesmas Pembantu";;53;"Nusa Tenggara Timur";5301;"Kab. Kupang";530116;Nekamese;0;0;;;;Operasional;Aktif
846;Pustu;1001402114;1001402114;"PUSTU UIASA UITAO";"Puskesmas Pembantu";;53;"Nusa Tenggara Timur";5301;"Kab. Kupang";530104;Semau;0;0;;;;Operasional;Aktif
847;Pustu;1001402126;1001402126;"PUSTU UITIUH ANA AKLE";"Puskesmas Pembantu";;53;"Nusa Tenggara Timur";5301;"Kab. Kupang";530123;"Semau Selatan";0;0;;;;Operasional;Aktif
848;Pustu;1001384831;1001384831;"PUSTU UITIUH TUAN AKLE";"Puskesmas Pembantu";;53;"Nusa Tenggara Timur";5301;"Kab. Kupang";530123;"Semau Selatan";0;0;;;;Operasional;Aktif
849;Pustu;1001386994;1001386994;"PUSTU USAPI SONBAI OEMASI";"Puskesmas Pembantu";;53;"Nusa Tenggara Timur";5301;"Kab. Kupang";530116;Nekamese;0;0;;;;Operasional;Aktif
850;Pustu;1001404899;1001404899;"PUSTU 2 CENDANA KOTA SOE";"Puskesmas Pembantu";;53;"Nusa Tenggara Timur";5302;"Kab. Timor Tengah Selatan";530201;"Kota Soe";0;0;;;;Operasional;Aktif
851;Pustu;1001409758;1001409758;"PUSTU ABI OENINO";"Puskesmas Pembantu";;53;"Nusa Tenggara Timur";5302;"Kab. Timor Tengah Selatan";530218;Oenino;0;0;;;;Operasional;Aktif
852;Pustu;1001252155;1001252155;"PUSTU BABUIN SEI";"Puskesmas Pembantu";;53;"Nusa Tenggara Timur";5302;"Kab. Timor Tengah Selatan";530219;Kolbano;0;0;;;;Operasional;Aktif
853;Pustu;1001539369;1001539369;"PUSTU BALU";"Puskesmas Pembantu";;53;"Nusa Tenggara Timur";5302;"Kab. Timor Tengah Selatan";530213;Polen;0;0;;;;Operasional;Aktif
854;Pustu;1001428132;1001428132;"PUSTU BELLE KIE";"Puskesmas Pembantu";;53;"Nusa Tenggara Timur";5302;"Kab. Timor Tengah Selatan";530210;'KI''E';0;0;;;;Operasional;Aktif
855;Pustu;1001539266;1001539266;"PUSTU BENA";"Puskesmas Pembantu";;53;"Nusa Tenggara Timur";5302;"Kab. Timor Tengah Selatan";530206;"Amanuban Selatan";0;0;;;;Operasional;Aktif
856;Pustu;1001539527;1001539527;"PUSTU BENEHE";"Puskesmas Pembantu";;53;"Nusa Tenggara Timur";5302;"Kab. Timor Tengah Selatan";530223;"Kok Baun";0;0;;;;Operasional;Aktif
857;Pustu;1001429916;1001429916;"PUSTU BESANA SALBAIT";"Puskesmas Pembantu";;53;"Nusa Tenggara Timur";5302;"Kab. Timor Tengah Selatan";530222;"Mollo Barat";0;0;;;;Operasional;Aktif
858;Pustu;1001539606;1001539606;"PUSTU BESNAM";"Puskesmas Pembantu";;53;"Nusa Tenggara Timur";5302;"Kab. Timor Tengah Selatan";530229;Fatukopa;0;0;;;;Operasional;Aktif
859;Pustu;1001430745;1001430745;"PUSTU BIJAEPUNU KAPAN";"Puskesmas Pembantu";;53;"Nusa Tenggara Timur";5302;"Kab. Timor Tengah Selatan";530203;"Mollo Utara";0;0;;;;Operasional;Aktif
860;Pustu;1001430898;1001430898;"PUSTU BILLA OEEKAM";"Puskesmas Pembantu";;53;"Nusa Tenggara Timur";5302;"Kab. Timor Tengah Selatan";530204;"Amanuban Timur";0;0;;;;Operasional;Aktif
861;Pustu;1001266912;1001266912;"PUSTU BINAUS BINAUS";"Puskesmas Pembantu";;53;"Nusa Tenggara Timur";5302;"Kab. Timor Tengah Selatan";530230;"Mollo Tengah";0;0;;;;Operasional;Aktif
862;Pustu;1001433474;1001433474;"PUSTU BOKONG HAUHASI";"Puskesmas Pembantu";;53;"Nusa Tenggara Timur";5302;"Kab. Timor Tengah Selatan";530216;Toianas;0;0;;;;Operasional;Aktif
863;Pustu;1001434337;1001434337;"PUSTU BONLEU TOBU";"Puskesmas Pembantu";;53;"Nusa Tenggara Timur";5302;"Kab. Timor Tengah Selatan";530231;Tobu;0;0;;;;Operasional;Aktif
864;Pustu;1001435226;1001435226;"PUSTU BOTI KIE";"Puskesmas Pembantu";;53;"Nusa Tenggara Timur";5302;"Kab. Timor Tengah Selatan";530210;'KI''E';0;0;;;;Operasional;Aktif
865;Pustu;1001539618;1001539618;"PUSTU ELLO";"Puskesmas Pembantu";;53;"Nusa Tenggara Timur";5302;"Kab. Timor Tengah Selatan";530229;Fatukopa;0;0;;;;Operasional;Aktif
866;Pustu;1001537921;1001537921;"PUSTU EON BESI";"Puskesmas Pembantu";;53;"Nusa Tenggara Timur";5302;"Kab. Timor Tengah Selatan";530203;"Mollo Utara";0;0;;;;Operasional;Aktif
867;Pustu;1001539450;1001539450;"PUSTU FAT";"Puskesmas Pembantu";;53;"Nusa Tenggara Timur";5302;"Kab. Timor Tengah Selatan";530217;Nunkolo;0;0;;;;Operasional;Aktif
868;Pustu;1001539400;1001539400;"PUSTU FATU MANUFUI";"Puskesmas Pembantu";;53;"Nusa Tenggara Timur";5302;"Kab. Timor Tengah Selatan";530215;Boking;0;0;;;;Operasional;Aktif
869;Pustu;1001539278;1001539278;"PUSTU FATU ONI";"Puskesmas Pembantu";;53;"Nusa Tenggara Timur";5302;"Kab. Timor Tengah Selatan";530209;"Amanatun Utara";0;0;;;;Operasional;Aktif
870;Pustu;1001453759;1001453759;"PUSTU FATUAT HOIBETI";"Puskesmas Pembantu";;53;"Nusa Tenggara Timur";5302;"Kab. Timor Tengah Selatan";530220;"Kot olin";0;0;;;;Operasional;Aktif
871;Pustu;1001453761;1001453761;"PUSTU FATUKOKO SALBAIT";"Puskesmas Pembantu";;53;"Nusa Tenggara Timur";5302;"Kab. Timor Tengah Selatan";530222;"Mollo Barat";0;0;;;;Operasional;Aktif
872;Pustu;1001537933;1001537933;"PUSTU FATUKOTO";"Puskesmas Pembantu";;53;"Nusa Tenggara Timur";5302;"Kab. Timor Tengah Selatan";530203;"Mollo Utara";0;0;;;;Operasional;Aktif
873;Pustu;1001539319;1001539319;"PUSTU FATUKUSI";"Puskesmas Pembantu";;53;"Nusa Tenggara Timur";5302;"Kab. Timor Tengah Selatan";530210;'KI''E';0;0;;;;Operasional;Aktif
874;Pustu;1001539577;1001539577;"PUSTU FATUMNASI";"Puskesmas Pembantu";;53;"Nusa Tenggara Timur";5302;"Kab. Timor Tengah Selatan";530224;Noebana;0;0;;;;Operasional;Aktif
875;Pustu;1001453840;1001453840;"PUSTU FATUULAN KIE";"Puskesmas Pembantu";;53;"Nusa Tenggara Timur";5302;"Kab. Timor Tengah Selatan";530210;'KI''E';0;0;;;;Operasional;Aktif
876;Pustu;1001539670;1001539670;"PUSTU FETO MONE";"Puskesmas Pembantu";;53;"Nusa Tenggara Timur";5302;"Kab. Timor Tengah Selatan";530232;Nunbena;0;0;;;;Operasional;Aktif
877;Pustu;1001453967;1001453967;"PUSTU FOTILO AYOTUPAS";"Puskesmas Pembantu";;53;"Nusa Tenggara Timur";5302;"Kab. Timor Tengah Selatan";530209;"Amanatun Utara";0;0;;;;Operasional;Aktif
878;Pustu;1001537945;1001537945;"PUSTU HALMEI";"Puskesmas Pembantu";;53;"Nusa Tenggara Timur";5302;"Kab. Timor Tengah Selatan";530203;"Mollo Utara";0;0;;;;Operasional;Aktif
879;Pustu;1001461811;1001461811;"PUSTU HANE BATU PUTIH";"Puskesmas Pembantu";;53;"Nusa Tenggara Timur";5302;"Kab. Timor Tengah Selatan";530214;"Batu Putih";0;0;;;;Operasional;Aktif
880;Pustu;1001539462;1001539462;"PUSTU HAUMENI";"Puskesmas Pembantu";;53;"Nusa Tenggara Timur";5302;"Kab. Timor Tengah Selatan";530217;Nunkolo;0;0;;;;Operasional;Aktif
881;Pustu;1001539656;1001539656;"PUSTU HUETALAN";"Puskesmas Pembantu";;53;"Nusa Tenggara Timur";5302;"Kab. Timor Tengah Selatan";530231;Tobu;0;0;;;;Operasional;Aktif
882;Pustu;1001537957;1001537957;"PUSTU IUSMOLO";"Puskesmas Pembantu";;53;"Nusa Tenggara Timur";5302;"Kab. Timor Tengah Selatan";530203;"Mollo Utara";0;0;;;;Operasional;Aktif
883;Pustu;1001470604;1001470604;"PUSTU KAENENO NUNUKNITI";"Puskesmas Pembantu";;53;"Nusa Tenggara Timur";5302;"Kab. Timor Tengah Selatan";530228;Fautmolo;0;0;;;;Operasional;Aktif
884;Pustu;1001537907;1001537907;"PUSTU KAMPUNG BARU";"Puskesmas Pembantu";;53;"Nusa Tenggara Timur";5302;"Kab. Timor Tengah Selatan";530201;"Kota Soe";0;0;;;;Operasional;Aktif
885;Pustu;1001539620;1001539620;"PUSTU KIKI";"Puskesmas Pembantu";;53;"Nusa Tenggara Timur";5302;"Kab. Timor Tengah Selatan";530229;Fatukopa;0;0;;;;Operasional;Aktif
886;Pustu;1001238446;1001238446;"PUSTU KOA SALBAIT";"Puskesmas Pembantu";;53;"Nusa Tenggara Timur";5302;"Kab. Timor Tengah Selatan";530222;"Mollo Barat";0;0;;;;Operasional;Aktif
887;Pustu;1001537892;1001537892;"PUSTU KOBEKAMUSA";"Puskesmas Pembantu";;53;"Nusa Tenggara Timur";5302;"Kab. Timor Tengah Selatan";530201;"Kota Soe";0;0;;;;Operasional;Aktif
888;Pustu;1001539151;1001539151;"PUSTU KOKFEU";"Puskesmas Pembantu";;53;"Nusa Tenggara Timur";5302;"Kab. Timor Tengah Selatan";530203;"Mollo Utara";0;0;;;;Operasional;Aktif
889;Pustu;1001239359;1001239359;"PUSTU KOLBANO KOLBANO";"Puskesmas Pembantu";;53;"Nusa Tenggara Timur";5302;"Kab. Timor Tengah Selatan";530219;Kolbano;0;0;;;;Operasional;Aktif
890;Pustu;1001539539;1001539539;"PUSTU KOLOTO";"Puskesmas Pembantu";;53;"Nusa Tenggara Timur";5302;"Kab. Timor Tengah Selatan";530223;"Kok Baun";0;0;;;;Operasional;Aktif
891;Pustu;1001241675;1001241675;"PUSTU KOTOLIN HOIBETI";"Puskesmas Pembantu";;53;"Nusa Tenggara Timur";5302;"Kab. Timor Tengah Selatan";530220;"Kot olin";0;0;;;;Operasional;Aktif
892;Pustu;1001243075;1001243075;"PUSTU KUALEU BINAUS";"Puskesmas Pembantu";;53;"Nusa Tenggara Timur";5302;"Kab. Timor Tengah Selatan";530230;"Mollo Tengah";0;0;;;;Operasional;Aktif
893;Pustu;1001539357;1001539357;"PUSTU KUANOEL";"Puskesmas Pembantu";;53;"Nusa Tenggara Timur";5302;"Kab. Timor Tengah Selatan";530212;Fatumnasi;0;0;;;;Operasional;Aktif
894;Pustu;1001539333;1001539333;"PUSTU KUSI UTARA";"Puskesmas Pembantu";;53;"Nusa Tenggara Timur";5302;"Kab. Timor Tengah Selatan";530211;Kuanfatu;0;0;;;;Operasional;Aktif
895;Pustu;1001250080;1001250080;"PUSTU LAOB POLEN";"Puskesmas Pembantu";;53;"Nusa Tenggara Timur";5302;"Kab. Timor Tengah Selatan";530213;Polen;0;0;;;;Operasional;Aktif
896;Pustu;1001250468;1001250468;"PUSTU LASI KUANFATU";"Puskesmas Pembantu";;53;"Nusa Tenggara Timur";5302;"Kab. Timor Tengah Selatan";530211;Kuanfatu;0;0;;;;Operasional;Aktif
897;Pustu;1001252545;1001252545;"PUSTU LELOBATAN KAPAN";"Puskesmas Pembantu";;53;"Nusa Tenggara Timur";5302;"Kab. Timor Tengah Selatan";530203;"Mollo Utara";0;0;;;;Operasional;Aktif
898;Pustu;1001539163;1001539163;"PUSTU LELOBOKO";"Puskesmas Pembantu";;53;"Nusa Tenggara Timur";5302;"Kab. Timor Tengah Selatan";530203;"Mollo Utara";0;0;;;;Operasional;Aktif
899;Pustu;1001539412;1001539412;"PUSTU LEONMENI";"Puskesmas Pembantu";;53;"Nusa Tenggara Timur";5302;"Kab. Timor Tengah Selatan";530215;Boking;0;0;;;;Operasional;Aktif
900;Pustu;1001539280;1001539280;"PUSTU LILO";"Puskesmas Pembantu";;53;"Nusa Tenggara Timur";5302;"Kab. Timor Tengah Selatan";530209;"Amanatun Utara";0;0;;;;Operasional;Aktif
901;Pustu;1001539371;1001539371;"PUSTU LOLI";"Puskesmas Pembantu";;53;"Nusa Tenggara Timur";5302;"Kab. Timor Tengah Selatan";530213;Polen;0;0;;;;Operasional;Aktif
902;Pustu;1001539228;1001539228;"PUSTU MAULEUM";"Puskesmas Pembantu";;53;"Nusa Tenggara Timur";5302;"Kab. Timor Tengah Selatan";530204;"Amanuban Timur";0;0;;;;Operasional;Aktif
903;Pustu;1001273757;1001273757;"PUSTU MIO PANITE";"Puskesmas Pembantu";;53;"Nusa Tenggara Timur";5302;"Kab. Timor Tengah Selatan";530206;"Amanuban Selatan";0;0;;;;Operasional;Aktif
904;Pustu;1001539383;1001539383;"PUSTU MNESATBUBUK";"Puskesmas Pembantu";;53;"Nusa Tenggara Timur";5302;"Kab. Timor Tengah Selatan";530213;Polen;0;0;;;;Operasional;Aktif
905;Pustu;1001539292;1001539292;"PUSTU MUNA";"Puskesmas Pembantu";;53;"Nusa Tenggara Timur";5302;"Kab. Timor Tengah Selatan";530209;"Amanatun Utara";0;0;;;;Operasional;Aktif
906;Pustu;1001539589;1001539589;"PUSTU NAIFATU";"Puskesmas Pembantu";;53;"Nusa Tenggara Timur";5302;"Kab. Timor Tengah Selatan";530225;Santian;0;0;;;;Operasional;Aktif
907;Pustu;1001282370;1001282370;"PUSTU NENAS FATUMNASI";"Puskesmas Pembantu";;53;"Nusa Tenggara Timur";5302;"Kab. Timor Tengah Selatan";530212;Fatumnasi;0;0;;;;Operasional;Aktif
908;Pustu;1001282409;1001282409;"PUSTU NENOTES MANUFUI";"Puskesmas Pembantu";;53;"Nusa Tenggara Timur";5302;"Kab. Timor Tengah Selatan";530225;Santian;0;0;;;;Operasional;Aktif
909;Pustu;1001539175;1001539175;"PUSTU NETPALA";"Puskesmas Pembantu";;53;"Nusa Tenggara Timur";5302;"Kab. Timor Tengah Selatan";530203;"Mollo Utara";0;0;;;;Operasional;Aktif
910;Pustu;1001539230;1001539230;"PUSTU NIFUKIU";"Puskesmas Pembantu";;53;"Nusa Tenggara Timur";5302;"Kab. Timor Tengah Selatan";530204;"Amanuban Timur";0;0;;;;Operasional;Aktif
911;Pustu;1001539632;1001539632;"PUSTU NIFULINAH";"Puskesmas Pembantu";;53;"Nusa Tenggara Timur";5302;"Kab. Timor Tengah Selatan";530229;Fatukopa;0;0;;;;Operasional;Aktif
912;Pustu;1001539541;1001539541;"PUSTU NITI";"Puskesmas Pembantu";;53;"Nusa Tenggara Timur";5302;"Kab. Timor Tengah Selatan";530223;"Kok Baun";0;0;;;;Operasional;Aktif
913;Pustu;1001284770;1001284770;"PUSTU NOEBANA NOEBANA";"Puskesmas Pembantu";;53;"Nusa Tenggara Timur";5302;"Kab. Timor Tengah Selatan";530224;Noebana;0;0;;;;Operasional;Aktif
914;Pustu;1001284794;1001284794;"PUSTU NOEBESI LILANA";"Puskesmas Pembantu";;53;"Nusa Tenggara Timur";5302;"Kab. Timor Tengah Selatan";530232;Nunbena;0;0;;;;Operasional;Aktif
915;Pustu;1001537830;1001537830;"PUSTU NOEMETO";"Puskesmas Pembantu";;53;"Nusa Tenggara Timur";5302;"Kab. Timor Tengah Selatan";530201;"Kota Soe";0;0;;;;Operasional;Aktif
916;Pustu;1001539682;1001539682;"PUSTU NUNBENA";"Puskesmas Pembantu";;53;"Nusa Tenggara Timur";5302;"Kab. Timor Tengah Selatan";530232;Nunbena;0;0;;;;Operasional;Aktif
917;Pustu;1001285358;1001285358;"PUSTU NUNLEU OINLASI";"Puskesmas Pembantu";;53;"Nusa Tenggara Timur";5302;"Kab. Timor Tengah Selatan";530208;"Amanatun Selatan";0;0;;;;Operasional;Aktif
918;Pustu;1001537878;1001537878;"PUSTU NUNUMEU";"Puskesmas Pembantu";;53;"Nusa Tenggara Timur";5302;"Kab. Timor Tengah Selatan";530201;"Kota Soe";0;0;;;;Operasional;Aktif
919;Pustu;1001285463;1001285463;"PUSTU NUNUSUNU KUALIN";"Puskesmas Pembantu";;53;"Nusa Tenggara Timur";5302;"Kab. Timor Tengah Selatan";530221;Kualin;0;0;;;;Operasional;Aktif
920;Pustu;1001539553;1001539553;"PUSTU OBAKI";"Puskesmas Pembantu";;53;"Nusa Tenggara Timur";5302;"Kab. Timor Tengah Selatan";530223;"Kok Baun";0;0;;;;Operasional;Aktif
921;Pustu;1001286106;1001286106;"PUSTU OEBAKI NOEBEBA";"Puskesmas Pembantu";;53;"Nusa Tenggara Timur";5302;"Kab. Timor Tengah Selatan";530226;Noebeba;0;0;;;;Operasional;Aktif
922;Pustu;1001537854;1001537854;"PUSTU OEBESA";"Puskesmas Pembantu";;53;"Nusa Tenggara Timur";5302;"Kab. Timor Tengah Selatan";530201;"Kota Soe";0;0;;;;Operasional;Aktif
923;Pustu;1001286194;1001286194;"PUSTU OEEKAM NOEBEBA";"Puskesmas Pembantu";;53;"Nusa Tenggara Timur";5302;"Kab. Timor Tengah Selatan";530226;Noebeba;0;0;;;;Operasional;Aktif
924;Pustu;1001539345;1001539345;"PUSTU OEHAN";"Puskesmas Pembantu";;53;"Nusa Tenggara Timur";5302;"Kab. Timor Tengah Selatan";530211;Kuanfatu;0;0;;;;Operasional;Aktif
925;Pustu;1001286297;1001286297;"PUSTU OELEON NUNUKNITI";"Puskesmas Pembantu";;53;"Nusa Tenggara Timur";5302;"Kab. Timor Tengah Selatan";530228;Fautmolo;0;0;;;;Operasional;Aktif
926;Pustu;1001539436;1001539436;"PUSTU OELEU";"Puskesmas Pembantu";;53;"Nusa Tenggara Timur";5302;"Kab. Timor Tengah Selatan";530216;Toianas;0;0;;;;Operasional;Aktif
927;Pustu;1001286314;1001286314;"PUSTU OELEU SEI";"Puskesmas Pembantu";;53;"Nusa Tenggara Timur";5302;"Kab. Timor Tengah Selatan";530219;Kolbano;0;0;;;;Operasional;Aktif
928;Pustu;1001539503;1001539503;"PUSTU OEMAMAN";"Puskesmas Pembantu";;53;"Nusa Tenggara Timur";5302;"Kab. Timor Tengah Selatan";530221;Kualin;0;0;;;;Operasional;Aktif
929;Pustu;1001286443;1001286443;"PUSTU OENAI KIE";"Puskesmas Pembantu";;53;"Nusa Tenggara Timur";5302;"Kab. Timor Tengah Selatan";530210;'KI''E';0;0;;;;Operasional;Aktif
930;Pustu;1001539474;1001539474;"PUSTU OETUKE";"Puskesmas Pembantu";;53;"Nusa Tenggara Timur";5302;"Kab. Timor Tengah Selatan";530219;Kolbano;0;0;;;;Operasional;Aktif
931;Pustu;1001286649;1001286649;"PUSTU OFU SEI";"Puskesmas Pembantu";;53;"Nusa Tenggara Timur";5302;"Kab. Timor Tengah Selatan";530219;Kolbano;0;0;;;;Operasional;Aktif
932;Pustu;1001539321;1001539321;"PUSTU OINLASI";"Puskesmas Pembantu";;53;"Nusa Tenggara Timur";5302;"Kab. Timor Tengah Selatan";530210;'KI''E';0;0;;;;Operasional;Aktif
933;Pustu;1001287837;1001287837;"PUSTU OOF TETAF";"Puskesmas Pembantu";;53;"Nusa Tenggara Timur";5302;"Kab. Timor Tengah Selatan";530227;Kuatnana;0;0;;;;Operasional;Aktif
934;Pustu;1001287849;1001287849;"PUSTU OP NUNKOLO";"Puskesmas Pembantu";;53;"Nusa Tenggara Timur";5302;"Kab. Timor Tengah Selatan";530217;Nunkolo;0;0;;;;Operasional;Aktif
935;Pustu;1001292870;1001292870;"PUSTU PANA SEI";"Puskesmas Pembantu";;53;"Nusa Tenggara Timur";5302;"Kab. Timor Tengah Selatan";530219;Kolbano;0;0;;;;Operasional;Aktif
936;Pustu;1001539486;1001539486;"PUSTU PENE SELATAN";"Puskesmas Pembantu";;53;"Nusa Tenggara Timur";5302;"Kab. Timor Tengah Selatan";530219;Kolbano;0;0;;;;Operasional;Aktif
937;Pustu;1001539242;1001539242;"PUSTU PISAN";"Puskesmas Pembantu";;53;"Nusa Tenggara Timur";5302;"Kab. Timor Tengah Selatan";530204;"Amanuban Timur";0;0;;;;Operasional;Aktif
938;Pustu;1001315440;1001315440;"PUSTU PUSU NULLE";"Puskesmas Pembantu";;53;"Nusa Tenggara Timur";5302;"Kab. Timor Tengah Selatan";530207;"Amanuban Barat";0;0;;;;Operasional;Aktif
939;Pustu;1001315701;1001315701;"PUSTU PUTUN NUNKOLO";"Puskesmas Pembantu";;53;"Nusa Tenggara Timur";5302;"Kab. Timor Tengah Selatan";530217;Nunkolo;0;0;;;;Operasional;Aktif
940;Pustu;1001539565;1001539565;"PUSTU SABNALA";"Puskesmas Pembantu";;53;"Nusa Tenggara Timur";5302;"Kab. Timor Tengah Selatan";530223;"Kok Baun";0;0;;;;Operasional;Aktif
941;Pustu;1001539424;1001539424;"PUSTU SABUN";"Puskesmas Pembantu";;53;"Nusa Tenggara Timur";5302;"Kab. Timor Tengah Selatan";530215;Boking;0;0;;;;Operasional;Aktif
942;Pustu;1001539395;1001539395;"PUSTU SAINONI";"Puskesmas Pembantu";;53;"Nusa Tenggara Timur";5302;"Kab. Timor Tengah Selatan";530213;Polen;0;0;;;;Operasional;Aktif
943;Pustu;1001323588;1001323588;"PUSTU SALBAIT SALBAIT";"Puskesmas Pembantu";;53;"Nusa Tenggara Timur";5302;"Kab. Timor Tengah Selatan";530222;"Mollo Barat";0;0;;;;Operasional;Aktif
944;Pustu;1001539448;1001539448;"PUSTU SANBET";"Puskesmas Pembantu";;53;"Nusa Tenggara Timur";5302;"Kab. Timor Tengah Selatan";530216;Toianas;0;0;;;;Operasional;Aktif
945;Pustu;1001326231;1001326231;"PUSTU SANTIAN MANUFUI";"Puskesmas Pembantu";;53;"Nusa Tenggara Timur";5302;"Kab. Timor Tengah Selatan";530225;Santian;0;0;;;;Operasional;Aktif
946;Pustu;1001539668;1001539668;"PUSTU SAUBALAN";"Puskesmas Pembantu";;53;"Nusa Tenggara Timur";5302;"Kab. Timor Tengah Selatan";530231;Tobu;0;0;;;;Operasional;Aktif
947;Pustu;1001539187;1001539187;"PUSTU SEBOT";"Puskesmas Pembantu";;53;"Nusa Tenggara Timur";5302;"Kab. Timor Tengah Selatan";530203;"Mollo Utara";0;0;;;;Operasional;Aktif
948;Pustu;1001339903;1001339903;"PUSTU SILLU NUNUKNITI";"Puskesmas Pembantu";;53;"Nusa Tenggara Timur";5302;"Kab. Timor Tengah Selatan";530228;Fautmolo;0;0;;;;Operasional;Aktif
949;Pustu;1001344001;1001344001;"PUSTU SKINU HAUHASI";"Puskesmas Pembantu";;53;"Nusa Tenggara Timur";5302;"Kab. Timor Tengah Selatan";530216;Toianas;0;0;;;;Operasional;Aktif
950;Pustu;1001537842;1001537842;"PUSTU SOE";"Puskesmas Pembantu";;53;"Nusa Tenggara Timur";5302;"Kab. Timor Tengah Selatan";530201;"Kota Soe";0;0;;;;Operasional;Aktif
951;Pustu;1001539307;1001539307;"PUSTU SONO";"Puskesmas Pembantu";;53;"Nusa Tenggara Timur";5302;"Kab. Timor Tengah Selatan";530209;"Amanatun Utara";0;0;;;;Operasional;Aktif
952;Pustu;1001539498;1001539498;"PUSTU SPAHA";"Puskesmas Pembantu";;53;"Nusa Tenggara Timur";5302;"Kab. Timor Tengah Selatan";530219;Kolbano;0;0;;;;Operasional;Aktif
953;Pustu;1001358181;1001358181;"PUSTU SUNU OINLASI";"Puskesmas Pembantu";;53;"Nusa Tenggara Timur";5302;"Kab. Timor Tengah Selatan";530208;"Amanatun Selatan";0;0;;;;Operasional;Aktif
954;Pustu;1001539644;1001539644;"PUSTU TAEBONE";"Puskesmas Pembantu";;53;"Nusa Tenggara Timur";5302;"Kab. Timor Tengah Selatan";530229;Fatukopa;0;0;;;;Operasional;Aktif
955;Pustu;1001539199;1001539199;"PUSTU TAIFTOB";"Puskesmas Pembantu";;53;"Nusa Tenggara Timur";5302;"Kab. Timor Tengah Selatan";530203;"Mollo Utara";0;0;;;;Operasional;Aktif
956;Pustu;1001537866;1001537866;"PUSTU TAUBNENO";"Puskesmas Pembantu";;53;"Nusa Tenggara Timur";5302;"Kab. Timor Tengah Selatan";530201;"Kota Soe";0;0;;;;Operasional;Aktif
957;Pustu;1001373076;1001373076;"PUSTU TELUK OEEKAM";"Puskesmas Pembantu";;53;"Nusa Tenggara Timur";5302;"Kab. Timor Tengah Selatan";530204;"Amanuban Timur";0;0;;;;Operasional;Aktif
958;Pustu;1001375830;1001375830;"PUSTU TETAF TETAF";"Puskesmas Pembantu";;53;"Nusa Tenggara Timur";5302;"Kab. Timor Tengah Selatan";530227;Kuatnana;0;0;;;;Operasional;Aktif
959;Pustu;1001539254;1001539254;"PUSTU TLIU";"Puskesmas Pembantu";;53;"Nusa Tenggara Timur";5302;"Kab. Timor Tengah Selatan";530204;"Amanuban Timur";0;0;;;;Operasional;Aktif
960;Pustu;1001378595;1001378595;"PUSTU TOBU TOBU";"Puskesmas Pembantu";;53;"Nusa Tenggara Timur";5302;"Kab. Timor Tengah Selatan";530231;Tobu;0;0;;;;Operasional;Aktif
961;Pustu;1001539204;1001539204;"PUSTU TOFEN";"Puskesmas Pembantu";;53;"Nusa Tenggara Timur";5302;"Kab. Timor Tengah Selatan";530203;"Mollo Utara";0;0;;;;Operasional;Aktif
962;Pustu;1001539216;1001539216;"PUSTU TOMANAT";"Puskesmas Pembantu";;53;"Nusa Tenggara Timur";5302;"Kab. Timor Tengah Selatan";530203;"Mollo Utara";0;0;;;;Operasional;Aktif
963;Pustu;1001539515;1001539515;"PUSTU TUAFANU";"Puskesmas Pembantu";;53;"Nusa Tenggara Timur";5302;"Kab. Timor Tengah Selatan";530221;Kualin;0;0;;;;Operasional;Aktif
964;Pustu;1001381255;1001381255;"PUSTU TUAPAKAS KUALIN";"Puskesmas Pembantu";;53;"Nusa Tenggara Timur";5302;"Kab. Timor Tengah Selatan";530221;Kualin;0;0;;;;Operasional;Aktif
965;Pustu;1001381451;1001381451;"PUSTU TUASENE SISO";"Puskesmas Pembantu";;53;"Nusa Tenggara Timur";5302;"Kab. Timor Tengah Selatan";530202;"Mollo Selatan";0;0;;;;Operasional;Aktif
966;Pustu;1001381499;1001381499;"PUSTU TUBMONAS TETAF";"Puskesmas Pembantu";;53;"Nusa Tenggara Timur";5302;"Kab. Timor Tengah Selatan";530227;Kuatnana;0;0;;;;Operasional;Aktif
967;Pustu;1001383758;1001383758;"PUSTU TUMU AYOTUPAS";"Puskesmas Pembantu";;53;"Nusa Tenggara Timur";5302;"Kab. Timor Tengah Selatan";530209;"Amanatun Utara";0;0;;;;Operasional;Aktif
968;Pustu;1001539694;1001539694;"PUSTU TUNBES";"Puskesmas Pembantu";;53;"Nusa Tenggara Timur";5302;"Kab. Timor Tengah Selatan";530232;Nunbena;0;0;;;;Operasional;Aktif
969;Pustu;1001539591;1001539591;"PUSTU TUNIS";"Puskesmas Pembantu";;53;"Nusa Tenggara Timur";5302;"Kab. Timor Tengah Selatan";530228;Fautmolo;0;0;;;;Operasional;Aktif
970;Pustu;1001420491;1001420491;"PUSTU BANFANU NOEMUTI";"Puskesmas Pembantu";;53;"Nusa Tenggara Timur";5303;"Kab. Timor Tengah Utara";530304;Noemuti;0;0;;;;Operasional;Aktif
971;Pustu;1001567794;1001567794;"PUSTU BAUNUAN";"Puskesmas Pembantu";;53;"Nusa Tenggara Timur";5303;"Kab. Timor Tengah Utara";530319;"Insana Fafinesu";0;0;;;;Operasional;Aktif
972;Pustu;1001430733;1001430733;"PUSTU BIJAEPASU BIJAEPASU";"Puskesmas Pembantu";;53;"Nusa Tenggara Timur";5303;"Kab. Timor Tengah Utara";530311;"Miomaffo Tengah";0;0;;;;Operasional;Aktif
973;Pustu;1001435161;1001435161;"PUSTU BORONUBAEN TIMUR LURASIK";"Puskesmas Pembantu";;53;"Nusa Tenggara Timur";5303;"Kab. Timor Tengah Utara";530306;"Biboki Utara";0;0;;;;Operasional;Aktif
974;Pustu;1001435290;1001435290;"PUSTU BOTOF Oelolok";"Puskesmas Pembantu";;53;"Nusa Tenggara Timur";5303;"Kab. Timor Tengah Utara";530308;Insana;0;0;;;;Operasional;Aktif
975;Pustu;1001453814;1001453814;"PUSTU FATUNENO EBAN";"Puskesmas Pembantu";;53;"Nusa Tenggara Timur";5303;"Kab. Timor Tengah Utara";530302;"Miomafo Barat";0;0;;;;Operasional;Aktif
976;Pustu;1001299000;1001299000;"PUSTU HAULASI EBAN";"Puskesmas Pembantu";;53;"Nusa Tenggara Timur";5303;"Kab. Timor Tengah Utara";530302;"Miomafo Barat";0;0;;;;Operasional;Aktif
977;Pustu;1001299012;1001299012;"PUSTU HAUMENI NAPAN";"Puskesmas Pembantu";;53;"Nusa Tenggara Timur";5303;"Kab. Timor Tengah Utara";530317;"Bikomi Utara";0;0;;;;Operasional;Aktif
978;Pustu;1001463883;1001463883;"PUSTU HUMUSU SAINIUP Wini";"Puskesmas Pembantu";;53;"Nusa Tenggara Timur";5303;"Kab. Timor Tengah Utara";530309;"Insana Utara";0;0;;;;Operasional;Aktif
979;Pustu;1001464978;1001464978;"PUSTU INBATE INBATE";"Puskesmas Pembantu";;53;"Nusa Tenggara Timur";5303;"Kab. Timor Tengah Utara";530316;"Bikomi Nilulat";0;0;;;;Operasional;Aktif
980;Pustu;1001465881;1001465881;"PUSTU JAK BITEFA";"Puskesmas Pembantu";;53;"Nusa Tenggara Timur";5303;"Kab. Timor Tengah Utara";530301;"Miomafo Timur";0;0;;;;Operasional;Aktif
981;Pustu;1001485087;1001485087;"PUSTU KEUN Oelolok";"Puskesmas Pembantu";;53;"Nusa Tenggara Timur";5303;"Kab. Timor Tengah Utara";530308;Insana;0;0;;;;Operasional;Aktif
982;Pustu;1001537567;1001537567;"PUSTU KIUSILI";"Puskesmas Pembantu";;53;"Nusa Tenggara Timur";5303;"Kab. Timor Tengah Utara";530314;"Bikomi Selatan";0;0;;;;Operasional;Aktif
983;Pustu;1001240566;1001240566;"PUSTU KOTAFOUN PONU";"Puskesmas Pembantu";;53;"Nusa Tenggara Timur";5303;"Kab. Timor Tengah Utara";530307;"Biboki Anleu";0;0;;;;Operasional;Aktif
984;Pustu;1001242411;1001242411;"PUSTU KUAKEN HAEKTO";"Puskesmas Pembantu";;53;"Nusa Tenggara Timur";5303;"Kab. Timor Tengah Utara";530310;"Noemuti Timur";0;0;;;;Operasional;Aktif
985;Pustu;1001243726;1001243726;"PUSTU KULUAN MANUMEAN";"Puskesmas Pembantu";;53;"Nusa Tenggara Timur";5303;"Kab. Timor Tengah Utara";530324;"Biboki Feotleu";0;0;;;;Operasional;Aktif
986;Pustu;1001253848;1001253848;"PUSTU LETMAFO TIMUR MAUBESI";"Puskesmas Pembantu";;53;"Nusa Tenggara Timur";5303;"Kab. Timor Tengah Utara";530321;"Insana Tengah";0;0;;;;Operasional;Aktif
987;Pustu;1001256345;1001256345;"PUSTU LOERAM Oelolok";"Puskesmas Pembantu";;53;"Nusa Tenggara Timur";5303;"Kab. Timor Tengah Utara";530308;Insana;0;0;;;;Operasional;Aktif
988;Pustu;1001260308;1001260308;"PUSTU LUNIUP KAUBELE";"Puskesmas Pembantu";;53;"Nusa Tenggara Timur";5303;"Kab. Timor Tengah Utara";530323;"Biboki Moenleu";0;0;;;;Operasional;Aktif
989;Pustu;1001347596;1001347596;"PUSTU MANUSASI EBAN";"Puskesmas Pembantu";;53;"Nusa Tenggara Timur";5303;"Kab. Timor Tengah Utara";530302;"Miomafo Barat";0;0;;;;Operasional;Aktif
990;Pustu;1001269134;1001269134;"PUSTU MAURISU TENGAH TUBLOPO";"Puskesmas Pembantu";;53;"Nusa Tenggara Timur";5303;"Kab. Timor Tengah Utara";530314;"Bikomi Selatan";0;0;;;;Operasional;Aktif
991;Pustu;1001279373;1001279373;"PUSTU NAEKAKE A TASINIFU";"Puskesmas Pembantu";;53;"Nusa Tenggara Timur";5303;"Kab. Timor Tengah Utara";530313;Mutis;0;0;;;;Operasional;Aktif
992;Pustu;1001360354;1001360354;"PUSTU NAIOLA TIMUR TUBLOPO";"Puskesmas Pembantu";;53;"Nusa Tenggara Timur";5303;"Kab. Timor Tengah Utara";530314;"Bikomi Selatan";0;0;;;;Operasional;Aktif
993;Pustu;1001281223;1001281223;"PUSTU NANSEAN Oelolok";"Puskesmas Pembantu";;53;"Nusa Tenggara Timur";5303;"Kab. Timor Tengah Utara";530308;Insana;0;0;;;;Operasional;Aktif
994;Pustu;1001281273;1001281273;"PUSTU NAOB HAEKTO";"Puskesmas Pembantu";;53;"Nusa Tenggara Timur";5303;"Kab. Timor Tengah Utara";530310;"Noemuti Timur";0;0;;;;Operasional;Aktif
995;Pustu;1001282411;1001282411;"PUSTU NEOTOKO EBAN";"Puskesmas Pembantu";;53;"Nusa Tenggara Timur";5303;"Kab. Timor Tengah Utara";530302;"Miomafo Barat";0;0;;;;Operasional;Aktif
996;Pustu;1001284603;1001284603;"PUSTU NIMASI NIMASI";"Puskesmas Pembantu";;53;"Nusa Tenggara Timur";5303;"Kab. Timor Tengah Utara";530315;"Bikomi Tengah";0;0;;;;Operasional;Aktif
997;Pustu;1001284782;1001284782;"PUSTU NOEBAUN OEMEU";"Puskesmas Pembantu";;53;"Nusa Tenggara Timur";5303;"Kab. Timor Tengah Utara";530304;Noemuti;0;0;;;;Operasional;Aktif
998;Pustu;1001284811;1001284811;"PUSTU NOELELO TASINIFU";"Puskesmas Pembantu";;53;"Nusa Tenggara Timur";5303;"Kab. Timor Tengah Utara";530313;Mutis;0;0;;;;Operasional;Aktif
999;Pustu;1001284952;1001284952;"PUSTU NONOTBATAN PONU";"Puskesmas Pembantu";;53;"Nusa Tenggara Timur";5303;"Kab. Timor Tengah Utara";530307;"Biboki Anleu";0;0;;;;Operasional;Aktif
1000;Pustu;1001285968;1001285968;"PUSTU OABIKASE MAMSENA";"Puskesmas Pembantu";;53;"Nusa Tenggara Timur";5303;"Kab. Timor Tengah Utara";530320;"Insana Barat";0;0;;;;Operasional;Aktif
1001;Pustu;1001286558;1001286558;"PUSTU OERINBESI OENOPU";"Puskesmas Pembantu";;53;"Nusa Tenggara Timur";5303;"Kab. Timor Tengah Utara";530322;"Biboki Tan Pah";0;0;;;;Operasional;Aktif
1002;Pustu;1001286625;1001286625;"PUSTU OETULU OEOLO";"Puskesmas Pembantu";;53;"Nusa Tenggara Timur";5303;"Kab. Timor Tengah Utara";530312;Musi;0;0;;;;Operasional;Aktif
1003;Pustu;1001311080;1001311080;"PUSTU PONU PONU";"Puskesmas Pembantu";;53;"Nusa Tenggara Timur";5303;"Kab. Timor Tengah Utara";530307;"Biboki Anleu";0;0;;;;Operasional;Aktif
1004;Pustu;1001323186;1001323186;"PUSTU SAINONI NAPAN";"Puskesmas Pembantu";;53;"Nusa Tenggara Timur";5303;"Kab. Timor Tengah Utara";530317;"Bikomi Utara";0;0;;;;Operasional;Aktif
1005;Pustu;1001346516;1001346516;"PUSTU SUBUN TUALELE MAMSENA";"Puskesmas Pembantu";;53;"Nusa Tenggara Timur";5303;"Kab. Timor Tengah Utara";530320;"Insana Barat";0;0;;;;Operasional;Aktif
1006;Pustu;1001358155;1001358155;"PUSTU SUNSEA MANAMAS";"Puskesmas Pembantu";;53;"Nusa Tenggara Timur";5303;"Kab. Timor Tengah Utara";530318;Naibenu;0;0;;;;Operasional;Aktif
1007;Pustu;1001358973;1001358973;"PUSTU SUSULAKU B Oelolok";"Puskesmas Pembantu";;53;"Nusa Tenggara Timur";5303;"Kab. Timor Tengah Utara";530308;Insana;0;0;;;;Operasional;Aktif
1008;Pustu;1001360213;1001360213;"PUSTU TAINSALA KAUBELE";"Puskesmas Pembantu";;53;"Nusa Tenggara Timur";5303;"Kab. Timor Tengah Utara";530321;"Insana Tengah";0;0;;;;Operasional;Aktif
1009;Pustu;1001370531;1001370531;"PUSTU TAUNBAEN LURASIK";"Puskesmas Pembantu";;53;"Nusa Tenggara Timur";5303;"Kab. Timor Tengah Utara";530306;"Biboki Utara";0;0;;;;Operasional;Aktif
1010;Pustu;1001370555;1001370555;"PUSTU TAUTPAH MANUFUI";"Puskesmas Pembantu";;53;"Nusa Tenggara Timur";5303;"Kab. Timor Tengah Utara";530303;"Biboki Selatan";0;0;;;;Operasional;Aktif
1011;Pustu;1001400635;1001400635;"PUSTU TEBA TIMUR OENOPU";"Puskesmas Pembantu";;53;"Nusa Tenggara Timur";5303;"Kab. Timor Tengah Utara";530322;"Biboki Tan Pah";0;0;;;;Operasional;Aktif
1012;Pustu;1001381205;1001381205;"PUSTU TUALENA LURASIK";"Puskesmas Pembantu";;53;"Nusa Tenggara Timur";5303;"Kab. Timor Tengah Utara";530306;"Biboki Utara";0;0;;;;Operasional;Aktif
1013;Pustu;1001409332;1001409332;"PUSTU TUBUHUE SASI";"Puskesmas Pembantu";;53;"Nusa Tenggara Timur";5303;"Kab. Timor Tengah Utara";530305;"Kota Kefamenanu";0;0;;;;Operasional;Aktif
1014;Pustu;1001418424;1001418424;"PUSTU BAKUSTULAMA HALIULIK";"Puskesmas Pembantu";;53;"Nusa Tenggara Timur";5304;"Kab. Belu";530404;"Tasifeto Barat";0;0;;;;Operasional;Aktif
1015;Pustu;1001283300;1001283300;"PUSTU DAFALA WEDOMU";"Puskesmas Pembantu";;53;"Nusa Tenggara Timur";5304;"Kab. Belu";530402;TasifetoTimur;0;0;;;;Operasional;Aktif
1016;Pustu;1001451335;1001451335;"PUSTU DUALAUS ATAPUPU";"Puskesmas Pembantu";;53;"Nusa Tenggara Timur";5304;"Kab. Belu";530405;"Kakuluk Mesak";0;0;;;;Operasional;Aktif
1017;Pustu;1001485142;1001485142;"PUSTU KEWAR WELULI";"Puskesmas Pembantu";;53;"Nusa Tenggara Timur";5304;"Kab. Belu";530401;Lamaknen;0;0;;;;Operasional;Aktif
1018;Pustu;1001247825;1001247825;"PUSTU LAKMARAS NUALAIN";"Puskesmas Pembantu";;53;"Nusa Tenggara Timur";5304;"Kab. Belu";530418;"Lamaknen Selatan";0;0;;;;Operasional;Aktif
1019;Pustu;1001331987;1001331987;"PUSTU LAMAKSENULU DILUMIL";"Puskesmas Pembantu";;53;"Nusa Tenggara Timur";5304;"Kab. Belu";530401;Lamaknen;0;0;;;;Operasional;Aktif
1020;Pustu;1001258032;1001258032;"PUSTU LOOKEU HALIULIK";"Puskesmas Pembantu";;53;"Nusa Tenggara Timur";5304;"Kab. Belu";530404;"Tasifeto Barat";0;0;;;;Operasional;Aktif
1021;Pustu;1001258044;1001258044;"PUSTU LOONUNA NUALAIN";"Puskesmas Pembantu";;53;"Nusa Tenggara Timur";5304;"Kab. Belu";530418;"Lamaknen Selatan";0;0;;;;Operasional;Aktif
1022;Pustu;1001269081;1001269081;"PUSTU MAUDEMU WELULI";"Puskesmas Pembantu";;53;"Nusa Tenggara Timur";5304;"Kab. Belu";530401;Lamaknen;0;0;;;;Operasional;Aktif
1023;Pustu;1001279385;1001279385;"PUSTU NAEKASA HALIULIK";"Puskesmas Pembantu";;53;"Nusa Tenggara Timur";5304;"Kab. Belu";530404;"Tasifeto Barat";0;0;;;;Operasional;Aktif
1024;Pustu;1001316224;1001316224;"PUSTU RAIFATUS HAEKESAK";"Puskesmas Pembantu";;53;"Nusa Tenggara Timur";5304;"Kab. Belu";530403;Raihat;0;0;;;;Operasional;Aktif
1025;Pustu;1001322857;1001322857;"PUSTU SADI HALIWEN";"Puskesmas Pembantu";;53;"Nusa Tenggara Timur";5304;"Kab. Belu";530402;TasifetoTimur;0;0;;;;Operasional;Aktif
1026;Pustu;1001339783;1001339783;"PUSTU SILAWAN SILAWAN";"Puskesmas Pembantu";;53;"Nusa Tenggara Timur";5304;"Kab. Belu";530402;TasifetoTimur;0;0;;;;Operasional;Aktif
1027;Pustu;1001376030;1001376030;"PUSTU TEUN RAFAE";"Puskesmas Pembantu";;53;"Nusa Tenggara Timur";5304;"Kab. Belu";530413;Raimanuk;0;0;;;;Operasional;Aktif
1028;Pustu;1001401720;1001401720;"PUSTU TUKUNENO ATAMBUA SELATAN";"Puskesmas Pembantu";;53;"Nusa Tenggara Timur";5304;"Kab. Belu";530404;"Tasifeto Barat";0;0;;;;Operasional;Aktif
1029;Pustu;1001246479;1001246479;"PUSTU AIR MANCUR BUKAPITING";"Puskesmas Pembantu";;53;"Nusa Tenggara Timur";5305;"Kab. Alor";530508;"Alor Timur Laut";0;0;;;;Operasional;Aktif
1030;Pustu;1001412432;1001412432;"PUSTU ALLUMANG KAYANG";"Puskesmas Pembantu";;53;"Nusa Tenggara Timur";5305;"Kab. Alor";530517;"Pantar Baru Laut";0;0;;;;Operasional;Aktif
1031;Pustu;1001412456;1001412456;"PUSTU ALOR BESAR KOKAR";"Puskesmas Pembantu";;53;"Nusa Tenggara Timur";5305;"Kab. Alor";530502;"Alor Barat Laut";0;0;;;;Operasional;Aktif
1032;Pustu;1001414727;1001414727;"PUSTU ARAMABA MALIANG";"Puskesmas Pembantu";;53;"Nusa Tenggara Timur";5305;"Kab. Alor";530516;"Pantar Tengah";0;0;;;;Operasional;Aktif
1033;Pustu;1001540239;1001540239;"PUSTU BUKIT MAS";"Puskesmas Pembantu";;53;"Nusa Tenggara Timur";5305;"Kab. Alor";530506;Pantar;0;0;;;;Operasional;Aktif
1034;Pustu;1001449320;1001449320;"PUSTU DELAKI MALIANG";"Puskesmas Pembantu";;53;"Nusa Tenggara Timur";5305;"Kab. Alor";530516;"Pantar Tengah";0;0;;;;Operasional;Aktif
1035;Pustu;1001451787;1001451787;"PUSTU DULOLONG ALOR KECIL";"Puskesmas Pembantu";;53;"Nusa Tenggara Timur";5305;"Kab. Alor";530502;"Alor Barat Laut";0;0;;;;Operasional;Aktif
1036;Pustu;1001461586;1001461586;"PUSTU HALERMAN PROBUR";"Puskesmas Pembantu";;53;"Nusa Tenggara Timur";5305;"Kab. Alor";530503;"Alor Barat Daya";0;0;;;;Operasional;Aktif
1037;Pustu;1001540241;1001540241;"PUSTU ILLU";"Puskesmas Pembantu";;53;"Nusa Tenggara Timur";5305;"Kab. Alor";530509;"Pantar Barat";0;0;;;;Operasional;Aktif
1038;Pustu;1001472729;1001472729;"PUSTU KALONDAMA TENGAH KAYANG";"Puskesmas Pembantu";;53;"Nusa Tenggara Timur";5305;"Kab. Alor";530517;"Pantar Baru Laut";0;0;;;;Operasional;Aktif
1039;Pustu;1001481512;1001481512;"PUSTU KELAISI BARAT APUI";"Puskesmas Pembantu";;53;"Nusa Tenggara Timur";5305;"Kab. Alor";530504;"Alor Selatan";0;0;;;;Operasional;Aktif
1040;Pustu;1001540215;1001540215;"PUSTU KELAISI TENGAH";"Puskesmas Pembantu";;53;"Nusa Tenggara Timur";5305;"Kab. Alor";530504;"Alor Selatan";0;0;;;;Operasional;Aktif
1041;Pustu;1001485790;1001485790;"PUSTU KIRAMAN PADANG ALANG";"Puskesmas Pembantu";;53;"Nusa Tenggara Timur";5305;"Kab. Alor";530504;"Alor Selatan";0;0;;;;Operasional;Aktif
1042;Pustu;1001239347;1001239347;"PUSTU KOLANA SELATAN MARITAING";"Puskesmas Pembantu";;53;"Nusa Tenggara Timur";5305;"Kab. Alor";530505;"Alor Timur";0;0;;;;Operasional;Aktif
1043;Pustu;1001540253;1001540253;"PUSTU KOPIDIL";"Puskesmas Pembantu";;53;"Nusa Tenggara Timur";5305;"Kab. Alor";530510;Kabola;0;0;;;;Operasional;Aktif
1044;Pustu;1001540265;1001540265;"PUSTU LAMMA";"Puskesmas Pembantu";;53;"Nusa Tenggara Timur";5305;"Kab. Alor";530517;"Pantar Baru Laut";0;0;;;;Operasional;Aktif
1045;Pustu;1001252533;1001252533;"PUSTU LELLA APUI";"Puskesmas Pembantu";;53;"Nusa Tenggara Timur";5305;"Kab. Alor";530504;"Alor Selatan";0;0;;;;Operasional;Aktif
1046;Pustu;1001540198;1001540198;"PUSTU LENDOLA";"Puskesmas Pembantu";;53;"Nusa Tenggara Timur";5305;"Kab. Alor";530501;"Teluk Mutiara";0;0;;;;Operasional;Aktif
1047;Pustu;1001254684;1001254684;"PUSTU LIKUWATANG MEBUNG";"Puskesmas Pembantu";;53;"Nusa Tenggara Timur";5305;"Kab. Alor";530507;"Alor Tengah Utara";0;0;;;;Operasional;Aktif
1048;Pustu;1001263726;1001263726;"PUSTU MANATANG BURAGA";"Puskesmas Pembantu";;53;"Nusa Tenggara Timur";5305;"Kab. Alor";530518;"Abad Selatan";0;0;;;;Operasional;Aktif
1049;Pustu;1001267320;1001267320;"PUSTU MARISA KAYANG";"Puskesmas Pembantu";;53;"Nusa Tenggara Timur";5305;"Kab. Alor";530517;"Pantar Baru Laut";0;0;;;;Operasional;Aktif
1050;Pustu;1001269146;1001269146;"PUSTU MAUSAMANG MARITAING";"Puskesmas Pembantu";;53;"Nusa Tenggara Timur";5305;"Kab. Alor";530505;"Alor Timur";0;0;;;;Operasional;Aktif
1051;Pustu;1001269158;1001269158;"PUSTU MAUTA MALIANG";"Puskesmas Pembantu";;53;"Nusa Tenggara Timur";5305;"Kab. Alor";530516;"Pantar Tengah";0;0;;;;Operasional;Aktif
1052;Pustu;1001269249;1001269249;"PUSTU MAWAR BAKALANG";"Puskesmas Pembantu";;53;"Nusa Tenggara Timur";5305;"Kab. Alor";530514;"Pantar Timur";0;0;;;;Operasional;Aktif
1053;Pustu;1001279220;1001279220;"PUSTU MUTIARA KENARILANG";"Puskesmas Pembantu";;53;"Nusa Tenggara Timur";5305;"Kab. Alor";530501;"Teluk Mutiara";0;0;;;;Operasional;Aktif
1054;Pustu;1001285542;1001285542;"PUSTU NUSA KENARI KENARILANG";"Puskesmas Pembantu";;53;"Nusa Tenggara Timur";5305;"Kab. Alor";530501;"Teluk Mutiara";0;0;;;;Operasional;Aktif
1055;Pustu;1001288049;1001288049;"PUSTU ORGEN BURAGA";"Puskesmas Pembantu";;53;"Nusa Tenggara Timur";5305;"Kab. Alor";530518;"Abad Selatan";0;0;;;;Operasional;Aktif
1056;Pustu;1001289366;1001289366;"PUSTU PADANG PANJANG LANTOKA";"Puskesmas Pembantu";;53;"Nusa Tenggara Timur";5305;"Kab. Alor";530505;"Alor Timur";0;0;;;;Operasional;Aktif
1057;Pustu;1001293733;1001293733;"PUSTU PANDAI KABIR";"Puskesmas Pembantu";;53;"Nusa Tenggara Timur";5305;"Kab. Alor";530506;Pantar;0;0;;;;Operasional;Aktif
1058;Pustu;1001307675;1001307675;"PUSTU PIDO BUKAPITING";"Puskesmas Pembantu";;53;"Nusa Tenggara Timur";5305;"Kab. Alor";530508;"Alor Timur Laut";0;0;;;;Operasional;Aktif
1059;Pustu;1001308552;1001308552;"PUSTU PINTUMAS MORU";"Puskesmas Pembantu";;53;"Nusa Tenggara Timur";5305;"Kab. Alor";530503;"Alor Barat Daya";0;0;;;;Operasional;Aktif
1060;Pustu;1001314460;1001314460;"PUSTU PURA BARAT LIMARAHING";"Puskesmas Pembantu";;53;"Nusa Tenggara Timur";5305;"Kab. Alor";530511;"Pulau Pura";0;0;;;;Operasional;Aktif
1061;Pustu;1001314812;1001314812;"PUSTU PURNAMA MADEMANG";"Puskesmas Pembantu";;53;"Nusa Tenggara Timur";5305;"Kab. Alor";530513;Pureman;0;0;;;;Operasional;Aktif
1062;Pustu;1001336951;1001336951;"PUSTU SIDABUI PADANG ALANG";"Puskesmas Pembantu";;53;"Nusa Tenggara Timur";5305;"Kab. Alor";530504;"Alor Selatan";0;0;;;;Operasional;Aktif
1063;Pustu;1001339599;1001339599;"PUSTU SILAIPUI APUI";"Puskesmas Pembantu";;53;"Nusa Tenggara Timur";5305;"Kab. Alor";530504;"Alor Selatan";0;0;;;;Operasional;Aktif
1064;Pustu;1001540227;1001540227;"PUSTU SUBO";"Puskesmas Pembantu";;53;"Nusa Tenggara Timur";5305;"Kab. Alor";530504;"Alor Selatan";0;0;;;;Operasional;Aktif
1065;Pustu;1001361841;1001361841;"PUSTU TAMAKH TAMALABANG";"Puskesmas Pembantu";;53;"Nusa Tenggara Timur";5305;"Kab. Alor";530516;"Pantar Tengah";0;0;;;;Operasional;Aktif
1066;Pustu;1001362027;1001362027;"PUSTU TAMAN MATARU TAMAN MATARU";"Puskesmas Pembantu";;53;"Nusa Tenggara Timur";5305;"Kab. Alor";530512;Mataru;0;0;;;;Operasional;Aktif
1067;Pustu;1001362118;1001362118;"PUSTU TAMANAPUI APUI";"Puskesmas Pembantu";;53;"Nusa Tenggara Timur";5305;"Kab. Alor";530504;"Alor Selatan";0;0;;;;Operasional;Aktif
1068;Pustu;1001369685;1001369685;"PUSTU TARAMANA BUKAPITING";"Puskesmas Pembantu";;53;"Nusa Tenggara Timur";5305;"Kab. Alor";530508;"Alor Timur Laut";0;0;;;;Operasional;Aktif
1069;Pustu;1001381566;1001381566;"PUSTU TUDE MALIANG";"Puskesmas Pembantu";;53;"Nusa Tenggara Timur";5305;"Kab. Alor";530516;"Pantar Tengah";0;0;;;;Operasional;Aktif
1070;Pustu;1001388203;1001388203;"PUSTU WAIMI LEMBUR";"Puskesmas Pembantu";;53;"Nusa Tenggara Timur";5305;"Kab. Alor";530515;Lembur;0;0;;;;Operasional;Aktif
1071;Pustu;1001388473;1001388473;"PUSTU WAKAPSIR BURAGA";"Puskesmas Pembantu";;53;"Nusa Tenggara Timur";5305;"Kab. Alor";530518;"Abad Selatan";0;0;;;;Operasional;Aktif
1072;Pustu;1001402669;1001402669;"PUSTU WELAI BARAT KENARILANG";"Puskesmas Pembantu";;53;"Nusa Tenggara Timur";5305;"Kab. Alor";530501;"Teluk Mutiara";0;0;;;;Operasional;Aktif
1073;Pustu;1001540203;1001540203;"PUSTU WETABUA";"Puskesmas Pembantu";;53;"Nusa Tenggara Timur";5305;"Kab. Alor";530501;"Teluk Mutiara";0;0;;;;Operasional;Aktif
1074;Pustu;1001393143;1001393143;"PUSTU WOLWAL MORU";"Puskesmas Pembantu";;53;"Nusa Tenggara Timur";5305;"Kab. Alor";530503;"Alor Barat Daya";0;0;;;;Operasional;Aktif
1075;Pustu;1001567809;1001567809;"PUSTU AMAGARAPATI";"Puskesmas Pembantu";;53;"Nusa Tenggara Timur";5306;"Kab. Flores Timur";530603;Larantuka;0;0;;;;Operasional;Aktif
1076;Pustu;1001418694;1001418694;"PUSTU BALAWELING I RITAEBANG";"Puskesmas Pembantu";;53;"Nusa Tenggara Timur";5306;"Kab. Flores Timur";530606;"Solor Barat";0;0;;;;Operasional;Aktif
1077;Pustu;1001567811;1001567811;"PUSTU BALELA";"Puskesmas Pembantu";;53;"Nusa Tenggara Timur";5306;"Kab. Flores Timur";530603;Larantuka;0;0;;;;Operasional;Aktif
1078;Pustu;1001419478;1001419478;"PUSTU BAMA DEMON PAGONG";"Puskesmas Pembantu";;53;"Nusa Tenggara Timur";5306;"Kab. Flores Timur";530614;"Demon Pagong";0;0;;;;Operasional;Aktif
1079;Pustu;1001426938;1001426938;"PUSTU BAYA LITE";"Puskesmas Pembantu";;53;"Nusa Tenggara Timur";5306;"Kab. Flores Timur";530618;"Adonara Tengah";0;0;;;;Operasional;Aktif
1080;Pustu;1001436270;1001436270;"PUSTU BUBUATAGAMU KALIKE";"Puskesmas Pembantu";;53;"Nusa Tenggara Timur";5306;"Kab. Flores Timur";530619;"Solor Selatan";0;0;;;;Operasional;Aktif
1081;Pustu;1001437793;1001437793;"PUSTU BUKIT SEBURI II WAIWADAN";"Puskesmas Pembantu";;53;"Nusa Tenggara Timur";5306;"Kab. Flores Timur";530608;"Adonara Barat";0;0;;;;Operasional;Aktif
1082;Pustu;1001448259;1001448259;"PUSTU DANIBAO WAIWADAN";"Puskesmas Pembantu";;53;"Nusa Tenggara Timur";5306;"Kab. Flores Timur";530608;"Adonara Barat";0;0;;;;Operasional;Aktif
1083;Pustu;1001449057;1001449057;"PUSTU DAWATAA WAIWERANG";"Puskesmas Pembantu";;53;"Nusa Tenggara Timur";5306;"Kab. Flores Timur";530610;"Adonara Timur";0;0;;;;Operasional;Aktif
1084;Pustu;1001455800;1001455800;"PUSTU GAYAK ILE BOLENG";"Puskesmas Pembantu";;53;"Nusa Tenggara Timur";5306;"Kab. Flores Timur";530613;"Ile Boleng";0;0;;;;Operasional;Aktif
1085;Pustu;1001463663;1001463663;"PUSTU HOROWURA LITE";"Puskesmas Pembantu";;53;"Nusa Tenggara Timur";5306;"Kab. Flores Timur";530618;"Adonara Tengah";0;0;;;;Operasional;Aktif
1086;Pustu;1001464734;1001464734;"PUSTU ILE PADUNG LEWOLEMA";"Puskesmas Pembantu";;53;"Nusa Tenggara Timur";5306;"Kab. Flores Timur";530615;Lewolema;0;0;;;;Operasional;Aktif
1087;Pustu;1001471232;1001471232;"PUSTU KALELU RITAEBANG";"Puskesmas Pembantu";;53;"Nusa Tenggara Timur";5306;"Kab. Flores Timur";530606;"Solor Barat";0;0;;;;Operasional;Aktif
1088;Pustu;1001477547;1001477547;"PUSTU KARINGLAMALOUK WAIWERANG";"Puskesmas Pembantu";;53;"Nusa Tenggara Timur";5306;"Kab. Flores Timur";530610;"Adonara Timur";0;0;;;;Operasional;Aktif
1089;Pustu;1001479181;1001479181;"PUSTU KAWELA BANIONA";"Puskesmas Pembantu";;53;"Nusa Tenggara Timur";5306;"Kab. Flores Timur";530609;"Wotan Ulumando";0;0;;;;Operasional;Aktif
1090;Pustu;1001238769;1001238769;"PUSTU KOKOTOBO LITE";"Puskesmas Pembantu";;53;"Nusa Tenggara Timur";5306;"Kab. Flores Timur";530618;"Adonara Tengah";0;0;;;;Operasional;Aktif
1091;Pustu;1001238836;1001238836;"PUSTU KOLAKA WAIKLIBANG";"Puskesmas Pembantu";;53;"Nusa Tenggara Timur";5306;"Kab. Flores Timur";530605;"Tanjung Bunga";0;0;;;;Operasional;Aktif
1092;Pustu;1001239414;1001239414;"PUSTU KOLILANANG SAGU";"Puskesmas Pembantu";;53;"Nusa Tenggara Timur";5306;"Kab. Flores Timur";530617;Adonara;0;0;;;;Operasional;Aktif
1093;Pustu;1001239919;1001239919;"PUSTU KONGA LEWOLAGA";"Puskesmas Pembantu";;53;"Nusa Tenggara Timur";5306;"Kab. Flores Timur";530602;Titehena;0;0;;;;Operasional;Aktif
1094;Pustu;1001567861;1001567861;"PUSTU LAMAHALA JAYA";"Puskesmas Pembantu";;53;"Nusa Tenggara Timur";5306;"Kab. Flores Timur";530610;"Adonara Timur";0;0;;;;Operasional;Aktif
1095;Pustu;1001332058;1001332058;"PUSTU LAMAPAHA LAMBUNGA";"Puskesmas Pembantu";;53;"Nusa Tenggara Timur";5306;"Kab. Flores Timur";530611;Kelubagolit;0;0;;;;Operasional;Aktif
1096;Pustu;1001405166;1001405166;"PUSTU LAMATEWELU WAIWERANG";"Puskesmas Pembantu";;53;"Nusa Tenggara Timur";5306;"Kab. Flores Timur";530610;"Adonara Timur";0;0;;;;Operasional;Aktif
1097;Pustu;1001332113;1001332113;"PUSTU LAMATUTU WAIKLIBANG";"Puskesmas Pembantu";;53;"Nusa Tenggara Timur";5306;"Kab. Flores Timur";530605;"Tanjung Bunga";0;0;;;;Operasional;Aktif
1098;Pustu;1001248427;1001248427;"PUSTU LAMAWAI MENGANGA";"Puskesmas Pembantu";;53;"Nusa Tenggara Timur";5306;"Kab. Flores Timur";530607;"Solor Timur";0;0;;;;Operasional;Aktif
1099;Pustu;1001567823;1001567823;"PUSTU LARANTUKA";"Puskesmas Pembantu";;53;"Nusa Tenggara Timur";5306;"Kab. Flores Timur";530603;Larantuka;0;0;;;;Operasional;Aktif
1100;Pustu;1001250690;1001250690;"PUSTU LATONLIWO WAIKLIBANG";"Puskesmas Pembantu";;53;"Nusa Tenggara Timur";5306;"Kab. Flores Timur";530605;"Tanjung Bunga";0;0;;;;Operasional;Aktif
1101;Pustu;1001252662;1001252662;"PUSTU LEMANU KALIKE";"Puskesmas Pembantu";;53;"Nusa Tenggara Timur";5306;"Kab. Flores Timur";530619;"Solor Selatan";0;0;;;;Operasional;Aktif
1102;Pustu;1001253604;1001253604;"PUSTU LERABOLENG LEWOLAGA";"Puskesmas Pembantu";;53;"Nusa Tenggara Timur";5306;"Kab. Flores Timur";530602;Titehena;0;0;;;;Operasional;Aktif
1103;Pustu;1001254218;1001254218;"PUSTU LEWOHEDO MENGANGA";"Puskesmas Pembantu";;53;"Nusa Tenggara Timur";5306;"Kab. Flores Timur";530607;"Solor Timur";0;0;;;;Operasional;Aktif
1104;Pustu;1001405219;1001405219;"PUSTU LEWOLERE OKA";"Puskesmas Pembantu";;53;"Nusa Tenggara Timur";5306;"Kab. Flores Timur";530603;Larantuka;0;0;;;;Operasional;Aktif
1105;Pustu;1001567873;1001567873;"PUSTU LEWOLOBA";"Puskesmas Pembantu";;53;"Nusa Tenggara Timur";5306;"Kab. Flores Timur";530604;"Ile Mandiri";0;0;;;;Operasional;Aktif
1106;Pustu;1001409473;1001409473;"PUSTU LOKEA OKA";"Puskesmas Pembantu";;53;"Nusa Tenggara Timur";5306;"Kab. Flores Timur";530603;Larantuka;0;0;;;;Operasional;Aktif
1107;Pustu;1001282318;1001282318;"PUSTU NELEBLOLONG ILE BOLENG";"Puskesmas Pembantu";;53;"Nusa Tenggara Timur";5306;"Kab. Flores Timur";530613;"Ile Boleng";0;0;;;;Operasional;Aktif
1108;Pustu;1001285487;1001285487;"PUSTU NURABELEN ILE BURA";"Puskesmas Pembantu";;53;"Nusa Tenggara Timur";5306;"Kab. Flores Timur";530616;"Ile Bura";0;0;;;;Operasional;Aktif
1109;Pustu;1001296204;1001296204;"PUSTU PANTAI OA BORU";"Puskesmas Pembantu";;53;"Nusa Tenggara Timur";5306;"Kab. Flores Timur";530601;Wulanggitang;0;0;;;;Operasional;Aktif
1110;Pustu;1001567835;1001567835;"PUSTU PUKEN TOBI WANGI BAO";"Puskesmas Pembantu";;53;"Nusa Tenggara Timur";5306;"Kab. Flores Timur";530603;Larantuka;0;0;;;;Operasional;Aktif
1111;Pustu;1001567847;1001567847;"PUSTU SAROTARI TENGAH";"Puskesmas Pembantu";;53;"Nusa Tenggara Timur";5306;"Kab. Flores Timur";530603;Larantuka;0;0;;;;Operasional;Aktif
1112;Pustu;1001335282;1001335282;"PUSTU SERINUHO LATO";"Puskesmas Pembantu";;53;"Nusa Tenggara Timur";5306;"Kab. Flores Timur";530602;Titehena;0;0;;;;Operasional;Aktif
1113;Pustu;1001400049;1001400049;"PUSTU TANA TUKAN BANIONA";"Puskesmas Pembantu";;53;"Nusa Tenggara Timur";5306;"Kab. Flores Timur";530609;"Wotan Ulumando";0;0;;;;Operasional;Aktif
1114;Pustu;1001363772;1001363772;"PUSTU TANAH LEIN RITAEBANG";"Puskesmas Pembantu";;53;"Nusa Tenggara Timur";5306;"Kab. Flores Timur";530606;"Solor Barat";0;0;;;;Operasional;Aktif
1115;Pustu;1001377981;1001377981;"PUSTU TIWATOBI WAIMANA";"Puskesmas Pembantu";;53;"Nusa Tenggara Timur";5306;"Kab. Flores Timur";530604;"Ile Mandiri";0;0;;;;Operasional;Aktif
1116;Pustu;1001381126;1001381126;"PUSTU TUAGOETOBI WITIHAMA";"Puskesmas Pembantu";;53;"Nusa Tenggara Timur";5306;"Kab. Flores Timur";530612;Witihama;0;0;;;;Operasional;Aktif
1117;Pustu;1001387900;1001387900;"PUSTU WAIBAO WAIKLIBANG";"Puskesmas Pembantu";;53;"Nusa Tenggara Timur";5306;"Kab. Flores Timur";530605;"Tanjung Bunga";0;0;;;;Operasional;Aktif
1118;Pustu;1001388409;1001388409;"PUSTU WAIULA BORU";"Puskesmas Pembantu";;53;"Nusa Tenggara Timur";5306;"Kab. Flores Timur";530601;Wulanggitang;0;0;;;;Operasional;Aktif
1119;Pustu;1001390945;1001390945;"PUSTU WATOBUKU MENGANGA";"Puskesmas Pembantu";;53;"Nusa Tenggara Timur";5306;"Kab. Flores Timur";530607;"Solor Timur";0;0;;;;Operasional;Aktif
1120;Pustu;1001567859;1001567859;"PUSTU WERI";"Puskesmas Pembantu";;53;"Nusa Tenggara Timur";5306;"Kab. Flores Timur";530603;Larantuka;0;0;;;;Operasional;Aktif
1121;Pustu;1001392280;1001392280;"PUSTU WEWIT LITE";"Puskesmas Pembantu";;53;"Nusa Tenggara Timur";5306;"Kab. Flores Timur";530618;"Adonara Tengah";0;0;;;;Operasional;Aktif
1122;Pustu;1001394173;1001394173;"PUSTU WOTANULUMADO BANIONA";"Puskesmas Pembantu";;53;"Nusa Tenggara Timur";5306;"Kab. Flores Timur";530609;"Wotan Ulumando";0;0;;;;Operasional;Aktif
1123;Pustu;1001394874;1001394874;"PUSTU WUREH WAIWADAN";"Puskesmas Pembantu";;53;"Nusa Tenggara Timur";5306;"Kab. Flores Timur";530608;"Adonara Barat";0;0;;;;Operasional;Aktif
1124;Pustu;1001407384;1001407384;"PUSTU 4 KOTA UNENG KOPETA";"Puskesmas Pembantu";;53;"Nusa Tenggara Timur";5307;"Kab. Sikka";530705;Alok;0;0;;;;Operasional;Aktif
1125;Pustu;1001407865;1001407865;"PUSTU 4 WURING WOLOMARANG";"Puskesmas Pembantu";;53;"Nusa Tenggara Timur";5307;"Kab. Sikka";530714;"Alok Barat";0;0;;;;Operasional;Aktif
1126;Pustu;1001410616;1001410616;"PUSTU AIBURA WAIGETE";"Puskesmas Pembantu";;53;"Nusa Tenggara Timur";5307;"Kab. Sikka";530709;Waigete;0;0;;;;Operasional;Aktif
1127;Pustu;1001418670;1001418670;"PUSTU BALATATIN WAIPARE";"Puskesmas Pembantu";;53;"Nusa Tenggara Timur";5307;"Kab. Sikka";530719;Kangae;0;0;;;;Operasional;Aktif
1128;Pustu;1001423118;1001423118;"PUSTU BAOMEKOT HEWOKLOANG";"Puskesmas Pembantu";;53;"Nusa Tenggara Timur";5307;"Kab. Sikka";530718;Hewokloang;0;0;;;;Operasional;Aktif
1129;Pustu;1001432664;1001432664;"PUSTU BLORO NITA";"Puskesmas Pembantu";;53;"Nusa Tenggara Timur";5307;"Kab. Sikka";530704;Nita;0;0;;;;Operasional;Aktif
1130;Pustu;1001435939;1001435939;"PUSTU BU UTARA WOLOFEO";"Puskesmas Pembantu";;53;"Nusa Tenggara Timur";5307;"Kab. Sikka";530717;"Tana Wawo";0;0;;;;Operasional;Aktif
1131;Pustu;1001448390;1001448390;"PUSTU DARAT PANTAI WATUBAING";"Puskesmas Pembantu";;53;"Nusa Tenggara Timur";5307;"Kab. Sikka";530708;Talibura;0;0;;;;Operasional;Aktif
1132;Pustu;1001449954;1001449954;"PUSTU DETUBINGA WOLOFEO";"Puskesmas Pembantu";;53;"Nusa Tenggara Timur";5307;"Kab. Sikka";530717;"Tana Wawo";0;0;;;;Operasional;Aktif
1133;Pustu;1001450460;1001450460;"PUSTU DOBO LEKEBAI";"Puskesmas Pembantu";;53;"Nusa Tenggara Timur";5307;"Kab. Sikka";530702;Mego;0;0;;;;Operasional;Aktif
1134;Pustu;1001457248;1001457248;"PUSTU GERA LEKEBAI";"Puskesmas Pembantu";;53;"Nusa Tenggara Timur";5307;"Kab. Sikka";530702;Mego;0;0;;;;Operasional;Aktif
1135;Pustu;1001461419;1001461419;"PUSTU HABI WAIPARE";"Puskesmas Pembantu";;53;"Nusa Tenggara Timur";5307;"Kab. Sikka";530719;Kangae;0;0;;;;Operasional;Aktif
1136;Pustu;1001299725;1001299725;"PUSTU HOKOR Bola";"Puskesmas Pembantu";;53;"Nusa Tenggara Timur";5307;"Kab. Sikka";530711;Bola;0;0;;;;Operasional;Aktif
1137;Pustu;1001300794;1001300794;"PUSTU IANTENA KEWAPANTE";"Puskesmas Pembantu";;53;"Nusa Tenggara Timur";5307;"Kab. Sikka";530710;Kewapante;0;0;;;;Operasional;Aktif
1138;Pustu;1001464746;1001464746;"PUSTU ILIGAI NANGA";"Puskesmas Pembantu";;53;"Nusa Tenggara Timur";5307;"Kab. Sikka";530703;Lela;0;0;;;;Operasional;Aktif
1139;Pustu;1001301619;1001301619;"PUSTU IPIR Bola";"Puskesmas Pembantu";;53;"Nusa Tenggara Timur";5307;"Kab. Sikka";530711;Bola;0;0;;;;Operasional;Aktif
1140;Pustu;1001484423;1001484423;"PUSTU KESOKOJA PALUE";"Puskesmas Pembantu";;53;"Nusa Tenggara Timur";5307;"Kab. Sikka";530706;Palue;0;0;;;;Operasional;Aktif
1141;Pustu;1001238252;1001238252;"PUSTU KLOANGPOPOT HABIBOLA";"Puskesmas Pembantu";;53;"Nusa Tenggara Timur";5307;"Kab. Sikka";530720;Doreng;0;0;;;;Operasional;Aktif
1142;Pustu;1001238654;1001238654;"PUSTU KOJA DOI TELUK MAUMERE";"Puskesmas Pembantu";;53;"Nusa Tenggara Timur";5307;"Kab. Sikka";530715;"Alok Timur";0;0;;;;Operasional;Aktif
1143;Pustu;1001238771;1001238771;"PUSTU KOKOWAHOR WAIPARE";"Puskesmas Pembantu";;53;"Nusa Tenggara Timur";5307;"Kab. Sikka";530719;Kangae;0;0;;;;Operasional;Aktif
1144;Pustu;1001239426;1001239426;"PUSTU KOLISIA MAGEPANDA";"Puskesmas Pembantu";;53;"Nusa Tenggara Timur";5307;"Kab. Sikka";530712;Magepanda;0;0;;;;Operasional;Aktif
1145;Pustu;1001240102;1001240102;"PUSTU KOROBHERA LEKEBAI";"Puskesmas Pembantu";;53;"Nusa Tenggara Timur";5307;"Kab. Sikka";530702;Mego;0;0;;;;Operasional;Aktif
1146;Pustu;1001324568;1001324568;"PUSTU KOROWUWU NANGA";"Puskesmas Pembantu";;53;"Nusa Tenggara Timur";5307;"Kab. Sikka";530703;Lela;0;0;;;;Operasional;Aktif
1147;Pustu;1001240671;1001240671;"PUSTU KOTING D KOTING";"Puskesmas Pembantu";;53;"Nusa Tenggara Timur";5307;"Kab. Sikka";530716;Koting;0;0;;;;Operasional;Aktif
1148;Pustu;1001254220;1001254220;"PUSTU LEWOMADA WATUBAING";"Puskesmas Pembantu";;53;"Nusa Tenggara Timur";5307;"Kab. Sikka";530708;Talibura;0;0;;;;Operasional;Aktif
1149;Pustu;1001267679;1001267679;"PUSTU MASABEWA PAGA";"Puskesmas Pembantu";;53;"Nusa Tenggara Timur";5307;"Kab. Sikka";530701;Paga;0;0;;;;Operasional;Aktif
1150;Pustu;1001271149;1001271149;"PUSTU MEKENDETUNG WAIPARE";"Puskesmas Pembantu";;53;"Nusa Tenggara Timur";5307;"Kab. Sikka";530719;Kangae;0;0;;;;Operasional;Aktif
1151;Pustu;1001281704;1001281704;"PUSTU NATAKOLI MAPITARA";"Puskesmas Pembantu";;53;"Nusa Tenggara Timur";5307;"Kab. Sikka";530721;Mapitara;0;0;;;;Operasional;Aktif
1152;Pustu;1001281780;1001281780;"PUSTU NEBE WATUBAING";"Puskesmas Pembantu";;53;"Nusa Tenggara Timur";5307;"Kab. Sikka";530708;Talibura;0;0;;;;Operasional;Aktif
1153;Pustu;1001364843;1001364843;"PUSTU NIRANGKLIUNG NITA";"Puskesmas Pembantu";;53;"Nusa Tenggara Timur";5307;"Kab. Sikka";530704;Nita;0;0;;;;Operasional;Aktif
1154;Pustu;1001284720;1001284720;"PUSTU NITUNGLEA TUANGGEO";"Puskesmas Pembantu";;53;"Nusa Tenggara Timur";5307;"Kab. Sikka";530706;Palue;0;0;;;;Operasional;Aktif
1155;Pustu;1001286912;1001286912;"PUSTU OJANG BOGANATAR";"Puskesmas Pembantu";;53;"Nusa Tenggara Timur";5307;"Kab. Sikka";530708;Talibura;0;0;;;;Operasional;Aktif
1156;Pustu;1001303186;1001303186;"PUSTU PEMANA TELUK MAUMERE";"Puskesmas Pembantu";;53;"Nusa Tenggara Timur";5307;"Kab. Sikka";530705;Alok;0;0;;;;Operasional;Aktif
1157;Pustu;1001306542;1001306542;"PUSTU PERUMAAN TELUK MAUMERE";"Puskesmas Pembantu";;53;"Nusa Tenggara Timur";5307;"Kab. Sikka";530715;"Alok Timur";0;0;;;;Operasional;Aktif
1158;Pustu;1001310244;1001310244;"PUSTU POMA WOLOFEO";"Puskesmas Pembantu";;53;"Nusa Tenggara Timur";5307;"Kab. Sikka";530717;"Tana Wawo";0;0;;;;Operasional;Aktif
1159;Pustu;1001311793;1001311793;"PUSTU PRUDA TANARAWA";"Puskesmas Pembantu";;53;"Nusa Tenggara Timur";5307;"Kab. Sikka";530713;Waiblama;0;0;;;;Operasional;Aktif
1160;Pustu;1001320225;1001320225;"PUSTU RENGGARASI WOLOFEO";"Puskesmas Pembantu";;53;"Nusa Tenggara Timur";5307;"Kab. Sikka";530717;"Tana Wawo";0;0;;;;Operasional;Aktif
1161;Pustu;1001320316;1001320316;"PUSTU REROROJA MAGEPANDA";"Puskesmas Pembantu";;53;"Nusa Tenggara Timur";5307;"Kab. Sikka";530712;Magepanda;0;0;;;;Operasional;Aktif
1162;Pustu;1001320653;1001320653;"PUSTU RIIT NITA";"Puskesmas Pembantu";;53;"Nusa Tenggara Timur";5307;"Kab. Sikka";530704;Nita;0;0;;;;Operasional;Aktif
1163;Pustu;1001321372;1001321372;"PUSTU ROKIROLE TUANGGEO";"Puskesmas Pembantu";;53;"Nusa Tenggara Timur";5307;"Kab. Sikka";530706;Palue;0;0;;;;Operasional;Aktif
1164;Pustu;1001321592;1001321592;"PUSTU RUBIT HEWOKLOANG";"Puskesmas Pembantu";;53;"Nusa Tenggara Timur";5307;"Kab. Sikka";530718;Hewokloang;0;0;;;;Operasional;Aktif
1165;Pustu;1001325299;1001325299;"PUSTU SAMPARONG TELUK MAUMERE";"Puskesmas Pembantu";;53;"Nusa Tenggara Timur";5307;"Kab. Sikka";530705;Alok;0;0;;;;Operasional;Aktif
1166;Pustu;1001397852;1001397852;"PUSTU SIKKA NANGA";"Puskesmas Pembantu";;53;"Nusa Tenggara Timur";5307;"Kab. Sikka";530703;Lela;0;0;;;;Operasional;Aktif
1167;Pustu;1001401249;1001401249;"PUSTU TILANG NITA";"Puskesmas Pembantu";;53;"Nusa Tenggara Timur";5307;"Kab. Sikka";530704;Nita;0;0;;;;Operasional;Aktif
1168;Pustu;1001381073;1001381073;"PUSTU TUA BAO TANARAWA";"Puskesmas Pembantu";;53;"Nusa Tenggara Timur";5307;"Kab. Sikka";530713;Waiblama;0;0;;;;Operasional;Aktif
1169;Pustu;1001386346;1001386346;"PUSTU UMAUTA Bola";"Puskesmas Pembantu";;53;"Nusa Tenggara Timur";5307;"Kab. Sikka";530711;Bola;0;0;;;;Operasional;Aktif
1170;Pustu;1001388124;1001388124;"PUSTU WAILAMUNG WATUBAING";"Puskesmas Pembantu";;53;"Nusa Tenggara Timur";5307;"Kab. Sikka";530708;Talibura;0;0;;;;Operasional;Aktif
1171;Pustu;1001388318;1001388318;"PUSTU WAIRBLELER WAIGETE";"Puskesmas Pembantu";;53;"Nusa Tenggara Timur";5307;"Kab. Sikka";530709;Waigete;0;0;;;;Operasional;Aktif
1172;Pustu;1001391042;1001391042;"PUSTU WATUDIRAN WAIGETE";"Puskesmas Pembantu";;53;"Nusa Tenggara Timur";5307;"Kab. Sikka";530709;Waigete;0;0;;;;Operasional;Aktif
1173;Pustu;1001391054;1001391054;"PUSTU WATUGONG BERU";"Puskesmas Pembantu";;53;"Nusa Tenggara Timur";5307;"Kab. Sikka";530715;"Alok Timur";0;0;;;;Operasional;Aktif
1174;Pustu;1001391121;1001391121;"PUSTU WATULIWUNG WAIPARE";"Puskesmas Pembantu";;53;"Nusa Tenggara Timur";5307;"Kab. Sikka";530719;Kangae;0;0;;;;Operasional;Aktif
1175;Pustu;1001537701;1001537701;"PUSTU WATUTEDANG";"Puskesmas Pembantu";;53;"Nusa Tenggara Timur";5307;"Kab. Sikka";530703;Lela;0;0;;;;Operasional;Aktif
1176;Pustu;1001393040;1001393040;"PUSTU WOLOKOLI Bola";"Puskesmas Pembantu";;53;"Nusa Tenggara Timur";5307;"Kab. Sikka";530711;Bola;0;0;;;;Operasional;Aktif
1177;Pustu;1001393076;1001393076;"PUSTU WOLONWALU Bola";"Puskesmas Pembantu";;53;"Nusa Tenggara Timur";5307;"Kab. Sikka";530711;Bola;0;0;;;;Operasional;Aktif
1178;Pustu;1001393131;1001393131;"PUSTU WOLOWIRO PAGA";"Puskesmas Pembantu";;53;"Nusa Tenggara Timur";5307;"Kab. Sikka";530701;Paga;0;0;;;;Operasional;Aktif
1179;Pustu;1001410111;1001410111;"PUSTU AEBARA MAUBASA";"Puskesmas Pembantu";;53;"Nusa Tenggara Timur";5308;"Kab. Ende";530817;Ndori;0;0;;;;Operasional;Aktif
1180;Pustu;1001410123;1001410123;"PUSTU AEJETI A. YANI";"Puskesmas Pembantu";;53;"Nusa Tenggara Timur";5308;"Kab. Ende";530802;"Pulau Ende";0;0;;;;Operasional;Aktif
1181;Pustu;1001245827;1001245827;"PUSTU AEWORA MAUROLE";"Puskesmas Pembantu";;53;"Nusa Tenggara Timur";5308;"Kab. Ende";530810;Maurole;0;0;;;;Operasional;Aktif
1182;Pustu;1001432779;1001432779;"PUSTU BOAFEO MAUKARO";"Puskesmas Pembantu";;53;"Nusa Tenggara Timur";5308;"Kab. Ende";530811;Maukaro;0;0;;;;Operasional;Aktif
1183;Pustu;1001449966;1001449966;"PUSTU DETUKELI WATUNGGERE";"Puskesmas Pembantu";;53;"Nusa Tenggara Timur";5308;"Kab. Ende";530815;Detukeli;0;0;;;;Operasional;Aktif
1184;Pustu;1001449978;1001449978;"PUSTU DETUPERA WATUNESO";"Puskesmas Pembantu";;53;"Nusa Tenggara Timur";5308;"Kab. Ende";530812;"Lio Timur";0;0;;;;Operasional;Aktif
1185;Pustu;1001453709;1001453709;"PUSTU FATAATU TIMUR WELAMOSA";"Puskesmas Pembantu";;53;"Nusa Tenggara Timur";5308;"Kab. Ende";530807;Wewaria;0;0;;;;Operasional;Aktif
1186;Pustu;1001461823;1001461823;"PUSTU HANGALANDE KOTA BARU";"Puskesmas Pembantu";;53;"Nusa Tenggara Timur";5308;"Kab. Ende";530813;"Kota Baru";0;0;;;;Operasional;Aktif
1187;Pustu;1001474014;1001474014;"PUSTU KAMUBHEKA MAUKARO";"Puskesmas Pembantu";;53;"Nusa Tenggara Timur";5308;"Kab. Ende";530811;Maukaro;0;0;;;;Operasional;Aktif
1188;Pustu;1001481823;1001481823;"PUSTU KELIWUMBU MAUROLE";"Puskesmas Pembantu";;53;"Nusa Tenggara Timur";5308;"Kab. Ende";530810;Maurole;0;0;;;;Operasional;Aktif
1189;Pustu;1001244718;1001244718;"PUSTU KURU PEIBENGA";"Puskesmas Pembantu";;53;"Nusa Tenggara Timur";5308;"Kab. Ende";530821;"Lepembusu Kelisoke";0;0;;;;Operasional;Aktif
1190;Pustu;1001244720;1001244720;"PUSTU KURULIMBU SELATAN ROGA";"Puskesmas Pembantu";;53;"Nusa Tenggara Timur";5308;"Kab. Ende";530816;"Ndona Timur";0;0;;;;Operasional;Aktif
1191;Pustu;1001255925;1001255925;"PUSTU LISELOWOBORA WOLO WARU";"Puskesmas Pembantu";;53;"Nusa Tenggara Timur";5308;"Kab. Ende";530808;Wolowaru;0;0;;;;Operasional;Aktif
1192;Pustu;1001265463;1001265463;"PUSTU MANULANDO NGALUPOLO";"Puskesmas Pembantu";;53;"Nusa Tenggara Timur";5308;"Kab. Ende";530805;Ndona;0;0;;;;Operasional;Aktif
1193;Pustu;1001269160;1001269160;"PUSTU MAUTENDA BARAT WELAMOSA";"Puskesmas Pembantu";;53;"Nusa Tenggara Timur";5308;"Kab. Ende";530807;Wewaria;0;0;;;;Operasional;Aktif
1194;Pustu;1001269172;1001269172;"PUSTU MAUTENDA WELAMOSA";"Puskesmas Pembantu";;53;"Nusa Tenggara Timur";5308;"Kab. Ende";530807;Wewaria;0;0;;;;Operasional;Aktif
1195;Pustu;1001351353;1001351353;"PUSTU MBOTUTENDA RIA RAJA";"Puskesmas Pembantu";;53;"Nusa Tenggara Timur";5308;"Kab. Ende";530803;Ende;0;0;;;;Operasional;Aktif
1196;Pustu;1001351389;1001351389;"PUSTU MBULIWARALAU UTARA WOLO WARU";"Puskesmas Pembantu";;53;"Nusa Tenggara Timur";5308;"Kab. Ende";530808;Wolowaru;0;0;;;;Operasional;Aktif
1197;Pustu;1001277753;1001277753;"PUSTU MUKUSAKI WELAMOSA";"Puskesmas Pembantu";;53;"Nusa Tenggara Timur";5308;"Kab. Ende";530807;Wewaria;0;0;;;;Operasional;Aktif
1198;Pustu;1001279347;1001279347;"PUSTU NABE MAUKARO";"Puskesmas Pembantu";;53;"Nusa Tenggara Timur";5308;"Kab. Ende";530811;Maukaro;0;0;;;;Operasional;Aktif
1199;Pustu;1001362285;1001362285;"PUSTU NDITO SAGA";"Puskesmas Pembantu";;53;"Nusa Tenggara Timur";5308;"Kab. Ende";530806;Detusoko;0;0;;;;Operasional;Aktif
1200;Pustu;1001281754;1001281754;"PUSTU NDUARIA MONI";"Puskesmas Pembantu";;53;"Nusa Tenggara Timur";5308;"Kab. Ende";530814;Kelimutu;0;0;;;;Operasional;Aktif
1201;Pustu;1001281766;1001281766;"PUSTU NDUNGGA REWARANGGA";"Puskesmas Pembantu";;53;"Nusa Tenggara Timur";5308;"Kab. Ende";530820;"Ende Timur";0;0;;;;Operasional;Aktif
1202;Pustu;1001282899;1001282899;"PUSTU NGALUROGA NGALUPOLO";"Puskesmas Pembantu";;53;"Nusa Tenggara Timur";5308;"Kab. Ende";530805;Ndona;0;0;;;;Operasional;Aktif
1203;Pustu;1001283817;1001283817;"PUSTU NGGELA WOLOJITA";"Puskesmas Pembantu";;53;"Nusa Tenggara Timur";5308;"Kab. Ende";530809;Wolojita;0;0;;;;Operasional;Aktif
1204;Pustu;1001284574;1001284574;"PUSTU NILA NGALUPOLO";"Puskesmas Pembantu";;53;"Nusa Tenggara Timur";5308;"Kab. Ende";530805;Ndona;0;0;;;;Operasional;Aktif
1205;Pustu;1001284627;1001284627;"PUSTU NIOPANDA LOBONIKI";"Puskesmas Pembantu";;53;"Nusa Tenggara Timur";5308;"Kab. Ende";530813;"Kota Baru";0;0;;;;Operasional;Aktif
1206;Pustu;1001285035;1001285035;"PUSTU NUAMURI MONI";"Puskesmas Pembantu";;53;"Nusa Tenggara Timur";5308;"Kab. Ende";530814;Kelimutu;0;0;;;;Operasional;Aktif
1207;Pustu;1001304685;1001304685;"PUSTU PENGGAJAWA NANGA PANDA";"Puskesmas Pembantu";;53;"Nusa Tenggara Timur";5308;"Kab. Ende";530801;Nangapanda;0;0;;;;Operasional;Aktif
1208;Pustu;1001315799;1001315799;"PUSTU PUUTUGA NGALUPOLO";"Puskesmas Pembantu";;53;"Nusa Tenggara Timur";5308;"Kab. Ende";530805;Ndona;0;0;;;;Operasional;Aktif
1209;Pustu;1001316999;1001316999;"PUSTU RANAKOLO SELATAN MAUROLE";"Puskesmas Pembantu";;53;"Nusa Tenggara Timur";5308;"Kab. Ende";530810;Maurole;0;0;;;;Operasional;Aktif
1210;Pustu;1001318686;1001318686;"PUSTU RAPORENDU NANGA PANDA";"Puskesmas Pembantu";;53;"Nusa Tenggara Timur";5308;"Kab. Ende";530801;Nangapanda;0;0;;;;Operasional;Aktif
1211;Pustu;1001318923;1001318923;"PUSTU RATERORU SAGA";"Puskesmas Pembantu";;53;"Nusa Tenggara Timur";5308;"Kab. Ende";530806;Detusoko;0;0;;;;Operasional;Aktif
1212;Pustu;1001396004;1001396004;"PUSTU REDORORY A. YANI";"Puskesmas Pembantu";;53;"Nusa Tenggara Timur";5308;"Kab. Ende";530802;"Pulau Ende";0;0;;;;Operasional;Aktif
1213;Pustu;1001321425;1001321425;"PUSTU RORURANGGA A. YANI";"Puskesmas Pembantu";;53;"Nusa Tenggara Timur";5308;"Kab. Ende";530802;"Pulau Ende";0;0;;;;Operasional;Aktif
1214;Pustu;1001321542;1001321542;"PUSTU ROWORENA KOTA RATU";"Puskesmas Pembantu";;53;"Nusa Tenggara Timur";5308;"Kab. Ende";530818;"Ende Utara";0;0;;;;Operasional;Aktif
1215;Pustu;1001344582;1001344582;"PUSTU SOKORIA ROGA";"Puskesmas Pembantu";;53;"Nusa Tenggara Timur";5308;"Kab. Ende";530816;"Ndona Timur";0;0;;;;Operasional;Aktif
1216;Pustu;1001365445;1001365445;"PUSTU TANIWODA PEIBENGA";"Puskesmas Pembantu";;53;"Nusa Tenggara Timur";5308;"Kab. Ende";530821;"Lepembusu Kelisoke";0;0;;;;Operasional;Aktif
1217;Pustu;1001367950;1001367950;"PUSTU TANJUNG RUKUN LIMA";"Puskesmas Pembantu";;53;"Nusa Tenggara Timur";5308;"Kab. Ende";530804;"Ende Selatan";0;0;;;;Operasional;Aktif
1218;Pustu;1001374630;1001374630;"PUSTU TENDA ONDO NANGA PANDA";"Puskesmas Pembantu";;53;"Nusa Tenggara Timur";5308;"Kab. Ende";530801;Nangapanda;0;0;;;;Operasional;Aktif
1219;Pustu;1001374654;1001374654;"PUSTU TENDAMBEPA NANGA PANDA";"Puskesmas Pembantu";;53;"Nusa Tenggara Timur";5308;"Kab. Ende";530801;Nangapanda;0;0;;;;Operasional;Aktif
1220;Pustu;1001375842;1001375842;"PUSTU TETANDARA RUKUN LIMA I";"Puskesmas Pembantu";;53;"Nusa Tenggara Timur";5308;"Kab. Ende";530804;"Ende Selatan";0;0;;;;Operasional;Aktif
1221;Pustu;1001375854;1001375854;"PUSTU TETANDARA RUKUN LIMA II";"Puskesmas Pembantu";;53;"Nusa Tenggara Timur";5308;"Kab. Ende";530804;"Ende Selatan";0;0;;;;Operasional;Aktif
1222;Pustu;1001376846;1001376846;"PUSTU TIMBARIA NANGA PANDA";"Puskesmas Pembantu";;53;"Nusa Tenggara Timur";5308;"Kab. Ende";530801;Nangapanda;0;0;;;;Operasional;Aktif
1223;Pustu;1001379240;1001379240;"PUSTU TOMBERABU II NDETUNDORA";"Puskesmas Pembantu";;53;"Nusa Tenggara Timur";5308;"Kab. Ende";530803;Ende;0;0;;;;Operasional;Aktif
1224;Pustu;1001391133;1001391133;"PUSTU WATUMITE NANGA PANDA";"Puskesmas Pembantu";;53;"Nusa Tenggara Timur";5308;"Kab. Ende";530801;Nangapanda;0;0;;;;Operasional;Aktif
1225;Pustu;1001391200;1001391200;"PUSTU WATUSIPI KOTA RATU";"Puskesmas Pembantu";;53;"Nusa Tenggara Timur";5308;"Kab. Ende";530818;"Ende Utara";0;0;;;;Operasional;Aktif
1226;Pustu;1001393026;1001393026;"PUSTU WOLOGAI DETUSOKO";"Puskesmas Pembantu";;53;"Nusa Tenggara Timur";5308;"Kab. Ende";530806;Detusoko;0;0;;;;Operasional;Aktif
1227;Pustu;1001393038;1001393038;"PUSTU WOLOGAI TENGAH DETUSOKO";"Puskesmas Pembantu";;53;"Nusa Tenggara Timur";5308;"Kab. Ende";530806;Detusoko;0;0;;;;Operasional;Aktif
1228;Pustu;1001393052;1001393052;"PUSTU WOLOLELA A WATUNESO";"Puskesmas Pembantu";;53;"Nusa Tenggara Timur";5308;"Kab. Ende";530812;"Lio Timur";0;0;;;;Operasional;Aktif
1229;Pustu;1001393064;1001393064;"PUSTU WOLOMUKU WATUNGGERE";"Puskesmas Pembantu";;53;"Nusa Tenggara Timur";5308;"Kab. Ende";530815;Detukeli;0;0;;;;Operasional;Aktif
1230;Pustu;1001393088;1001393088;"PUSTU WOLOSOKO WOLO WARU";"Puskesmas Pembantu";;53;"Nusa Tenggara Timur";5308;"Kab. Ende";530808;Wolowaru;0;0;;;;Operasional;Aktif
1231;Pustu;1001393090;1001393090;"PUSTU WOLOTOLO SAGA";"Puskesmas Pembantu";;53;"Nusa Tenggara Timur";5308;"Kab. Ende";530806;Detusoko;0;0;;;;Operasional;Aktif
1232;Pustu;1001393105;1001393105;"PUSTU WOLOTOPO NGALUPOLO";"Puskesmas Pembantu";;53;"Nusa Tenggara Timur";5308;"Kab. Ende";530805;Ndona;0;0;;;;Operasional;Aktif
1233;Pustu;1001263128;1001263128;"PUSTU BEJA LANGA";"Puskesmas Pembantu";;53;"Nusa Tenggara Timur";5309;"Kab. Ngada";530906;Bajawa;0;0;;;;Operasional;Aktif
1234;Pustu;1001447396;1001447396;"PUSTU DADAWEA RADABATA";"Puskesmas Pembantu";;53;"Nusa Tenggara Timur";5309;"Kab. Ngada";530902;Golewa;0;0;;;;Operasional;Aktif
1235;Pustu;1001537763;1001537763;"PUSTU DENATANA TIMUR";"Puskesmas Pembantu";;53;"Nusa Tenggara Timur";5309;"Kab. Ngada";530916;Wolomeze;0;0;;;;Operasional;Aktif
1236;Pustu;1001449928;1001449928;"PUSTU DESA NABELENA INELIKA RAYA";"Puskesmas Pembantu";;53;"Nusa Tenggara Timur";5309;"Kab. Ngada";530915;"Bajawa Utara";0;0;;;;Operasional;Aktif
1237;Pustu;1001449942;1001449942;"PUSTU DESA WOLOLIKA INELIKA RAYA";"Puskesmas Pembantu";;53;"Nusa Tenggara Timur";5309;"Kab. Ngada";530915;"Bajawa Utara";0;0;;;;Operasional;Aktif
1238;Pustu;1001537751;1001537751;"PUSTU EKO ROKA";"Puskesmas Pembantu";;53;"Nusa Tenggara Timur";5309;"Kab. Ngada";530902;Golewa;0;0;;;;Operasional;Aktif
1239;Pustu;1001462736;1001462736;"PUSTU HEAWEA AIMERE";"Puskesmas Pembantu";;53;"Nusa Tenggara Timur";5309;"Kab. Ngada";530901;Aimere;0;0;;;;Operasional;Aktif
1240;Pustu;1001462748;1001462748;"PUSTU HEAWEA ULUWAE RAYA";"Puskesmas Pembantu";;53;"Nusa Tenggara Timur";5309;"Kab. Ngada";530901;Aimere;0;0;;;;Operasional;Aktif
1241;Pustu;1001465130;1001465130;"PUSTU INEGENA WATUKAPU";"Puskesmas Pembantu";;53;"Nusa Tenggara Timur";5309;"Kab. Ngada";530915;"Bajawa Utara";0;0;;;;Operasional;Aktif
1242;Pustu;1001465154;1001465154;"PUSTU INERIE INERIE";"Puskesmas Pembantu";;53;"Nusa Tenggara Timur";5309;"Kab. Ngada";530920;Inerie;0;0;;;;Operasional;Aktif
1243;Pustu;1001321970;1001321970;"PUSTU KEZEWEA LADJA";"Puskesmas Pembantu";;53;"Nusa Tenggara Timur";5309;"Kab. Ngada";530918;"Golewa Selatan";0;0;;;;Operasional;Aktif
1244;Pustu;1001335804;1001335804;"PUSTU LEKOGOKO AIMERE";"Puskesmas Pembantu";;53;"Nusa Tenggara Timur";5309;"Kab. Ngada";530901;Aimere;0;0;;;;Operasional;Aktif
1245;Pustu;1001253408;1001253408;"PUSTU LENGKOSAMBI LENGKOSAMBI";"Puskesmas Pembantu";;53;"Nusa Tenggara Timur";5309;"Kab. Ngada";530909;Riung;0;0;;;;Operasional;Aktif
1246;Pustu;1001269287;1001269287;"PUSTU MAWOKISA AIMERE";"Puskesmas Pembantu";;53;"Nusa Tenggara Timur";5309;"Kab. Ngada";530901;Aimere;0;0;;;;Operasional;Aktif
1247;Pustu;1001283881;1001283881;"PUSTU NGINAMANU SELATAN WATUKAPU";"Puskesmas Pembantu";;53;"Nusa Tenggara Timur";5309;"Kab. Ngada";530916;Wolomeze;0;0;;;;Operasional;Aktif
1248;Pustu;1001296852;1001296852;"PUSTU PAPE SURISINA";"Puskesmas Pembantu";;53;"Nusa Tenggara Timur";5309;"Kab. Ngada";530906;Bajawa;0;0;;;;Operasional;Aktif
1249;Pustu;1001537787;1001537787;"PUSTU PIGA I";"Puskesmas Pembantu";;53;"Nusa Tenggara Timur";5309;"Kab. Ngada";530907;Soa;0;0;;;;Operasional;Aktif
1250;Pustu;1001316365;1001316365;"PUSTU RAKATEDA II MANGULEWA";"Puskesmas Pembantu";;53;"Nusa Tenggara Timur";5309;"Kab. Ngada";530919;"Golewa Barat";0;0;;;;Operasional;Aktif
1251;Pustu;1001537804;1001537804;"PUSTU RIA";"Puskesmas Pembantu";;53;"Nusa Tenggara Timur";5309;"Kab. Ngada";530914;"Riung Barat";0;0;;;;Operasional;Aktif
1252;Pustu;1001320421;1001320421;"PUSTU RIA I MARONGGELA";"Puskesmas Pembantu";;53;"Nusa Tenggara Timur";5309;"Kab. Ngada";530914;"Riung Barat";0;0;;;;Operasional;Aktif
1253;Pustu;1001325653;1001325653;"PUSTU SANGADETO KOELODA";"Puskesmas Pembantu";;53;"Nusa Tenggara Timur";5309;"Kab. Ngada";530902;Golewa;0;0;;;;Operasional;Aktif
1254;Pustu;1001344324;1001344324;"PUSTU SOBO SOA";"Puskesmas Pembantu";;53;"Nusa Tenggara Timur";5309;"Kab. Ngada";530919;"Golewa Barat";0;0;;;;Operasional;Aktif
1255;Pustu;1001359953;1001359953;"PUSTU TADHO LENGKOSAMBI";"Puskesmas Pembantu";;53;"Nusa Tenggara Timur";5309;"Kab. Ngada";530909;Riung;0;0;;;;Operasional;Aktif
1256;Pustu;1001360043;1001360043;"PUSTU TAEN TERONG RAWANGKALO";"Puskesmas Pembantu";;53;"Nusa Tenggara Timur";5309;"Kab. Ngada";530909;Riung;0;0;;;;Operasional;Aktif
1257;Pustu;1001378026;1001378026;"PUSTU TIWORIWU 2 WATUMANU";"Puskesmas Pembantu";;53;"Nusa Tenggara Timur";5309;"Kab. Ngada";530912;Jerebuu;0;0;;;;Operasional;Aktif
1258;Pustu;1001384439;1001384439;"PUSTU TURALOA NATARANDANG";"Puskesmas Pembantu";;53;"Nusa Tenggara Timur";5309;"Kab. Ngada";530916;Wolomeze;0;0;;;;Operasional;Aktif
1259;Pustu;1001537775;1001537775;"PUSTU ULUWAE II";"Puskesmas Pembantu";;53;"Nusa Tenggara Timur";5309;"Kab. Ngada";530915;"Bajawa Utara";0;0;;;;Operasional;Aktif
1260;Pustu;1001386279;1001386279;"PUSTU ULUWAE ULUWAE RAYA";"Puskesmas Pembantu";;53;"Nusa Tenggara Timur";5309;"Kab. Ngada";530915;"Bajawa Utara";0;0;;;;Operasional;Aktif
1261;Pustu;1001387467;1001387467;"PUSTU WAEBELA INERIE";"Puskesmas Pembantu";;53;"Nusa Tenggara Timur";5309;"Kab. Ngada";530920;Inerie;0;0;;;;Operasional;Aktif
1262;Pustu;1001387742;1001387742;"PUSTU WAEWEA ULUWAE RAYA";"Puskesmas Pembantu";;53;"Nusa Tenggara Timur";5309;"Kab. Ngada";530915;"Bajawa Utara";0;0;;;;Operasional;Aktif
1263;Pustu;1001389611;1001389611;"PUSTU WANGKA RAWANGKALO";"Puskesmas Pembantu";;53;"Nusa Tenggara Timur";5309;"Kab. Ngada";530909;Riung;0;0;;;;Operasional;Aktif
1264;Pustu;1001392101;1001392101;"PUSTU WERE RADABATA";"Puskesmas Pembantu";;53;"Nusa Tenggara Timur";5309;"Kab. Ngada";530902;Golewa;0;0;;;;Operasional;Aktif
1265;Pustu;1001537799;1001537799;"PUSTU WOLOMEZE 1";"Puskesmas Pembantu";;53;"Nusa Tenggara Timur";5309;"Kab. Ngada";530914;"Riung Barat";0;0;;;;Operasional;Aktif
1266;Pustu;1001403481;1001403481;"PUSTU 1 GOLO DUKAL LA'O";"Puskesmas Pembantu";;53;"Nusa Tenggara Timur";5310;"Kab. Manggarai";531012;"Langke Rembong";0;0;;;;Operasional;Aktif
1267;Pustu;1001404485;1001404485;"PUSTU 10 TENDA KOTA";"Puskesmas Pembantu";;53;"Nusa Tenggara Timur";5310;"Kab. Manggarai";531012;"Langke Rembong";0;0;;;;Operasional;Aktif
1268;Pustu;1001404540;1001404540;"PUSTU 11 CAREP KOTA";"Puskesmas Pembantu";;53;"Nusa Tenggara Timur";5310;"Kab. Manggarai";531012;"Langke Rembong";0;0;;;;Operasional;Aktif
1269;Pustu;1001404631;1001404631;"PUSTU 13 SATAR TACIK KOTA";"Puskesmas Pembantu";;53;"Nusa Tenggara Timur";5310;"Kab. Manggarai";531012;"Langke Rembong";0;0;;;;Operasional;Aktif
1270;Pustu;1001240968;1001240968;"PUSTU 2 WALI LA'O";"Puskesmas Pembantu";;53;"Nusa Tenggara Timur";5310;"Kab. Manggarai";531012;"Langke Rembong";0;0;;;;Operasional;Aktif
1271;Pustu;1001406275;1001406275;"PUSTU 3 KAROT KOTA";"Puskesmas Pembantu";;53;"Nusa Tenggara Timur";5310;"Kab. Manggarai";531012;"Langke Rembong";0;0;;;;Operasional;Aktif
1272;Pustu;1001408730;1001408730;"PUSTU 6 PAU LA'O";"Puskesmas Pembantu";;53;"Nusa Tenggara Timur";5310;"Kab. Manggarai";531012;"Langke Rembong";0;0;;;;Operasional;Aktif
1273;Pustu;1001409382;1001409382;"PUSTU 7 WASO LA'O";"Puskesmas Pembantu";;53;"Nusa Tenggara Timur";5310;"Kab. Manggarai";531012;"Langke Rembong";0;0;;;;Operasional;Aktif
1274;Pustu;1001417729;1001417729;"PUSTU BAJAK REO";"Puskesmas Pembantu";;53;"Nusa Tenggara Timur";5310;"Kab. Manggarai";531011;Reok;0;0;;;;Operasional;Aktif
1275;Pustu;1001420609;1001420609;"PUSTU BANGKA RUANG NANU";"Puskesmas Pembantu";;53;"Nusa Tenggara Timur";5310;"Kab. Manggarai";531014;"Rahong Utara";0;0;;;;Operasional;Aktif
1276;Pustu;1001420611;1001420611;"PUSTU BANGKA TONGGUR KETANG";"Puskesmas Pembantu";;53;"Nusa Tenggara Timur";5310;"Kab. Manggarai";531015;Lelak;0;0;;;;Operasional;Aktif
1277;Pustu;1001423338;1001423338;"PUSTU BARANG PAGAL";"Puskesmas Pembantu";;53;"Nusa Tenggara Timur";5310;"Kab. Manggarai";531006;Cibal;0;0;;;;Operasional;Aktif
1278;Pustu;1001427736;1001427736;"PUSTU BELANG TURI CANCAR";"Puskesmas Pembantu";;53;"Nusa Tenggara Timur";5310;"Kab. Manggarai";531003;Ruteng;0;0;;;;Operasional;Aktif
1279;Pustu;1001265114;1001265114;"PUSTU BERE WAE CODI";"Puskesmas Pembantu";;53;"Nusa Tenggara Timur";5310;"Kab. Manggarai";531017;"Cibal barat";0;0;;;;Operasional;Aktif
1280;Pustu;1001435018;1001435018;"PUSTU BORIK DINTOR";"Puskesmas Pembantu";;53;"Nusa Tenggara Timur";5310;"Kab. Manggarai";531013;"Satar Mese Barat";0;0;;;;Operasional;Aktif
1281;Pustu;1001445908;1001445908;"PUSTU CIRENG LANGKE MAJOK";"Puskesmas Pembantu";;53;"Nusa Tenggara Timur";5310;"Kab. Manggarai";531018;"Satar Mese Utara";0;0;;;;Operasional;Aktif
1282;Pustu;1001446469;1001446469;"PUSTU COMPANG CIBAL WAE CODI";"Puskesmas Pembantu";;53;"Nusa Tenggara Timur";5310;"Kab. Manggarai";531017;"Cibal barat";0;0;;;;Operasional;Aktif
1283;Pustu;1001456579;1001456579;"PUSTU GELONG KETANG";"Puskesmas Pembantu";;53;"Nusa Tenggara Timur";5310;"Kab. Manggarai";531015;Lelak;0;0;;;;Operasional;Aktif
1284;Pustu;1001458723;1001458723;"PUSTU GOLO WATU BANGKA KENDA";"Puskesmas Pembantu";;53;"Nusa Tenggara Timur";5310;"Kab. Manggarai";531001;"Wae Rii";0;0;;;;Operasional;Aktif
1285;Pustu;1001458735;1001458735;"PUSTU GOLO WOROK CANCAR";"Puskesmas Pembantu";;53;"Nusa Tenggara Timur";5310;"Kab. Manggarai";531003;Ruteng;0;0;;;;Operasional;Aktif
1286;Pustu;1001238501;1001238501;"PUSTU KOAK LANGGO";"Puskesmas Pembantu";;53;"Nusa Tenggara Timur";5310;"Kab. Manggarai";531005;"Satar Mese";0;0;;;;Operasional;Aktif
1287;Pustu;1001239361;1001239361;"PUSTU KOLE LANGKE MAJOK";"Puskesmas Pembantu";;53;"Nusa Tenggara Timur";5310;"Kab. Manggarai";531018;"Satar Mese Utara";0;0;;;;Operasional;Aktif
1288;Pustu;1001246924;1001246924;"PUSTU LADUR BEA MESE";"Puskesmas Pembantu";;53;"Nusa Tenggara Timur";5310;"Kab. Manggarai";531006;Cibal;0;0;;;;Operasional;Aktif
1289;Pustu;1001250731;1001250731;"PUSTU LATUNG WAE CODI";"Puskesmas Pembantu";;53;"Nusa Tenggara Timur";5310;"Kab. Manggarai";531017;"Cibal barat";0;0;;;;Operasional;Aktif
1290;Pustu;1001336561;1001336561;"PUSTU LENDA WAE CODI";"Puskesmas Pembantu";;53;"Nusa Tenggara Timur";5310;"Kab. Manggarai";531017;"Cibal barat";0;0;;;;Operasional;Aktif
1291;Pustu;1001253434;1001253434;"PUSTU LENTANG KETANG";"Puskesmas Pembantu";;53;"Nusa Tenggara Timur";5310;"Kab. Manggarai";531015;Lelak;0;0;;;;Operasional;Aktif
1292;Pustu;1001254347;1001254347;"PUSTU LIANG BUA WANGKO";"Puskesmas Pembantu";;53;"Nusa Tenggara Timur";5310;"Kab. Manggarai";531014;"Rahong Utara";0;0;;;;Operasional;Aktif
1293;Pustu;1001257909;1001257909;"PUSTU LONGKO TIMUNG";"Puskesmas Pembantu";;53;"Nusa Tenggara Timur";5310;"Kab. Manggarai";531001;"Wae Rii";0;0;;;;Operasional;Aktif
1294;Pustu;1001260267;1001260267;"PUSTU LUNGAR PONGGEOK";"Puskesmas Pembantu";;53;"Nusa Tenggara Timur";5310;"Kab. Manggarai";531005;"Satar Mese";0;0;;;;Operasional;Aktif
1295;Pustu;1001265188;1001265188;"PUSTU MANONG WANGKO";"Puskesmas Pembantu";;53;"Nusa Tenggara Timur";5310;"Kab. Manggarai";531014;"Rahong Utara";0;0;;;;Operasional;Aktif
1296;Pustu;1001364142;1001364142;"PUSTU NGGALAK WAE KAJONG";"Puskesmas Pembantu";;53;"Nusa Tenggara Timur";5310;"Kab. Manggarai";531016;"Reok Barat";0;0;;;;Operasional;Aktif
1297;Pustu;1001285073;1001285073;"PUSTU NUCA MOLAS DINTOR";"Puskesmas Pembantu";;53;"Nusa Tenggara Timur";5310;"Kab. Manggarai";531013;"Satar Mese Barat";0;0;;;;Operasional;Aktif
1298;Pustu;1001296979;1001296979;"PUSTU PARA LANDO WAE KAJONG";"Puskesmas Pembantu";;53;"Nusa Tenggara Timur";5310;"Kab. Manggarai";531016;"Reok Barat";0;0;;;;Operasional;Aktif
1299;Pustu;1001308356;1001308356;"PUSTU PINGGANG BEA MESE";"Puskesmas Pembantu";;53;"Nusa Tenggara Timur";5310;"Kab. Manggarai";531006;Cibal;0;0;;;;Operasional;Aktif
1300;Pustu;1001309489;1001309489;"PUSTU POCO WATU ALO";"Puskesmas Pembantu";;53;"Nusa Tenggara Timur";5310;"Kab. Manggarai";531001;"Wae Rii";0;0;;;;Operasional;Aktif
1301;Pustu;1001310660;1001310660;"PUSTU PONG LENGOR NANU";"Puskesmas Pembantu";;53;"Nusa Tenggara Timur";5310;"Kab. Manggarai";531014;"Rahong Utara";0;0;;;;Operasional;Aktif
1302;Pustu;1001310945;1001310945;"PUSTU PONGKOR PONGGEOK";"Puskesmas Pembantu";;53;"Nusa Tenggara Timur";5310;"Kab. Manggarai";531005;"Satar Mese";0;0;;;;Operasional;Aktif
1303;Pustu;1001315971;1001315971;"PUSTU RADO PAGAL";"Puskesmas Pembantu";;53;"Nusa Tenggara Timur";5310;"Kab. Manggarai";531006;Cibal;0;0;;;;Operasional;Aktif
1304;Pustu;1001316987;1001316987;"PUSTU RANAKA TIMUNG";"Puskesmas Pembantu";;53;"Nusa Tenggara Timur";5310;"Kab. Manggarai";531001;"Wae Rii";0;0;;;;Operasional;Aktif
1305;Pustu;1001320031;1001320031;"PUSTU RENDA TODO";"Puskesmas Pembantu";;53;"Nusa Tenggara Timur";5310;"Kab. Manggarai";531018;"Satar Mese Utara";0;0;;;;Operasional;Aktif
1306;Pustu;1001321255;1001321255;"PUSTU RIUNG PAGAL";"Puskesmas Pembantu";;53;"Nusa Tenggara Timur";5310;"Kab. Manggarai";531006;Cibal;0;0;;;;Operasional;Aktif
1307;Pustu;1001321308;1001321308;"PUSTU ROBEK REO";"Puskesmas Pembantu";;53;"Nusa Tenggara Timur";5310;"Kab. Manggarai";531011;Reok;0;0;;;;Operasional;Aktif
1308;Pustu;1001321645;1001321645;"PUSTU RUIS REO";"Puskesmas Pembantu";;53;"Nusa Tenggara Timur";5310;"Kab. Manggarai";531011;Reok;0;0;;;;Operasional;Aktif
1309;Pustu;1001322120;1001322120;"PUSTU RURA LOCE";"Puskesmas Pembantu";;53;"Nusa Tenggara Timur";5310;"Kab. Manggarai";531016;"Reok Barat";0;0;;;;Operasional;Aktif
1310;Pustu;1001396810;1001396810;"PUSTU SATAR LENDA DINTOR";"Puskesmas Pembantu";;53;"Nusa Tenggara Timur";5310;"Kab. Manggarai";531013;"Satar Mese Barat";0;0;;;;Operasional;Aktif
1311;Pustu;1001396822;1001396822;"PUSTU SATAR LUJU DINTOR";"Puskesmas Pembantu";;53;"Nusa Tenggara Timur";5310;"Kab. Manggarai";531013;"Satar Mese Barat";0;0;;;;Operasional;Aktif
1312;Pustu;1001401081;1001401081;"PUSTU TENGKU LESE NANU";"Puskesmas Pembantu";;53;"Nusa Tenggara Timur";5310;"Kab. Manggarai";531014;"Rahong Utara";0;0;;;;Operasional;Aktif
1313;Pustu;1001376872;1001376872;"PUSTU TIMBU WAE CODI";"Puskesmas Pembantu";;53;"Nusa Tenggara Timur";5310;"Kab. Manggarai";531017;"Cibal barat";0;0;;;;Operasional;Aktif
1314;Pustu;1001378698;1001378698;"PUSTU TOE LOCE";"Puskesmas Pembantu";;53;"Nusa Tenggara Timur";5310;"Kab. Manggarai";531016;"Reok Barat";0;0;;;;Operasional;Aktif
1315;Pustu;1001380134;1001380134;"PUSTU TORONG KOE LOCE";"Puskesmas Pembantu";;53;"Nusa Tenggara Timur";5310;"Kab. Manggarai";531016;"Reok Barat";0;0;;;;Operasional;Aktif
1316;Pustu;1001386906;1001386906;"PUSTU URANG KETANG";"Puskesmas Pembantu";;53;"Nusa Tenggara Timur";5310;"Kab. Manggarai";531015;Lelak;0;0;;;;Operasional;Aktif
1317;Pustu;1001387417;1001387417;"PUSTU WAE MULU BANGKA KENDA";"Puskesmas Pembantu";;53;"Nusa Tenggara Timur";5310;"Kab. Manggarai";531001;"Wae Rii";0;0;;;;Operasional;Aktif
1318;Pustu;1001387429;1001387429;"PUSTU WAE RENCA WAE CODI";"Puskesmas Pembantu";;53;"Nusa Tenggara Timur";5310;"Kab. Manggarai";531017;"Cibal barat";0;0;;;;Operasional;Aktif
1319;Pustu;1001387431;1001387431;"PUSTU WAE RII TIMUNG";"Puskesmas Pembantu";;53;"Nusa Tenggara Timur";5310;"Kab. Manggarai";531001;"Wae Rii";0;0;;;;Operasional;Aktif
1320;Pustu;1001394654;1001394654;"PUSTU WUDI PAGAL";"Puskesmas Pembantu";;53;"Nusa Tenggara Timur";5310;"Kab. Manggarai";531006;Cibal;0;0;;;;Operasional;Aktif
1321;Pustu;1001406249;1001406249;"PUSTU 3 KAMBANIRU KAMBANIRU";"Puskesmas Pembantu";;53;"Nusa Tenggara Timur";5311;"Kab. Sumba Timur";531116;Kambera;0;0;;;;Operasional;Aktif
1322;Pustu;1001409162;1001409162;"PUSTU 7 LAMBANAPU KAMBANIRU";"Puskesmas Pembantu";;53;"Nusa Tenggara Timur";5311;"Kab. Sumba Timur";531116;Kambera;0;0;;;;Operasional;Aktif
1323;Pustu;1001430630;1001430630;"PUSTU BIDIPRAING LEWA TIDAHU";"Puskesmas Pembantu";;53;"Nusa Tenggara Timur";5311;"Kab. Sumba Timur";531118;"Lewa Tidahu";0;0;;;;Operasional;Aktif
1324;Pustu;1001461483;1001461483;"PUSTU HAIKATAPU TANARAING";"Puskesmas Pembantu";;53;"Nusa Tenggara Timur";5311;"Kab. Sumba Timur";531109;Rindi;0;0;;;;Operasional;Aktif
1325;Pustu;1001461641;1001461641;"PUSTU HAMBAPRAING KANATANG";"Puskesmas Pembantu";;53;"Nusa Tenggara Timur";5311;"Kab. Sumba Timur";531120;Kanatang;0;0;;;;Operasional;Aktif
1326;Pustu;1001461677;1001461677;"PUSTU HAMBAWUTANG NGADU NGALA";"Puskesmas Pembantu";;53;"Nusa Tenggara Timur";5311;"Kab. Sumba Timur";531121;"Ngadu Ngala";0;0;;;;Operasional;Aktif
1327;Pustu;1001461835;1001461835;"PUSTU HANGGARORU TANARAING";"Puskesmas Pembantu";;53;"Nusa Tenggara Timur";5311;"Kab. Sumba Timur";531109;Rindi;0;0;;;;Operasional;Aktif
1328;Pustu;1001462372;1001462372;"PUSTU HARAY MAHU";"Puskesmas Pembantu";;53;"Nusa Tenggara Timur";5311;"Kab. Sumba Timur";531122;Mahu;0;0;;;;Operasional;Aktif
1329;Pustu;1001466471;1001466471;"PUSTU JANGGAMANGU NGGONGI";"Puskesmas Pembantu";;53;"Nusa Tenggara Timur";5311;"Kab. Sumba Timur";531113;Karera;0;0;;;;Operasional;Aktif
1330;Pustu;1001469916;1001469916;"PUSTU KABANDA NGADU NGALA";"Puskesmas Pembantu";;53;"Nusa Tenggara Timur";5311;"Kab. Sumba Timur";531121;"Ngadu Ngala";0;0;;;;Operasional;Aktif
1331;Pustu;1001470240;1001470240;"PUSTU KADAHANG RAMBANGARU";"Puskesmas Pembantu";;53;"Nusa Tenggara Timur";5311;"Kab. Sumba Timur";531102;Haharu;0;0;;;;Operasional;Aktif
1332;Pustu;1001470812;1001470812;"PUSTU KAKAHA NGADU NGALA";"Puskesmas Pembantu";;53;"Nusa Tenggara Timur";5311;"Kab. Sumba Timur";531121;"Ngadu Ngala";0;0;;;;Operasional;Aktif
1333;Pustu;1001470989;1001470989;"PUSTU KALAMBA RAMBANGARU";"Puskesmas Pembantu";;53;"Nusa Tenggara Timur";5311;"Kab. Sumba Timur";531102;Haharu;0;0;;;;Operasional;Aktif
1334;Pustu;1001473187;1001473187;"PUSTU KAMBATABUNDUNG KATAKA";"Puskesmas Pembantu";;53;"Nusa Tenggara Timur";5311;"Kab. Sumba Timur";531114;"Kahaungu Eti";0;0;;;;Operasional;Aktif
1335;Pustu;1001477432;1001477432;"PUSTU KARERA JANGGA KANANGGAR";"Puskesmas Pembantu";;53;"Nusa Tenggara Timur";5311;"Kab. Sumba Timur";531112;Paberiwai;0;0;;;;Operasional;Aktif
1336;Pustu;1001478620;1001478620;"PUSTU KATAKA KATAKA";"Puskesmas Pembantu";;53;"Nusa Tenggara Timur";5311;"Kab. Sumba Timur";531114;"Kahaungu Eti";0;0;;;;Operasional;Aktif
1337;Pustu;1001478747;1001478747;"PUSTU KATIKU LUKU TANARARA";"Puskesmas Pembantu";;53;"Nusa Tenggara Timur";5311;"Kab. Sumba Timur";531115;"Matawai La Pawu";0;0;;;;Operasional;Aktif
1338;Pustu;1001478759;1001478759;"PUSTU KATIKU WAI TANARARA";"Puskesmas Pembantu";;53;"Nusa Tenggara Timur";5311;"Kab. Sumba Timur";531115;"Matawai La Pawu";0;0;;;;Operasional;Aktif
1339;Pustu;1001478761;1001478761;"PUSTU KATIKUTANA TANARARA";"Puskesmas Pembantu";;53;"Nusa Tenggara Timur";5311;"Kab. Sumba Timur";531115;"Matawai La Pawu";0;0;;;;Operasional;Aktif
1340;Pustu;1001239828;1001239828;"PUSTU KONDAMARA LEWA";"Puskesmas Pembantu";;53;"Nusa Tenggara Timur";5311;"Kab. Sumba Timur";531103;Lewa;0;0;;;;Operasional;Aktif
1341;Pustu;1001240360;1001240360;"PUSTU KOTA KAWAU KATAKA";"Puskesmas Pembantu";;53;"Nusa Tenggara Timur";5311;"Kab. Sumba Timur";531114;"Kahaungu Eti";0;0;;;;Operasional;Aktif
1342;Pustu;1001245061;1001245061;"PUSTU KUTA KANATANG";"Puskesmas Pembantu";;53;"Nusa Tenggara Timur";5311;"Kab. Sumba Timur";531120;Kanatang;0;0;;;;Operasional;Aktif
1343;Pustu;1001247291;1001247291;"PUSTU LAHIRU MAHU";"Puskesmas Pembantu";;53;"Nusa Tenggara Timur";5311;"Kab. Sumba Timur";531122;Mahu;0;0;;;;Operasional;Aktif
1344;Pustu;1001247356;1001247356;"PUSTU LAIHAU LEWA TIDAHU";"Puskesmas Pembantu";;53;"Nusa Tenggara Timur";5311;"Kab. Sumba Timur";531118;"Lewa Tidahu";0;0;;;;Operasional;Aktif
1345;Pustu;1001247382;1001247382;"PUSTU LAILANJANG TANARAING";"Puskesmas Pembantu";;53;"Nusa Tenggara Timur";5311;"Kab. Sumba Timur";531109;Rindi;0;0;;;;Operasional;Aktif
1346;Pustu;1001247394;1001247394;"PUSTU LAILUNGGI LAILUNGGI";"Puskesmas Pembantu";;53;"Nusa Tenggara Timur";5311;"Kab. Sumba Timur";531106;"Pinu Pahar";0;0;;;;Operasional;Aktif
1347;Pustu;1001247409;1001247409;"PUSTU LAIMBONGA KATAKA";"Puskesmas Pembantu";;53;"Nusa Tenggara Timur";5311;"Kab. Sumba Timur";531114;"Kahaungu Eti";0;0;;;;Operasional;Aktif
1348;Pustu;1001247411;1001247411;"PUSTU LAIMETA KAMBATA MAPAMBUHANG";"Puskesmas Pembantu";;53;"Nusa Tenggara Timur";5311;"Kab. Sumba Timur";531117;"Kambata Mapambuhang";0;0;;;;Operasional;Aktif
1349;Pustu;1001247423;1001247423;"PUSTU LAINDEHA KAWANGU";"Puskesmas Pembantu";;53;"Nusa Tenggara Timur";5311;"Kab. Sumba Timur";531107;Pandawai;0;0;;;;Operasional;Aktif
1350;Pustu;1001247461;1001247461;"PUSTU LAINJANJI BAING";"Puskesmas Pembantu";;53;"Nusa Tenggara Timur";5311;"Kab. Sumba Timur";531111;"Wulla Waijelu";0;0;;;;Operasional;Aktif
1351;Pustu;1001247485;1001247485;"PUSTU LAIPANDAK BAING";"Puskesmas Pembantu";;53;"Nusa Tenggara Timur";5311;"Kab. Sumba Timur";531111;"Wulla Waijelu";0;0;;;;Operasional;Aktif
1352;Pustu;1001247497;1001247497;"PUSTU LAIRURU MELOLO";"Puskesmas Pembantu";;53;"Nusa Tenggara Timur";5311;"Kab. Sumba Timur";531108;Umalulu;0;0;;;;Operasional;Aktif
1353;Pustu;1001248453;1001248453;"PUSTU LAMBAKARA MANGILI";"Puskesmas Pembantu";;53;"Nusa Tenggara Timur";5311;"Kab. Sumba Timur";531110;"Pahunga Lodu";0;0;;;;Operasional;Aktif
1354;Pustu;1001250640;1001250640;"PUSTU LATENA BAING";"Puskesmas Pembantu";;53;"Nusa Tenggara Timur";5311;"Kab. Sumba Timur";531111;"Wulla Waijelu";0;0;;;;Operasional;Aktif
1355;Pustu;1001259749;1001259749;"PUSTU LUKUKAMARU PAMBOTA NJARA";"Puskesmas Pembantu";;53;"Nusa Tenggara Timur";5311;"Kab. Sumba Timur";531101;"Kota Waingapu";0;0;;;;Operasional;Aktif
1356;Pustu;1001259775;1001259775;"PUSTU LULUNDILU MAHU";"Puskesmas Pembantu";;53;"Nusa Tenggara Timur";5311;"Kab. Sumba Timur";531122;Mahu;0;0;;;;Operasional;Aktif
1357;Pustu;1001261209;1001261209;"PUSTU MAHANIWA LAILUNGGI";"Puskesmas Pembantu";;53;"Nusa Tenggara Timur";5311;"Kab. Sumba Timur";531106;"Pinu Pahar";0;0;;;;Operasional;Aktif
1358;Pustu;1001261273;1001261273;"PUSTU MAHUBOKUL KAMBATA MAPAMBUHANG";"Puskesmas Pembantu";;53;"Nusa Tenggara Timur";5311;"Kab. Sumba Timur";531117;"Kambata Mapambuhang";0;0;;;;Operasional;Aktif
1359;Pustu;1001343899;1001343899;"PUSTU MAIDANG KAMBATA MAPAMBUHANG";"Puskesmas Pembantu";;53;"Nusa Tenggara Timur";5311;"Kab. Sumba Timur";531117;"Kambata Mapambuhang";0;0;;;;Operasional;Aktif
1360;Pustu;1001261766;1001261766;"PUSTU MAKAMENGGIT NGGOA";"Puskesmas Pembantu";;53;"Nusa Tenggara Timur";5311;"Kab. Sumba Timur";531104;"Nggaha Ori Angu";0;0;;;;Operasional;Aktif
1361;Pustu;1001263805;1001263805;"PUSTU MANDAHU KOMBAPARI";"Puskesmas Pembantu";;53;"Nusa Tenggara Timur";5311;"Kab. Sumba Timur";531119;"Katala Hamu Lingu";0;0;;;;Operasional;Aktif
1362;Pustu;1001265736;1001265736;"PUSTU MARADA MUNDI KAMBATA MAPAMBUHANG";"Puskesmas Pembantu";;53;"Nusa Tenggara Timur";5311;"Kab. Sumba Timur";531117;"Kambata Mapambuhang";0;0;;;;Operasional;Aktif
1363;Pustu;1001268556;1001268556;"PUSTU MATAWAI MARINGGU KATAKA";"Puskesmas Pembantu";;53;"Nusa Tenggara Timur";5311;"Kab. Sumba Timur";531114;"Kahaungu Eti";0;0;;;;Operasional;Aktif
1364;Pustu;1001269079;1001269079;"PUSTU MAUBOKUL KAWANGU";"Puskesmas Pembantu";;53;"Nusa Tenggara Timur";5311;"Kab. Sumba Timur";531107;Pandawai;0;0;;;;Operasional;Aktif
1365;Pustu;1001269122;1001269122;"PUSTU MAURAMBA KATAKA";"Puskesmas Pembantu";;53;"Nusa Tenggara Timur";5311;"Kab. Sumba Timur";531114;"Kahaungu Eti";0;0;;;;Operasional;Aktif
1366;Pustu;1001269483;1001269483;"PUSTU MBATAKAPIDU WAINGAPU";"Puskesmas Pembantu";;53;"Nusa Tenggara Timur";5311;"Kab. Sumba Timur";531101;"Kota Waingapu";0;0;;;;Operasional;Aktif
1367;Pustu;1001269495;1001269495;"PUSTU MBATAPUHU RAMBANGARU";"Puskesmas Pembantu";;53;"Nusa Tenggara Timur";5311;"Kab. Sumba Timur";531102;Haharu;0;0;;;;Operasional;Aktif
1368;Pustu;1001351406;1001351406;"PUSTU MBURUKULU MANGILI";"Puskesmas Pembantu";;53;"Nusa Tenggara Timur";5311;"Kab. Sumba Timur";531110;"Pahunga Lodu";0;0;;;;Operasional;Aktif
1369;Pustu;1001269873;1001269873;"PUSTU MEHANG MATA KANANGGAR";"Puskesmas Pembantu";;53;"Nusa Tenggara Timur";5311;"Kab. Sumba Timur";531112;Paberiwai;0;0;;;;Operasional;Aktif
1370;Pustu;1001273501;1001273501;"PUSTU MEURUMBA KATAKA";"Puskesmas Pembantu";;53;"Nusa Tenggara Timur";5311;"Kab. Sumba Timur";531114;"Kahaungu Eti";0;0;;;;Operasional;Aktif
1371;Pustu;1001275028;1001275028;"PUSTU MONDU KANATANG";"Puskesmas Pembantu";;53;"Nusa Tenggara Timur";5311;"Kab. Sumba Timur";531120;Kanatang;0;0;;;;Operasional;Aktif
1372;Pustu;1001281510;1001281510;"PUSTU NAPU RAMBANGARU";"Puskesmas Pembantu";;53;"Nusa Tenggara Timur";5311;"Kab. Sumba Timur";531102;Haharu;0;0;;;;Operasional;Aktif
1373;Pustu;1001362261;1001362261;"PUSTU NDAPAYAMI KANATANG";"Puskesmas Pembantu";;53;"Nusa Tenggara Timur";5311;"Kab. Sumba Timur";531120;Kanatang;0;0;;;;Operasional;Aktif
1374;Pustu;1001283219;1001283219;"PUSTU NGARU KANORU MELOLO";"Puskesmas Pembantu";;53;"Nusa Tenggara Timur";5311;"Kab. Sumba Timur";531108;Umalulu;0;0;;;;Operasional;Aktif
1375;Pustu;1001288532;1001288532;"PUSTU PABERA MANERA KANANGGAR";"Puskesmas Pembantu";;53;"Nusa Tenggara Timur";5311;"Kab. Sumba Timur";531112;Paberiwai;0;0;;;;Operasional;Aktif
1376;Pustu;1001292026;1001292026;"PUSTU PALAKA HEMBI KAWANGU";"Puskesmas Pembantu";;53;"Nusa Tenggara Timur";5311;"Kab. Sumba Timur";531107;Pandawai;0;0;;;;Operasional;Aktif
1377;Pustu;1001371999;1001371999;"PUSTU PAMBURU MANGILI";"Puskesmas Pembantu";;53;"Nusa Tenggara Timur";5311;"Kab. Sumba Timur";531110;"Pahunga Lodu";0;0;;;;Operasional;Aktif
1378;Pustu;1001300328;1001300328;"PUSTU PATAMAWAI MAHU";"Puskesmas Pembantu";;53;"Nusa Tenggara Timur";5311;"Kab. Sumba Timur";531122;Mahu;0;0;;;;Operasional;Aktif
1379;Pustu;1001300392;1001300392;"PUSTU PATAWANG MELOLO";"Puskesmas Pembantu";;53;"Nusa Tenggara Timur";5311;"Kab. Sumba Timur";531108;Umalulu;0;0;;;;Operasional;Aktif
1380;Pustu;1001308318;1001308318;"PUSTU PINDU HURANI MALAHAR";"Puskesmas Pembantu";;53;"Nusa Tenggara Timur";5311;"Kab. Sumba Timur";531105;Tabundung;0;0;;;;Operasional;Aktif
1381;Pustu;1001311444;1001311444;"PUSTU PRAIBAKUL KOMBAPARI";"Puskesmas Pembantu";;53;"Nusa Tenggara Timur";5311;"Kab. Sumba Timur";531119;"Katala Hamu Lingu";0;0;;;;Operasional;Aktif
1382;Pustu;1001311456;1001311456;"PUSTU PRAIMBANA KANANGGAR";"Puskesmas Pembantu";;53;"Nusa Tenggara Timur";5311;"Kab. Sumba Timur";531112;Paberiwai;0;0;;;;Operasional;Aktif
1383;Pustu;1001311468;1001311468;"PUSTU PRAING KAREHA MALAHAR";"Puskesmas Pembantu";;53;"Nusa Tenggara Timur";5311;"Kab. Sumba Timur";531105;Tabundung;0;0;;;;Operasional;Aktif
1384;Pustu;1001311470;1001311470;"PUSTU PRAIPAHA NGGOA";"Puskesmas Pembantu";;53;"Nusa Tenggara Timur";5311;"Kab. Sumba Timur";531104;"Nggaha Ori Angu";0;0;;;;Operasional;Aktif
1385;Pustu;1001311482;1001311482;"PUSTU PRAISALURA NGGONGI";"Puskesmas Pembantu";;53;"Nusa Tenggara Timur";5311;"Kab. Sumba Timur";531113;Karera;0;0;;;;Operasional;Aktif
1386;Pustu;1001313806;1001313806;"PUSTU PULU PANJANG NGGOA";"Puskesmas Pembantu";;53;"Nusa Tenggara Timur";5311;"Kab. Sumba Timur";531104;"Nggaha Ori Angu";0;0;;;;Operasional;Aktif
1387;Pustu;1001316377;1001316377;"PUSTU RAKAWATU LEWA";"Puskesmas Pembantu";;53;"Nusa Tenggara Timur";5311;"Kab. Sumba Timur";531103;Lewa;0;0;;;;Operasional;Aktif
1388;Pustu;1001316884;1001316884;"PUSTU RAMUK LAILUNGGI";"Puskesmas Pembantu";;53;"Nusa Tenggara Timur";5311;"Kab. Sumba Timur";531106;"Pinu Pahar";0;0;;;;Operasional;Aktif
1389;Pustu;1001320940;1001320940;"PUSTU RINDI TANARAING";"Puskesmas Pembantu";;53;"Nusa Tenggara Timur";5311;"Kab. Sumba Timur";531109;Rindi;0;0;;;;Operasional;Aktif
1390;Pustu;1001363382;1001363382;"PUSTU TAMBURI TANARAING";"Puskesmas Pembantu";;53;"Nusa Tenggara Timur";5311;"Kab. Sumba Timur";531109;Rindi;0;0;;;;Operasional;Aktif
1391;Pustu;1001363473;1001363473;"PUSTU TAMMA MANGILI";"Puskesmas Pembantu";;53;"Nusa Tenggara Timur";5311;"Kab. Sumba Timur";531110;"Pahunga Lodu";0;0;;;;Operasional;Aktif
1392;Pustu;1001364477;1001364477;"PUSTU TANDULA JANGGA NGGOA";"Puskesmas Pembantu";;53;"Nusa Tenggara Timur";5311;"Kab. Sumba Timur";531104;"Nggaha Ori Angu";0;0;;;;Operasional;Aktif
1393;Pustu;1001369867;1001369867;"PUSTU TARIMBANG BANGGAWATU";"Puskesmas Pembantu";;53;"Nusa Tenggara Timur";5311;"Kab. Sumba Timur";531105;Tabundung;0;0;;;;Operasional;Aktif
1394;Pustu;1001386308;1001386308;"PUSTU UMALULU MELOLO";"Puskesmas Pembantu";;53;"Nusa Tenggara Timur";5311;"Kab. Sumba Timur";531108;Umalulu;0;0;;;;Operasional;Aktif
1395;Pustu;1001386310;1001386310;"PUSTU UMAMANU LEWA TIDAHU";"Puskesmas Pembantu";;53;"Nusa Tenggara Timur";5311;"Kab. Sumba Timur";531118;"Lewa Tidahu";0;0;;;;Operasional;Aktif
1396;Pustu;1001387845;1001387845;"PUSTU WAHANG LAILUNGGI";"Puskesmas Pembantu";;53;"Nusa Tenggara Timur";5311;"Kab. Sumba Timur";531106;"Pinu Pahar";0;0;;;;Operasional;Aktif
1397;Pustu;1001388083;1001388083;"PUSTU WAIKANABU MALAHAR";"Puskesmas Pembantu";;53;"Nusa Tenggara Timur";5311;"Kab. Sumba Timur";531105;Tabundung;0;0;;;;Operasional;Aktif
1398;Pustu;1001389556;1001389556;"PUSTU WANGA MELOLO";"Puskesmas Pembantu";;53;"Nusa Tenggara Timur";5311;"Kab. Sumba Timur";531108;Umalulu;0;0;;;;Operasional;Aktif
1399;Pustu;1001391066;1001391066;"PUSTU WATUHADANG MELOLO";"Puskesmas Pembantu";;53;"Nusa Tenggara Timur";5311;"Kab. Sumba Timur";531108;Umalulu;0;0;;;;Operasional;Aktif
1400;Pustu;1001394783;1001394783;"PUSTU WUNGA RAMBANGARU";"Puskesmas Pembantu";;53;"Nusa Tenggara Timur";5311;"Kab. Sumba Timur";531102;Haharu;0;0;;;;Operasional;Aktif
1401;Pustu;1001418955;1001418955;"PUSTU BALI LEDO TANARARA";"Puskesmas Pembantu";;53;"Nusa Tenggara Timur";5312;"Kab. Sumba Barat";531210;Loli;0;0;;;;Operasional;Aktif
1402;Pustu;1001450587;1001450587;"PUSTU DOKA KAKA TANARARA";"Puskesmas Pembantu";;53;"Nusa Tenggara Timur";5312;"Kab. Sumba Barat";531210;Loli;0;0;;;;Operasional;Aktif
1403;Pustu;1001300512;1001300512;"PUSTU PATIALA DETE GAURA";"Puskesmas Pembantu";;53;"Nusa Tenggara Timur";5312;"Kab. Sumba Barat";531218;"Laboya Barat";0;0;;;;Operasional;Aktif
1404;Pustu;1001391858;1001391858;"PUSTU WEE TANA GAURA";"Puskesmas Pembantu";;53;"Nusa Tenggara Timur";5312;"Kab. Sumba Barat";531218;"Laboya Barat";0;0;;;;Operasional;Aktif
1405;Pustu;1001395907;1001395907;"PUSTU ZALA KADU LOLO WANO";"Puskesmas Pembantu";;53;"Nusa Tenggara Timur";5312;"Kab. Sumba Barat";531204;"Tana Righu";0;0;;;;Operasional;Aktif
1406;Pustu;1001413008;1001413008;"PUSTU AMAKAKA WAIPUKANG";"Puskesmas Pembantu";;53;"Nusa Tenggara Timur";5313;"Kab. Lembata";531303;"Ile Ape";0;0;;;;Operasional;Aktif
1407;Pustu;1001415953;1001415953;"PUSTU AULESA LAMAAU";"Puskesmas Pembantu";;53;"Nusa Tenggara Timur";5313;"Kab. Lembata";531309;"Ile Ape Timur";0;0;;;;Operasional;Aktif
1408;Pustu;1001421433;1001421433;"PUSTU BANITOBO HADAKEWA";"Puskesmas Pembantu";;53;"Nusa Tenggara Timur";5313;"Kab. Lembata";531304;Lebatukan;0;0;;;;Operasional;Aktif
1409;Pustu;1001423120;1001423120;"PUSTU BAOPANA HADAKEWA";"Puskesmas Pembantu";;53;"Nusa Tenggara Timur";5313;"Kab. Lembata";531304;Lebatukan;0;0;;;;Operasional;Aktif
1410;Pustu;1001423510;1001423510;"PUSTU BARENG WAIRIANG";"Puskesmas Pembantu";;53;"Nusa Tenggara Timur";5313;"Kab. Lembata";531307;Buyasuri;0;0;;;;Operasional;Aktif
1411;Pustu;1001427152;1001427152;"PUSTU BEAN BEAN";"Puskesmas Pembantu";;53;"Nusa Tenggara Timur";5313;"Kab. Lembata";531307;Buyasuri;0;0;;;;Operasional;Aktif
1412;Pustu;1001428194;1001428194;"PUSTU BELOBAO WULANDONI";"Puskesmas Pembantu";;53;"Nusa Tenggara Timur";5313;"Kab. Lembata";531308;Wulandoni;0;0;;;;Operasional;Aktif
1413;Pustu;1001428869;1001428869;"PUSTU BENIHADING I BEAN";"Puskesmas Pembantu";;53;"Nusa Tenggara Timur";5313;"Kab. Lembata";531307;Buyasuri;0;0;;;;Operasional;Aktif
1414;Pustu;1001433577;1001433577;"PUSTU BOLI BEAN LOANG";"Puskesmas Pembantu";;53;"Nusa Tenggara Timur";5313;"Kab. Lembata";531301;"Naga Wutung";0;0;;;;Operasional;Aktif
1415;Pustu;1001451098;1001451098;"PUSTU DORI PEWUT WAIKNUIT";"Puskesmas Pembantu";;53;"Nusa Tenggara Timur";5313;"Kab. Lembata";531302;Atadei;0;0;;;;Operasional;Aktif
1416;Pustu;1001451763;1001451763;"PUSTU DULIR WAIKNUIT";"Puskesmas Pembantu";;53;"Nusa Tenggara Timur";5313;"Kab. Lembata";531302;Atadei;0;0;;;;Operasional;Aktif
1417;Pustu;1001451775;1001451775;"PUSTU DULITUKAN WAIPUKANG";"Puskesmas Pembantu";;53;"Nusa Tenggara Timur";5313;"Kab. Lembata";531303;"Ile Ape";0;0;;;;Operasional;Aktif
1418;Pustu;1001464502;1001464502;"PUSTU IDALOLONG LOANG";"Puskesmas Pembantu";;53;"Nusa Tenggara Timur";5313;"Kab. Lembata";531301;"Naga Wutung";0;0;;;;Operasional;Aktif
1419;Pustu;1001331999;1001331999;"PUSTU LAMALERA A WULANDONI";"Puskesmas Pembantu";;53;"Nusa Tenggara Timur";5313;"Kab. Lembata";531308;Wulandoni;0;0;;;;Operasional;Aktif
1420;Pustu;1001253678;1001253678;"PUSTU LEREK WAIKNUIT";"Puskesmas Pembantu";;53;"Nusa Tenggara Timur";5313;"Kab. Lembata";531302;Atadei;0;0;;;;Operasional;Aktif
1421;Pustu;1001254244;1001254244;"PUSTU LEWORAJA WULANDONI";"Puskesmas Pembantu";;53;"Nusa Tenggara Timur";5313;"Kab. Lembata";531308;Wulandoni;0;0;;;;Operasional;Aktif
1422;Pustu;1001339551;1001339551;"PUSTU LODOTODOKOWA HADAKEWA";"Puskesmas Pembantu";;53;"Nusa Tenggara Timur";5313;"Kab. Lembata";531304;Lebatukan;0;0;;;;Operasional;Aktif
1423;Pustu;1001343095;1001343095;"PUSTU LUSIDUAWUTUN LOANG";"Puskesmas Pembantu";;53;"Nusa Tenggara Timur";5313;"Kab. Lembata";531301;"Naga Wutung";0;0;;;;Operasional;Aktif
1424;Pustu;1001271553;1001271553;"PUSTU MELUWITING AUTAQNAPOQ";"Puskesmas Pembantu";;53;"Nusa Tenggara Timur";5313;"Kab. Lembata";531306;Omesuri;0;0;;;;Operasional;Aktif
1425;Pustu;1001284586;1001284586;"PUSTU NILANAPO AUTAQNAPOQ";"Puskesmas Pembantu";;53;"Nusa Tenggara Timur";5313;"Kab. Lembata";531306;Omesuri;0;0;;;;Operasional;Aktif
1426;Pustu;1001284964;1001284964;"PUSTU NORMAL BALAURING";"Puskesmas Pembantu";;53;"Nusa Tenggara Timur";5313;"Kab. Lembata";531306;Omesuri;0;0;;;;Operasional;Aktif
1427;Pustu;1001285061;1001285061;"PUSTU NUBAHAERAKA WAIKNUIT";"Puskesmas Pembantu";;53;"Nusa Tenggara Timur";5313;"Kab. Lembata";531302;Atadei;0;0;;;;Operasional;Aktif
1428;Pustu;1001288738;1001288738;"PUSTU PADA PADA";"Puskesmas Pembantu";;53;"Nusa Tenggara Timur";5313;"Kab. Lembata";531305;Nubatukan;0;0;;;;Operasional;Aktif
1429;Pustu;1001299775;1001299775;"PUSTU PASIR PUTIH LOANG";"Puskesmas Pembantu";;53;"Nusa Tenggara Timur";5313;"Kab. Lembata";531301;"Naga Wutung";0;0;;;;Operasional;Aktif
1430;Pustu;1001314422;1001314422;"PUSTU PUOR WULANDONI";"Puskesmas Pembantu";;53;"Nusa Tenggara Timur";5313;"Kab. Lembata";531308;Wulandoni;0;0;;;;Operasional;Aktif
1431;Pustu;1001321322;1001321322;"PUSTU ROHO BEAN";"Puskesmas Pembantu";;53;"Nusa Tenggara Timur";5313;"Kab. Lembata";531307;Buyasuri;0;0;;;;Operasional;Aktif
1432;Pustu;1001321396;1001321396;"PUSTU ROMA BALAURING";"Puskesmas Pembantu";;53;"Nusa Tenggara Timur";5313;"Kab. Lembata";531306;Omesuri;0;0;;;;Operasional;Aktif
1433;Pustu;1001334941;1001334941;"PUSTU SERANGGORANG HADAKEWA";"Puskesmas Pembantu";;53;"Nusa Tenggara Timur";5313;"Kab. Lembata";531304;Lebatukan;0;0;;;;Operasional;Aktif
1434;Pustu;1001369465;1001369465;"PUSTU TAPOLANGU HADAKEWA";"Puskesmas Pembantu";;53;"Nusa Tenggara Timur";5313;"Kab. Lembata";531304;Lebatukan;0;0;;;;Operasional;Aktif
1435;Pustu;1001378571;1001378571;"PUSTU TOBOTANI WAIRIANG";"Puskesmas Pembantu";;53;"Nusa Tenggara Timur";5313;"Kab. Lembata";531307;Buyasuri;0;0;;;;Operasional;Aktif
1436;Pustu;1001378636;1001378636;"PUSTU TODANARA LAMAAU";"Puskesmas Pembantu";;53;"Nusa Tenggara Timur";5313;"Kab. Lembata";531309;"Ile Ape Timur";0;0;;;;Operasional;Aktif
1437;Pustu;1001388552;1001388552;"PUSTU WALANG SAWAH AUTAQNAPOQ";"Puskesmas Pembantu";;53;"Nusa Tenggara Timur";5313;"Kab. Lembata";531306;Omesuri;0;0;;;;Operasional;Aktif
1438;Pustu;1001568073;1001568073;"PUSTU ANARAE";"Puskesmas Pembantu";;53;"Nusa Tenggara Timur";5314;"Kab. Rote Ndao";531409;"Ndao Nuse";0;0;;;;Operasional;Aktif
1439;Pustu;1001416309;1001416309;"PUSTU BAADALE BAA";"Puskesmas Pembantu";;53;"Nusa Tenggara Timur";5314;"Kab. Rote Ndao";531403;Lobalain;0;0;;;;Operasional;Aktif
1440;Pustu;1001568097;1001568097;"PUSTU BALAOLI";"Puskesmas Pembantu";;53;"Nusa Tenggara Timur";5314;"Kab. Rote Ndao";531402;"Rote Barat Laut";0;0;;;;Operasional;Aktif
1441;Pustu;1001424629;1001424629;"PUSTU BATEFALU EAHUN";"Puskesmas Pembantu";;53;"Nusa Tenggara Timur";5314;"Kab. Rote Ndao";531406;"Rote Timur";0;0;;;;Operasional;Aktif
1442;Pustu;1001426287;1001426287;"PUSTU BATULILOK SONIMANU";"Puskesmas Pembantu";;53;"Nusa Tenggara Timur";5314;"Kab. Rote Ndao";531405;"Pantai Baru";0;0;;;;Operasional;Aktif
1443;Pustu;1001427188;1001427188;"PUSTU BEBALAIN BAA";"Puskesmas Pembantu";;53;"Nusa Tenggara Timur";5314;"Kab. Rote Ndao";531403;Lobalain;0;0;;;;Operasional;Aktif
1444;Pustu;1001432767;1001432767;"PUSTU BOA DELHA";"Puskesmas Pembantu";;53;"Nusa Tenggara Timur";5314;"Kab. Rote Ndao";531407;"Rote Barat";0;0;;;;Operasional;Aktif
1445;Pustu;1001433553;1001433553;"PUSTU BOLATENA SOTI MORI";"Puskesmas Pembantu";;53;"Nusa Tenggara Timur";5314;"Kab. Rote Ndao";531410;"Landu Leko";0;0;;;;Operasional;Aktif
1446;Pustu;1001434284;1001434284;"PUSTU BONI OELABA";"Puskesmas Pembantu";;53;"Nusa Tenggara Timur";5314;"Kab. Rote Ndao";531411;Loaholu;0;0;;;;Operasional;Aktif
1447;Pustu;1001567938;1001567938;"PUSTU BUSALANGGA";"Puskesmas Pembantu";;53;"Nusa Tenggara Timur";5314;"Kab. Rote Ndao";531402;"Rote Barat Laut";0;0;;;;Operasional;Aktif
1448;Pustu;1001567902;1001567902;"PUSTU BUSALANGGA BARAT";"Puskesmas Pembantu";;53;"Nusa Tenggara Timur";5314;"Kab. Rote Ndao";531402;"Rote Barat Laut";0;0;;;;Operasional;Aktif
1449;Pustu;1001567914;1001567914;"PUSTU BUSALANGGA TIMUR";"Puskesmas Pembantu";;53;"Nusa Tenggara Timur";5314;"Kab. Rote Ndao";531402;"Rote Barat Laut";0;0;;;;Operasional;Aktif
1450;Pustu;1001283295;1001283295;"PUSTU DAEURENDALE SOTI MORI";"Puskesmas Pembantu";;53;"Nusa Tenggara Timur";5314;"Kab. Rote Ndao";531410;"Landu Leko";0;0;;;;Operasional;Aktif
1451;Pustu;1001447499;1001447499;"PUSTU DAIAMA SOTI MORI";"Puskesmas Pembantu";;53;"Nusa Tenggara Timur";5314;"Kab. Rote Ndao";531410;"Landu Leko";0;0;;;;Operasional;Aktif
1452;Pustu;1001447607;1001447607;"PUSTU DALEK ESA BATUTUA";"Puskesmas Pembantu";;53;"Nusa Tenggara Timur";5314;"Kab. Rote Ndao";531401;"Rote Barat Daya";0;0;;;;Operasional;Aktif
1453;Pustu;1001448936;1001448936;"PUSTU DAUDOLU BUSALANGGA";"Puskesmas Pembantu";;53;"Nusa Tenggara Timur";5314;"Kab. Rote Ndao";531402;"Rote Barat Laut";0;0;;;;Operasional;Aktif
1454;Pustu;1001450501;1001450501;"PUSTU DODAEK OELE";"Puskesmas Pembantu";;53;"Nusa Tenggara Timur";5314;"Kab. Rote Ndao";531408;"Rote Selatan";0;0;;;;Operasional;Aktif
1455;Pustu;1001450666;1001450666;"PUSTU DOLASI BATUTUA";"Puskesmas Pembantu";;53;"Nusa Tenggara Timur";5314;"Kab. Rote Ndao";531401;"Rote Barat Daya";0;0;;;;Operasional;Aktif
1456;Pustu;1001452597;1001452597;"PUSTU EDALODE KORBAFO";"Puskesmas Pembantu";;53;"Nusa Tenggara Timur";5314;"Kab. Rote Ndao";531405;"Pantai Baru";0;0;;;;Operasional;Aktif
1457;Pustu;1001289706;1001289706;"PUSTU FAIFUA EAHUN";"Puskesmas Pembantu";;53;"Nusa Tenggara Timur";5314;"Kab. Rote Ndao";531406;"Rote Timur";0;0;;;;Operasional;Aktif
1458;Pustu;1001568009;1001568009;"PUSTU FATELILO";"Puskesmas Pembantu";;53;"Nusa Tenggara Timur";5314;"Kab. Rote Ndao";531405;"Pantai Baru";0;0;;;;Operasional;Aktif
1459;Pustu;1001453993;1001453993;"PUSTU FUAFUNI BATUTUA";"Puskesmas Pembantu";;53;"Nusa Tenggara Timur";5314;"Kab. Rote Ndao";531401;"Rote Barat Daya";0;0;;;;Operasional;Aktif
1460;Pustu;1001462877;1001462877;"PUSTU HELEBEIK BAA";"Puskesmas Pembantu";;53;"Nusa Tenggara Timur";5314;"Kab. Rote Ndao";531403;Lobalain;0;0;;;;Operasional;Aktif
1461;Pustu;1001299751;1001299751;"PUSTU HOLOAMA BAA";"Puskesmas Pembantu";;53;"Nusa Tenggara Timur";5314;"Kab. Rote Ndao";531403;Lobalain;0;0;;;;Operasional;Aktif
1462;Pustu;1001568102;1001568102;"PUSTU HOLULAI";"Puskesmas Pembantu";;53;"Nusa Tenggara Timur";5314;"Kab. Rote Ndao";531402;"Rote Barat Laut";0;0;;;;Operasional;Aktif
1463;Pustu;1001463895;1001463895;"PUSTU HUNDIHOPO EAHUN";"Puskesmas Pembantu";;53;"Nusa Tenggara Timur";5314;"Kab. Rote Ndao";531406;"Rote Timur";0;0;;;;Operasional;Aktif
1464;Pustu;1001463900;1001463900;"PUSTU HUNDIHUK BUSALANGGA";"Puskesmas Pembantu";;53;"Nusa Tenggara Timur";5314;"Kab. Rote Ndao";531402;"Rote Barat Laut";0;0;;;;Operasional;Aktif
1465;Pustu;1001464930;1001464930;"PUSTU INAOE OELE";"Puskesmas Pembantu";;53;"Nusa Tenggara Timur";5314;"Kab. Rote Ndao";531408;"Rote Selatan";0;0;;;;Operasional;Aktif
1466;Pustu;1001465178;1001465178;"PUSTU INGGUINAK BUSALANGGA";"Puskesmas Pembantu";;53;"Nusa Tenggara Timur";5314;"Kab. Rote Ndao";531402;"Rote Barat Laut";0;0;;;;Operasional;Aktif
1467;Pustu;1001483259;1001483259;"PUSTU KEOEN KORBAFO";"Puskesmas Pembantu";;53;"Nusa Tenggara Timur";5314;"Kab. Rote Ndao";531405;"Pantai Baru";0;0;;;;Operasional;Aktif
1468;Pustu;1001239464;1001239464;"PUSTU KOLOBOLON BAA";"Puskesmas Pembantu";;53;"Nusa Tenggara Timur";5314;"Kab. Rote Ndao";531403;Lobalain;0;0;;;;Operasional;Aktif
1469;Pustu;1001567940;1001567940;"PUSTU KULI AISELE";"Puskesmas Pembantu";;53;"Nusa Tenggara Timur";5314;"Kab. Rote Ndao";531403;Lobalain;0;0;;;;Operasional;Aktif
1470;Pustu;1001243659;1001243659;"PUSTU KULI BAA";"Puskesmas Pembantu";;53;"Nusa Tenggara Timur";5314;"Kab. Rote Ndao";531403;Lobalain;0;0;;;;Operasional;Aktif
1471;Pustu;1001247681;1001247681;"PUSTU LAKAMOLA EAHUN";"Puskesmas Pembantu";;53;"Nusa Tenggara Timur";5314;"Kab. Rote Ndao";531406;"Rote Timur";0;0;;;;Operasional;Aktif
1472;Pustu;1001248180;1001248180;"PUSTU LALUKOEN BATUTUA";"Puskesmas Pembantu";;53;"Nusa Tenggara Timur";5314;"Kab. Rote Ndao";531401;"Rote Barat Daya";0;0;;;;Operasional;Aktif
1473;Pustu;1001249419;1001249419;"PUSTU LANDU BATUTUA";"Puskesmas Pembantu";;53;"Nusa Tenggara Timur";5314;"Kab. Rote Ndao";531401;"Rote Barat Daya";0;0;;;;Operasional;Aktif
1474;Pustu;1001335775;1001335775;"PUSTU LEKIK BATUTUA";"Puskesmas Pembantu";;53;"Nusa Tenggara Timur";5314;"Kab. Rote Ndao";531401;"Rote Barat Daya";0;0;;;;Operasional;Aktif
1475;Pustu;1001568011;1001568011;"PUSTU LEKONA";"Puskesmas Pembantu";;53;"Nusa Tenggara Timur";5314;"Kab. Rote Ndao";531405;"Pantai Baru";0;0;;;;Operasional;Aktif
1476;Pustu;1001252399;1001252399;"PUSTU LEKUNIK BAA";"Puskesmas Pembantu";;53;"Nusa Tenggara Timur";5314;"Kab. Rote Ndao";531403;Lobalain;0;0;;;;Operasional;Aktif
1477;Pustu;1001253410;1001253410;"PUSTU LENGUSELU OELE";"Puskesmas Pembantu";;53;"Nusa Tenggara Timur";5314;"Kab. Rote Ndao";531408;"Rote Selatan";0;0;;;;Operasional;Aktif
1478;Pustu;1001253472;1001253472;"PUSTU LENUPETU SONIMANU";"Puskesmas Pembantu";;53;"Nusa Tenggara Timur";5314;"Kab. Rote Ndao";531405;"Pantai Baru";0;0;;;;Operasional;Aktif
1479;Pustu;1001254555;1001254555;"PUSTU LIDABESI FEOPOPI";"Puskesmas Pembantu";;53;"Nusa Tenggara Timur";5314;"Kab. Rote Ndao";531404;"Rote Tengah";0;0;;;;Operasional;Aktif
1480;Pustu;1001254579;1001254579;"PUSTU LIDAMANU FEOPOPI";"Puskesmas Pembantu";;53;"Nusa Tenggara Timur";5314;"Kab. Rote Ndao";531404;"Rote Tengah";0;0;;;;Operasional;Aktif
1481;Pustu;1001254593;1001254593;"PUSTU LIDOR OELABA";"Puskesmas Pembantu";;53;"Nusa Tenggara Timur";5314;"Kab. Rote Ndao";531411;Loaholu;0;0;;;;Operasional;Aktif
1482;Pustu;1001254646;1001254646;"PUSTU LIFULEO SOTI MORI";"Puskesmas Pembantu";;53;"Nusa Tenggara Timur";5314;"Kab. Rote Ndao";531410;"Landu Leko";0;0;;;;Operasional;Aktif
1483;Pustu;1001254830;1001254830;"PUSTU LIMAKOLI FEOPOPI";"Puskesmas Pembantu";;53;"Nusa Tenggara Timur";5314;"Kab. Rote Ndao";531404;"Rote Tengah";0;0;;;;Operasional;Aktif
1484;Pustu;1001567952;1001567952;"PUSTU LOLEOEN";"Puskesmas Pembantu";;53;"Nusa Tenggara Timur";5314;"Kab. Rote Ndao";531403;Lobalain;0;0;;;;Operasional;Aktif
1485;Pustu;1001403845;1001403845;"PUSTU LONDALUSI EAHUN";"Puskesmas Pembantu";;53;"Nusa Tenggara Timur";5314;"Kab. Rote Ndao";531406;"Rote Timur";0;0;;;;Operasional;Aktif
1486;Pustu;1001568035;1001568035;"PUSTU MATANAE";"Puskesmas Pembantu";;53;"Nusa Tenggara Timur";5314;"Kab. Rote Ndao";531406;"Rote Timur";0;0;;;;Operasional;Aktif
1487;Pustu;1001268544;1001268544;"PUSTU MATASIO EAHUN";"Puskesmas Pembantu";;53;"Nusa Tenggara Timur";5314;"Kab. Rote Ndao";531406;"Rote Timur";0;0;;;;Operasional;Aktif
1488;Pustu;1001269067;1001269067;"PUSTU MAUBESI FEOPOPI";"Puskesmas Pembantu";;53;"Nusa Tenggara Timur";5314;"Kab. Rote Ndao";531404;"Rote Tengah";0;0;;;;Operasional;Aktif
1489;Pustu;1001568085;1001568085;"PUSTU MBALI LENDEIKI";"Puskesmas Pembantu";;53;"Nusa Tenggara Timur";5314;"Kab. Rote Ndao";531409;"Ndao Nuse";0;0;;;;Operasional;Aktif
1490;Pustu;1001351341;1001351341;"PUSTU MBOKAK BATUTUA";"Puskesmas Pembantu";;53;"Nusa Tenggara Timur";5314;"Kab. Rote Ndao";531401;"Rote Barat Daya";0;0;;;;Operasional;Aktif
1491;Pustu;1001351365;1001351365;"PUSTU MBUEAIN DELHA";"Puskesmas Pembantu";;53;"Nusa Tenggara Timur";5314;"Kab. Rote Ndao";531407;"Rote Barat";0;0;;;;Operasional;Aktif
1492;Pustu;1001272301;1001272301;"PUSTU MEOAIN BATUTUA";"Puskesmas Pembantu";;53;"Nusa Tenggara Timur";5314;"Kab. Rote Ndao";531401;"Rote Barat Daya";0;0;;;;Operasional;Aktif
1493;Pustu;1001567988;1001567988;"PUSTU METINA";"Puskesmas Pembantu";;53;"Nusa Tenggara Timur";5314;"Kab. Rote Ndao";531403;Lobalain;0;0;;;;Operasional;Aktif
1494;Pustu;1001274086;1001274086;"PUSTU MODOSINAL BUSALANGGA";"Puskesmas Pembantu";;53;"Nusa Tenggara Timur";5314;"Kab. Rote Ndao";531402;"Rote Barat Laut";0;0;;;;Operasional;Aktif
1495;Pustu;1001405362;1001405362;"PUSTU MOKDALE BAA";"Puskesmas Pembantu";;53;"Nusa Tenggara Timur";5314;"Kab. Rote Ndao";531403;Lobalain;0;0;;;;Operasional;Aktif
1496;Pustu;1001568047;1001568047;"PUSTU MUKEKUKU";"Puskesmas Pembantu";;53;"Nusa Tenggara Timur";5314;"Kab. Rote Ndao";531406;"Rote Timur";0;0;;;;Operasional;Aktif
1497;Pustu;1001568114;1001568114;"PUSTU MUNDEK";"Puskesmas Pembantu";;53;"Nusa Tenggara Timur";5314;"Kab. Rote Ndao";531402;"Rote Barat Laut";0;0;;;;Operasional;Aktif
1498;Pustu;1001282485;1001282485;"PUSTU NETENAEN BUSALANGGA";"Puskesmas Pembantu";;53;"Nusa Tenggara Timur";5314;"Kab. Rote Ndao";531402;"Rote Barat Laut";0;0;;;;Operasional;Aktif
1499;Pustu;1001568061;1001568061;"PUSTU NGGELODAE";"Puskesmas Pembantu";;53;"Nusa Tenggara Timur";5314;"Kab. Rote Ndao";531408;"Rote Selatan";0;0;;;;Operasional;Aktif
1500;Pustu;1001283843;1001283843;"PUSTU NGGODIMEDA FEOPOPI";"Puskesmas Pembantu";;53;"Nusa Tenggara Timur";5314;"Kab. Rote Ndao";531404;"Rote Tengah";0;0;;;;Operasional;Aktif
1501;Pustu;1001285592;1001285592;"PUSTU NUSAKDALE SONIMANU";"Puskesmas Pembantu";;53;"Nusa Tenggara Timur";5314;"Kab. Rote Ndao";531405;"Pantai Baru";0;0;;;;Operasional;Aktif
1502;Pustu;1001285671;1001285671;"PUSTU NUSE NDAO";"Puskesmas Pembantu";;53;"Nusa Tenggara Timur";5314;"Kab. Rote Ndao";531409;"Ndao Nuse";0;0;;;;Operasional;Aktif
1503;Pustu;1001286091;1001286091;"PUSTU OEBAFOK BATUTUA";"Puskesmas Pembantu";;53;"Nusa Tenggara Timur";5314;"Kab. Rote Ndao";531401;"Rote Barat Daya";0;0;;;;Operasional;Aktif
1504;Pustu;1001286118;1001286118;"PUSTU OEBATU BATUTUA";"Puskesmas Pembantu";;53;"Nusa Tenggara Timur";5314;"Kab. Rote Ndao";531401;"Rote Barat Daya";0;0;;;;Operasional;Aktif
1505;Pustu;1001286120;1001286120;"PUSTU OEBAU SONIMANU";"Puskesmas Pembantu";;53;"Nusa Tenggara Timur";5314;"Kab. Rote Ndao";531405;"Pantai Baru";0;0;;;;Operasional;Aktif
1506;Pustu;1001286132;1001286132;"PUSTU OEBELA OELABA";"Puskesmas Pembantu";;53;"Nusa Tenggara Timur";5314;"Kab. Rote Ndao";531411;Loaholu;0;0;;;;Operasional;Aktif
1507;Pustu;1001286182;1001286182;"PUSTU OEBOU BATUTUA";"Puskesmas Pembantu";;53;"Nusa Tenggara Timur";5314;"Kab. Rote Ndao";531401;"Rote Barat Daya";0;0;;;;Operasional;Aktif
1508;Pustu;1001286223;1001286223;"PUSTU OEHANDI BATUTUA";"Puskesmas Pembantu";;53;"Nusa Tenggara Timur";5314;"Kab. Rote Ndao";531401;"Rote Barat Daya";0;0;;;;Operasional;Aktif
1509;Pustu;1001286235;1001286235;"PUSTU OELASIN BATUTUA";"Puskesmas Pembantu";;53;"Nusa Tenggara Timur";5314;"Kab. Rote Ndao";531401;"Rote Barat Daya";0;0;;;;Operasional;Aktif
1510;Pustu;1001286273;1001286273;"PUSTU OELEDO SONIMANU";"Puskesmas Pembantu";;53;"Nusa Tenggara Timur";5314;"Kab. Rote Ndao";531405;"Pantai Baru";0;0;;;;Operasional;Aktif
1511;Pustu;1001286285;1001286285;"PUSTU OELEKA BAA";"Puskesmas Pembantu";;53;"Nusa Tenggara Timur";5314;"Kab. Rote Ndao";531403;Lobalain;0;0;;;;Operasional;Aktif
1512;Pustu;1001286352;1001286352;"PUSTU OELOLOK DELHA";"Puskesmas Pembantu";;53;"Nusa Tenggara Timur";5314;"Kab. Rote Ndao";531407;"Rote Barat";0;0;;;;Operasional;Aktif
1513;Pustu;1001567964;1001567964;"PUSTU OELUNGGU";"Puskesmas Pembantu";;53;"Nusa Tenggara Timur";5314;"Kab. Rote Ndao";531403;Lobalain;0;0;;;;Operasional;Aktif
1514;Pustu;1001286390;1001286390;"PUSTU OEMATAMBOLI BAA";"Puskesmas Pembantu";;53;"Nusa Tenggara Timur";5314;"Kab. Rote Ndao";531403;Lobalain;0;0;;;;Operasional;Aktif
1515;Pustu;1001286467;1001286467;"PUSTU OENGGAE KORBAFO";"Puskesmas Pembantu";;53;"Nusa Tenggara Timur";5314;"Kab. Rote Ndao";531405;"Pantai Baru";0;0;;;;Operasional;Aktif
1516;Pustu;1001286479;1001286479;"PUSTU OENGGAUT DELHA";"Puskesmas Pembantu";;53;"Nusa Tenggara Timur";5314;"Kab. Rote Ndao";531407;"Rote Barat";0;0;;;;Operasional;Aktif
1517;Pustu;1001286510;1001286510;"PUSTU OENITAS DELHA";"Puskesmas Pembantu";;53;"Nusa Tenggara Timur";5314;"Kab. Rote Ndao";531407;"Rote Barat";0;0;;;;Operasional;Aktif
1518;Pustu;1001286572;1001286572;"PUSTU OESELI BATUTUA";"Puskesmas Pembantu";;53;"Nusa Tenggara Timur";5314;"Kab. Rote Ndao";531401;"Rote Barat Daya";0;0;;;;Operasional;Aktif
1519;Pustu;1001286601;1001286601;"PUSTU OETEFU BATUTUA";"Puskesmas Pembantu";;53;"Nusa Tenggara Timur";5314;"Kab. Rote Ndao";531401;"Rote Barat Daya";0;0;;;;Operasional;Aktif
1520;Pustu;1001286637;1001286637;"PUSTU OETUTULU BUSALANGGA";"Puskesmas Pembantu";;53;"Nusa Tenggara Timur";5314;"Kab. Rote Ndao";531402;"Rote Barat Laut";0;0;;;;Operasional;Aktif
1521;Pustu;1001568023;1001568023;"PUSTU OFALANGGA";"Puskesmas Pembantu";;53;"Nusa Tenggara Timur";5314;"Kab. Rote Ndao";531405;"Pantai Baru";0;0;;;;Operasional;Aktif
1522;Pustu;1001567990;1001567990;"PUSTU ONATALI";"Puskesmas Pembantu";;53;"Nusa Tenggara Timur";5314;"Kab. Rote Ndao";531404;"Rote Tengah";0;0;;;;Operasional;Aktif
1523;Pustu;1001568059;1001568059;"PUSTU PAPELA";"Puskesmas Pembantu";;53;"Nusa Tenggara Timur";5314;"Kab. Rote Ndao";531406;"Rote Timur";0;0;;;;Operasional;Aktif
1524;Pustu;1001304879;1001304879;"PUSTU PENGODUA EAHUN";"Puskesmas Pembantu";;53;"Nusa Tenggara Timur";5314;"Kab. Rote Ndao";531406;"Rote Timur";0;0;;;;Operasional;Aktif
1525;Pustu;1001307962;1001307962;"PUSTU PILASUE OELE";"Puskesmas Pembantu";;53;"Nusa Tenggara Timur";5314;"Kab. Rote Ndao";531408;"Rote Selatan";0;0;;;;Operasional;Aktif
1526;Pustu;1001312230;1001312230;"PUSTU PUKUAFU SOTI MORI";"Puskesmas Pembantu";;53;"Nusa Tenggara Timur";5314;"Kab. Rote Ndao";531410;"Landu Leko";0;0;;;;Operasional;Aktif
1527;Pustu;1001323136;1001323136;"PUSTU SAINDULE BUSALANGGA";"Puskesmas Pembantu";;53;"Nusa Tenggara Timur";5314;"Kab. Rote Ndao";531402;"Rote Barat Laut";0;0;;;;Operasional;Aktif
1528;Pustu;1001567885;1001567885;"PUSTU SAKUBATUN";"Puskesmas Pembantu";;53;"Nusa Tenggara Timur";5314;"Kab. Rote Ndao";531401;"Rote Barat Daya";0;0;;;;Operasional;Aktif
1529;Pustu;1001567897;1001567897;"PUSTU SANGGANDOLU";"Puskesmas Pembantu";;53;"Nusa Tenggara Timur";5314;"Kab. Rote Ndao";531401;"Rote Barat Daya";0;0;;;;Operasional;Aktif
1530;Pustu;1001567976;1001567976;"PUSTU SANGGAOEN";"Puskesmas Pembantu";;53;"Nusa Tenggara Timur";5314;"Kab. Rote Ndao";531403;Lobalain;0;0;;;;Operasional;Aktif
1531;Pustu;1001335397;1001335397;"PUSTU SERUBEBA EAHUN";"Puskesmas Pembantu";;53;"Nusa Tenggara Timur";5314;"Kab. Rote Ndao";531406;"Rote Timur";0;0;;;;Operasional;Aktif
1532;Pustu;1001345392;1001345392;"PUSTU SOTIMORI SOTI MORI";"Puskesmas Pembantu";;53;"Nusa Tenggara Timur";5314;"Kab. Rote Ndao";531410;"Landu Leko";0;0;;;;Operasional;Aktif
1533;Pustu;1001346633;1001346633;"PUSTU SUEBELA FEOPOPI";"Puskesmas Pembantu";;53;"Nusa Tenggara Timur";5314;"Kab. Rote Ndao";531404;"Rote Tengah";0;0;;;;Operasional;Aktif
1534;Pustu;1001346645;1001346645;"PUSTU SUELAIN BAA";"Puskesmas Pembantu";;53;"Nusa Tenggara Timur";5314;"Kab. Rote Ndao";531403;Lobalain;0;0;;;;Operasional;Aktif
1535;Pustu;1001568126;1001568126;"PUSTU TASILO";"Puskesmas Pembantu";;53;"Nusa Tenggara Timur";5314;"Kab. Rote Ndao";531402;"Rote Barat Laut";0;0;;;;Operasional;Aktif
1536;Pustu;1001371054;1001371054;"PUSTU TEBOLE OELE";"Puskesmas Pembantu";;53;"Nusa Tenggara Timur";5314;"Kab. Rote Ndao";531408;"Rote Selatan";0;0;;;;Operasional;Aktif
1537;Pustu;1001373870;1001373870;"PUSTU TEMAS BUSALANGGA";"Puskesmas Pembantu";;53;"Nusa Tenggara Timur";5314;"Kab. Rote Ndao";531402;"Rote Barat Laut";0;0;;;;Operasional;Aktif
1538;Pustu;1001401146;1001401146;"PUSTU TESA BELA KORBAFO";"Puskesmas Pembantu";;53;"Nusa Tenggara Timur";5314;"Kab. Rote Ndao";531405;"Pantai Baru";0;0;;;;Operasional;Aktif
1539;Pustu;1001378985;1001378985;"PUSTU TOLAMA OELABA";"Puskesmas Pembantu";;53;"Nusa Tenggara Timur";5314;"Kab. Rote Ndao";531411;Loaholu;0;0;;;;Operasional;Aktif
1540;Pustu;1001567926;1001567926;"PUSTU TUALIMA";"Puskesmas Pembantu";;53;"Nusa Tenggara Timur";5314;"Kab. Rote Ndao";531402;"Rote Barat Laut";0;0;;;;Operasional;Aktif
1541;Pustu;1001381229;1001381229;"PUSTU TUANATUK BAA";"Puskesmas Pembantu";;53;"Nusa Tenggara Timur";5314;"Kab. Rote Ndao";531403;Lobalain;0;0;;;;Operasional;Aktif
1542;Pustu;1001383875;1001383875;"PUSTU TUNGGANAMO KORBAFO";"Puskesmas Pembantu";;53;"Nusa Tenggara Timur";5314;"Kab. Rote Ndao";531405;"Pantai Baru";0;0;;;;Operasional;Aktif
1543;Pustu;1001425116;1001425116;"PUSTU BATU CERMIN LABUAN BAJO";"Puskesmas Pembantu";;53;"Nusa Tenggara Timur";5315;"Kab. Manggarai Barat";531505;Komodo;0;0;;;;Operasional;Aktif
1544;Pustu;1001425946;1001425946;"PUSTU BATU TIGA NANGA TERANG";"Puskesmas Pembantu";;53;"Nusa Tenggara Timur";5315;"Kab. Manggarai Barat";531506;Boleng;0;0;;;;Operasional;Aktif
1545;Pustu;1001429057;1001429057;"PUSTU BENTENG NDOPE PACAR";"Puskesmas Pembantu";;53;"Nusa Tenggara Timur";5315;"Kab. Manggarai Barat";531511;Pacar;0;0;;;;Operasional;Aktif
1546;Pustu;1001458577;1001458577;"PUSTU GOLO DAMU REKAS";"Puskesmas Pembantu";;53;"Nusa Tenggara Timur";5315;"Kab. Manggarai Barat";531510;Mbeliling;0;0;;;;Operasional;Aktif
1547;Pustu;1001458589;1001458589;"PUSTU GOLO LELENG WERANG";"Puskesmas Pembantu";;53;"Nusa Tenggara Timur";5315;"Kab. Manggarai Barat";531504;"Sano Nggoang";0;0;;;;Operasional;Aktif
1548;Pustu;1001458670;1001458670;"PUSTU GOLO POLENG TENTANG";"Puskesmas Pembantu";;53;"Nusa Tenggara Timur";5315;"Kab. Manggarai Barat";531508;Ndoso;0;0;;;;Operasional;Aktif
1549;Pustu;1001458694;1001458694;"PUSTU GOLO RIWU WAE PITAK";"Puskesmas Pembantu";;53;"Nusa Tenggara Timur";5315;"Kab. Manggarai Barat";531512;"Kuwus Barat";0;0;;;;Operasional;Aktif
1550;Pustu;1001458711;1001458711;"PUSTU GOLO SENGANG WERANG";"Puskesmas Pembantu";;53;"Nusa Tenggara Timur";5315;"Kab. Manggarai Barat";531504;"Sano Nggoang";0;0;;;;Operasional;Aktif
1551;Pustu;1001239737;1001239737;"PUSTU KOMODO LABUAN BAJO";"Puskesmas Pembantu";;53;"Nusa Tenggara Timur";5315;"Kab. Manggarai Barat";531505;Komodo;0;0;;;;Operasional;Aktif
1552;Pustu;1001378002;1001378002;"PUSTU KONDAS";"Puskesmas Pembantu";;53;"Nusa Tenggara Timur";5315;"Kab. Manggarai Barat";531510;Mbeliling;0;0;;;;Operasional;Aktif
1553;Pustu;1001254206;1001254206;"PUSTU LEWAT REGO";"Puskesmas Pembantu";;53;"Nusa Tenggara Timur";5315;"Kab. Manggarai Barat";531501;"Macang Pacar";0;0;;;;Operasional;Aktif
1554;Pustu;1001254270;1001254270;"PUSTU LEWUR GOLO WELU";"Puskesmas Pembantu";;53;"Nusa Tenggara Timur";5315;"Kab. Manggarai Barat";531502;Kuwus;0;0;;;;Operasional;Aktif
1555;Pustu;1001260114;1001260114;"PUSTU LUMUT WANING";"Puskesmas Pembantu";;53;"Nusa Tenggara Timur";5315;"Kab. Manggarai Barat";531508;Ndoso;0;0;;;;Operasional;Aktif
1556;Pustu;1001254438;1001254438;"PUSTU MELO";"Puskesmas Pembantu";;53;"Nusa Tenggara Timur";5315;"Kab. Manggarai Barat";531510;Mbeliling;0;0;;;;Operasional;Aktif
1557;Pustu;1001278898;1001278898;"PUSTU MUNTING LENGKONG CEPANG";"Puskesmas Pembantu";;53;"Nusa Tenggara Timur";5315;"Kab. Manggarai Barat";531509;"Lembor Selatan";0;0;;;;Operasional;Aktif
1558;Pustu;1001280217;1001280217;"PUSTU NANGA BERE NANGALILI";"Puskesmas Pembantu";;53;"Nusa Tenggara Timur";5315;"Kab. Manggarai Barat";531509;"Lembor Selatan";0;0;;;;Operasional;Aktif
1559;Pustu;1001280293;1001280293;"PUSTU NANGA KANTOR BARAT BARI";"Puskesmas Pembantu";;53;"Nusa Tenggara Timur";5315;"Kab. Manggarai Barat";531501;"Macang Pacar";0;0;;;;Operasional;Aktif
1560;Pustu;1001362297;1001362297;"PUSTU NDOSO WANING";"Puskesmas Pembantu";;53;"Nusa Tenggara Timur";5315;"Kab. Manggarai Barat";531508;Ndoso;0;0;;;;Operasional;Aktif
1561;Pustu;1001283025;1001283025;"PUSTU NGANCAR WAE NAKENG";"Puskesmas Pembantu";;53;"Nusa Tenggara Timur";5315;"Kab. Manggarai Barat";531503;Lembor;0;0;;;;Operasional;Aktif
1562;Pustu;1004671728;1004671728;"PUSTU PAPAGARANG";"Puskesmas Pembantu";;53;"Nusa Tenggara Timur";5315;"Kab. Manggarai Barat";531505;Komodo;0;0;;;;Operasional;Aktif
1563;Pustu;1001299763;1001299763;"PUSTU PASIR PUTIH LABUAN BAJO";"Puskesmas Pembantu";;53;"Nusa Tenggara Timur";5315;"Kab. Manggarai Barat";531505;Komodo;0;0;;;;Operasional;Aktif
1564;Pustu;1001311327;1001311327;"PUSTU POTA WANGKA TERANG";"Puskesmas Pembantu";;53;"Nusa Tenggara Timur";5315;"Kab. Manggarai Barat";531506;Boleng;0;0;;;;Operasional;Aktif
1565;Pustu;1001315945;1001315945;"PUSTU RACANG WELAK ORONG";"Puskesmas Pembantu";;53;"Nusa Tenggara Timur";5315;"Kab. Manggarai Barat";531507;Welak;0;0;;;;Operasional;Aktif
1566;Pustu;1004661541;1004661541;"Pustu Raka";"Puskesmas Pembantu";;53;"Nusa Tenggara Timur";5315;"Kab. Manggarai Barat";531508;Ndoso;0;0;;;;Operasional;Aktif
1567;Pustu;1001396042;1001396042;"PUSTU REHAK ORONG";"Puskesmas Pembantu";;53;"Nusa Tenggara Timur";5315;"Kab. Manggarai Barat";531507;Welak;0;0;;;;Operasional;Aktif
1568;Pustu;1001320287;1001320287;"PUSTU REPI LENGKONG CEPANG";"Puskesmas Pembantu";;53;"Nusa Tenggara Timur";5315;"Kab. Manggarai Barat";531509;"Lembor Selatan";0;0;;;;Operasional;Aktif
1569;Pustu;1001332187;1001332187;"PUSTU SEMANG DATAK";"Puskesmas Pembantu";;53;"Nusa Tenggara Timur";5315;"Kab. Manggarai Barat";531507;Welak;0;0;;;;Operasional;Aktif
1570;Pustu;1001336016;1001336016;"PUSTU SEWAR DATAK";"Puskesmas Pembantu";;53;"Nusa Tenggara Timur";5315;"Kab. Manggarai Barat";531507;Welak;0;0;;;;Operasional;Aktif
1571;Pustu;1001366176;1001366176;"PUSTU TANJUNG BOLENG NANGA TERANG";"Puskesmas Pembantu";;53;"Nusa Tenggara Timur";5315;"Kab. Manggarai Barat";531506;Boleng;0;0;;;;Operasional;Aktif
1572;Pustu;1001387405;1001387405;"PUSTU WAE BANGKA WAE KANTA";"Puskesmas Pembantu";;53;"Nusa Tenggara Timur";5315;"Kab. Manggarai Barat";531503;Lembor;0;0;;;;Operasional;Aktif
1573;Pustu;1001387443;1001387443;"PUSTU WAE SANO WERANG";"Puskesmas Pembantu";;53;"Nusa Tenggara Timur";5315;"Kab. Manggarai Barat";531504;"Sano Nggoang";0;0;;;;Operasional;Aktif
1574;Pustu;1001390309;1001390309;"PUSTU WARLOKA BENTENG";"Puskesmas Pembantu";;53;"Nusa Tenggara Timur";5315;"Kab. Manggarai Barat";531505;Komodo;0;0;;;;Operasional;Aktif
1575;Pustu;1001408792;1001408792;"PUSTU 6 RATONGAMOBO BOAWAE";"Puskesmas Pembantu";;53;"Nusa Tenggara Timur";5316;"Kab. Nagekeo";531603;Boawae;0;0;;;;Operasional;Aktif
1576;Pustu;1001245803;1001245803;"PUSTU AERAMA DANGA";"Puskesmas Pembantu";;53;"Nusa Tenggara Timur";5316;"Kab. Nagekeo";531601;Aesesa;0;0;;;;Operasional;Aktif
1577;Pustu;1001481720;1001481720;"PUSTU KELEWAE BOAWAE";"Puskesmas Pembantu";;53;"Nusa Tenggara Timur";5316;"Kab. Nagekeo";531603;Boawae;0;0;;;;Operasional;Aktif
1578;Pustu;1001240578;1001240578;"PUSTU KOTAGANA MAUPONGGO";"Puskesmas Pembantu";;53;"Nusa Tenggara Timur";5316;"Kab. Nagekeo";531604;Mauponggo;0;0;;;;Operasional;Aktif
1579;Pustu;1001241663;1001241663;"PUSTU KOTODIRUMALI MAUNORI";"Puskesmas Pembantu";;53;"Nusa Tenggara Timur";5316;"Kab. Nagekeo";531606;"Keo Tengah";0;0;;;;Operasional;Aktif
1580;Pustu;1001246895;1001246895;"PUSTU LADOLIMA MAUNORI";"Puskesmas Pembantu";;53;"Nusa Tenggara Timur";5316;"Kab. Nagekeo";531606;"Keo Tengah";0;0;;;;Operasional;Aktif
1581;Pustu;1001247540;1001247540;"PUSTU LAJAWAJO MAUPONGGO";"Puskesmas Pembantu";;53;"Nusa Tenggara Timur";5316;"Kab. Nagekeo";531604;Mauponggo;0;0;;;;Operasional;Aktif
1582;Pustu;1001252284;1001252284;"PUSTU LEGEDERU BOAWAE";"Puskesmas Pembantu";;53;"Nusa Tenggara Timur";5316;"Kab. Nagekeo";531603;Boawae;0;0;;;;Operasional;Aktif
1583;Pustu;1001254191;1001254191;"PUSTU LEWANGERA MAUNORI";"Puskesmas Pembantu";;53;"Nusa Tenggara Timur";5316;"Kab. Nagekeo";531606;"Keo Tengah";0;0;;;;Operasional;Aktif
1584;Pustu;1001339549;1001339549;"PUSTU LODAOLO MAUPONGGO";"Puskesmas Pembantu";;53;"Nusa Tenggara Timur";5316;"Kab. Nagekeo";531604;Mauponggo;0;0;;;;Operasional;Aktif
1585;Pustu;1001265920;1001265920;"PUSTU MARAPOKOT DANGA";"Puskesmas Pembantu";;53;"Nusa Tenggara Timur";5316;"Kab. Nagekeo";531601;Aesesa;0;0;;;;Operasional;Aktif
1586;Pustu;1001269093;1001269093;"PUSTU MAUKELI MAUKELI";"Puskesmas Pembantu";;53;"Nusa Tenggara Timur";5316;"Kab. Nagekeo";531604;Mauponggo;0;0;;;;Operasional;Aktif
1587;Pustu;1001269471;1001269471;"PUSTU MBAENUAMURI MAUNORI";"Puskesmas Pembantu";;53;"Nusa Tenggara Timur";5316;"Kab. Nagekeo";531606;"Keo Tengah";0;0;;;;Operasional;Aktif
1588;Pustu;1001279543;1001279543;"PUSTU NAGERAWE BOAWAE";"Puskesmas Pembantu";;53;"Nusa Tenggara Timur";5316;"Kab. Nagekeo";531603;Boawae;0;0;;;;Operasional;Aktif
1589;Pustu;1001281728;1001281728;"PUSTU NATATOTO KABUREA";"Puskesmas Pembantu";;53;"Nusa Tenggara Timur";5316;"Kab. Nagekeo";531605;Wolowae;0;0;;;;Operasional;Aktif
1590;Pustu;1001281730;1001281730;"PUSTU NATAUTE NANGARORO";"Puskesmas Pembantu";;53;"Nusa Tenggara Timur";5316;"Kab. Nagekeo";531602;Nangaroro;0;0;;;;Operasional;Aktif
1591;Pustu;1001286962;1001286962;"PUSTU OLAIA DANGA";"Puskesmas Pembantu";;53;"Nusa Tenggara Timur";5316;"Kab. Nagekeo";531601;Aesesa;0;0;;;;Operasional;Aktif
1592;Pustu;1001309491;1001309491;"PUSTU PODENURA NANGARORO";"Puskesmas Pembantu";;53;"Nusa Tenggara Timur";5316;"Kab. Nagekeo";531602;Nangaroro;0;0;;;;Operasional;Aktif
1593;Pustu;1001320172;1001320172;"PUSTU RENDUBUTOWE JAWAKISA";"Puskesmas Pembantu";;53;"Nusa Tenggara Timur";5316;"Kab. Nagekeo";531607;"Aesesa Selatan";0;0;;;;Operasional;Aktif
1594;Pustu;1001321243;1001321243;"PUSTU RITI NANGARORO";"Puskesmas Pembantu";;53;"Nusa Tenggara Timur";5316;"Kab. Nagekeo";531602;Nangaroro;0;0;;;;Operasional;Aktif
1595;Pustu;1001321475;1001321475;"PUSTU ROWA BOAWAE";"Puskesmas Pembantu";;53;"Nusa Tenggara Timur";5316;"Kab. Nagekeo";531603;Boawae;0;0;;;;Operasional;Aktif
1596;Pustu;1001396327;1001396327;"PUSTU SALALEJO MAUPONGGO";"Puskesmas Pembantu";;53;"Nusa Tenggara Timur";5316;"Kab. Nagekeo";531604;Mauponggo;0;0;;;;Operasional;Aktif
1597;Pustu;1001328100;1001328100;"PUSTU SAWU MAUPONGGO";"Puskesmas Pembantu";;53;"Nusa Tenggara Timur";5316;"Kab. Nagekeo";531604;Mauponggo;0;0;;;;Operasional;Aktif
1598;Pustu;1001344740;1001344740;"PUSTU SOLO BOAWAE";"Puskesmas Pembantu";;53;"Nusa Tenggara Timur";5316;"Kab. Nagekeo";531603;Boawae;0;0;;;;Operasional;Aktif
1599;Pustu;1001371119;1001371119;"PUSTU TEDAMUDE DANGA";"Puskesmas Pembantu";;53;"Nusa Tenggara Timur";5316;"Kab. Nagekeo";531601;Aesesa;0;0;;;;Operasional;Aktif
1600;Pustu;1001379795;1001379795;"PUSTU TONGGO NANGARORO";"Puskesmas Pembantu";;53;"Nusa Tenggara Timur";5316;"Kab. Nagekeo";531602;Nangaroro;0;0;;;;Operasional;Aktif
1601;Pustu;1001380304;1001380304;"PUSTU TOTOMALA KABUREA";"Puskesmas Pembantu";;53;"Nusa Tenggara Timur";5316;"Kab. Nagekeo";531605;Wolowae;0;0;;;;Operasional;Aktif
1602;Pustu;1001380354;1001380354;"PUSTU TOWAK DANGA";"Puskesmas Pembantu";;53;"Nusa Tenggara Timur";5316;"Kab. Nagekeo";531601;Aesesa;0;0;;;;Operasional;Aktif
1603;Pustu;1001387089;1001387089;"PUSTU UTETOTO UTETOTO";"Puskesmas Pembantu";;53;"Nusa Tenggara Timur";5316;"Kab. Nagekeo";531602;Nangaroro;0;0;;;;Operasional;Aktif
1604;Pustu;1001387510;1001387510;"PUSTU WAEKOKAK DANGA";"Puskesmas Pembantu";;53;"Nusa Tenggara Timur";5316;"Kab. Nagekeo";531601;Aesesa;0;0;;;;Operasional;Aktif
1605;Pustu;1001392967;1001392967;"PUSTU WOEDOA NANGARORO";"Puskesmas Pembantu";;53;"Nusa Tenggara Timur";5316;"Kab. Nagekeo";531602;Nangaroro;0;0;;;;Operasional;Aktif
1606;Pustu;1001392981;1001392981;"PUSTU WOEWOLO MAUPONGGO";"Puskesmas Pembantu";;53;"Nusa Tenggara Timur";5316;"Kab. Nagekeo";531604;Mauponggo;0;0;;;;Operasional;Aktif
1607;Pustu;1001393129;1001393129;"PUSTU WOLOWEA BOAWAE";"Puskesmas Pembantu";;53;"Nusa Tenggara Timur";5316;"Kab. Nagekeo";531603;Boawae;0;0;;;;Operasional;Aktif
1608;Pustu;1001433668;1001433668;"PUSTU BOLU BOKAT MARADESA";"Puskesmas Pembantu";;53;"Nusa Tenggara Timur";5317;"Kab. Sumba Tengah";531704;"Umbu Ratu Nggay";0;0;;;;Operasional;Aktif
1609;Pustu;1001442437;1001442437;"PUSTU CENDANA MANANGA";"Puskesmas Pembantu";;53;"Nusa Tenggara Timur";5317;"Kab. Sumba Tengah";531703;Mamboro;0;0;;;;Operasional;Aktif
1610;Pustu;1001452937;1001452937;"PUSTU ELU MALINJAK";"Puskesmas Pembantu";;53;"Nusa Tenggara Timur";5317;"Kab. Sumba Tengah";531705;"Katiku Tana Selatan";0;0;;;;Operasional;Aktif
1611;Pustu;1001336559;1001336559;"PUSTU LENANG PAHAR";"Puskesmas Pembantu";;53;"Nusa Tenggara Timur";5317;"Kab. Sumba Tengah";531704;"Umbu Ratu Nggay";0;0;;;;Operasional;Aktif
1612;Pustu;1001282813;1001282813;"PUSTU NGADU BOLU PAHAR";"Puskesmas Pembantu";;53;"Nusa Tenggara Timur";5317;"Kab. Sumba Tengah";531704;"Umbu Ratu Nggay";0;0;;;;Operasional;Aktif
1613;Pustu;1001286924;1001286924;"PUSTU OKA WACU MALINJAK";"Puskesmas Pembantu";;53;"Nusa Tenggara Timur";5317;"Kab. Sumba Tengah";531705;"Katiku Tana Selatan";0;0;;;;Operasional;Aktif
1614;Pustu;1001345275;1001345275;"PUSTU SORU LENDIWACU";"Puskesmas Pembantu";;53;"Nusa Tenggara Timur";5317;"Kab. Sumba Tengah";531704;"Umbu Ratu Nggay";0;0;;;;Operasional;Aktif
1615;Pustu;1001386360;1001386360;"PUSTU UMBU LANGANG WAIRASA";"Puskesmas Pembantu";;53;"Nusa Tenggara Timur";5317;"Kab. Sumba Tengah";531702;"Umbu Ratu Nggay Barat";0;0;;;;Operasional;Aktif
1616;Pustu;1001388198;1001388198;"PUSTU WAIMANU MALINJAK";"Puskesmas Pembantu";;53;"Nusa Tenggara Timur";5317;"Kab. Sumba Tengah";531705;"Katiku Tana Selatan";0;0;;;;Operasional;Aktif
1617;Pustu;1001389594;1001389594;"PUSTU WANGGA WAIYENGU LAWONDA";"Puskesmas Pembantu";;53;"Nusa Tenggara Timur";5317;"Kab. Sumba Tengah";531702;"Umbu Ratu Nggay Barat";0;0;;;;Operasional;Aktif
1618;Pustu;1001392022;1001392022;"PUSTU WENDEWA BARAT MANANGA";"Puskesmas Pembantu";;53;"Nusa Tenggara Timur";5317;"Kab. Sumba Tengah";531703;Mamboro;0;0;;;;Operasional;Aktif
1619;Pustu;1001392034;1001392034;"PUSTU WENDEWA TIMUR MANANGA";"Puskesmas Pembantu";;53;"Nusa Tenggara Timur";5317;"Kab. Sumba Tengah";531703;Mamboro;0;0;;;;Operasional;Aktif
1620;Pustu;1001413840;1001413840;"PUSTU ANA ENGGE KAWANGO HARI";"Puskesmas Pembantu";;53;"Nusa Tenggara Timur";5318;"Kab. Sumba Barat Daya";531807;Kodi;0;0;;;;Operasional;Aktif
1621;Pustu;1001415795;1001415795;"PUSTU ATE DALO BONDOKODI";"Puskesmas Pembantu";;53;"Nusa Tenggara Timur";5318;"Kab. Sumba Barat Daya";531807;Kodi;0;0;;;;Operasional;Aktif
1622;Pustu;1001433852;1001433852;"PUSTU BONDO BOGHILA RADA MATA";"Puskesmas Pembantu";;53;"Nusa Tenggara Timur";5318;"Kab. Sumba Barat Daya";531801;Loura;0;0;;;;Operasional;Aktif
1623;Pustu;1001448211;1001448211;"PUSTU DANGGA MANGU ELOPADA";"Puskesmas Pembantu";;53;"Nusa Tenggara Timur";5318;"Kab. Sumba Barat Daya";531803;"Wewewa Timur";0;0;;;;Operasional;Aktif
1624;Pustu;1001449435;1001449435;"PUSTU DELO TENA TEKE";"Puskesmas Pembantu";;53;"Nusa Tenggara Timur";5318;"Kab. Sumba Barat Daya";531805;"Wewewa Selatan";0;0;;;;Operasional;Aktif
1625;Pustu;1001450202;1001450202;"PUSTU DIKIRA ELOPADA";"Puskesmas Pembantu";;53;"Nusa Tenggara Timur";5318;"Kab. Sumba Barat Daya";531803;"Wewewa Timur";0;0;;;;Operasional;Aktif
1626;Pustu;1001470238;1001470238;"PUSTU KADAGHU TANA KORI";"Puskesmas Pembantu";;53;"Nusa Tenggara Timur";5318;"Kab. Sumba Barat Daya";531808;"Kodi Utara";0;0;;;;Operasional;Aktif
1627;Pustu;1001470678;1001470678;"PUSTU KAHALE PANENGGO EDE";"Puskesmas Pembantu";;53;"Nusa Tenggara Timur";5318;"Kab. Sumba Barat Daya";531811;"Kodi Balaghar";0;0;;;;Operasional;Aktif
1628;Pustu;1001471268;1001471268;"PUSTU KALEMBU KAHA WATU KAWULA";"Puskesmas Pembantu";;53;"Nusa Tenggara Timur";5318;"Kab. Sumba Barat Daya";531809;"Kota Tambolaka";0;0;;;;Operasional;Aktif
1629;Pustu;1001472121;1001472121;"PUSTU KALIMBU TILLU TENA TEKE";"Puskesmas Pembantu";;53;"Nusa Tenggara Timur";5318;"Kab. Sumba Barat Daya";531804;"Wewewa Barat";0;0;;;;Operasional;Aktif
1630;Pustu;1001479117;1001479117;"PUSTU KAWANGO HARI KAWANGO HARI";"Puskesmas Pembantu";;53;"Nusa Tenggara Timur";5318;"Kab. Sumba Barat Daya";531807;Kodi;0;0;;;;Operasional;Aktif
1631;Pustu;1001253800;1001253800;"PUSTU LETE KONDA RADA MATA";"Puskesmas Pembantu";;53;"Nusa Tenggara Timur";5318;"Kab. Sumba Barat Daya";531801;Loura;0;0;;;;Operasional;Aktif
1632;Pustu;1001253812;1001253812;"PUSTU LETE KONDA SELATAN RADA MATA";"Puskesmas Pembantu";;53;"Nusa Tenggara Timur";5318;"Kab. Sumba Barat Daya";531801;Loura;0;0;;;;Operasional;Aktif
1633;Pustu;1001253824;1001253824;"PUSTU LETE LOKO WALANDIMU";"Puskesmas Pembantu";;53;"Nusa Tenggara Timur";5318;"Kab. Sumba Barat Daya";531806;"Kodi Bangedo";0;0;;;;Operasional;Aktif
1634;Pustu;1001256890;1001256890;"PUSTU LOMBU TENGGABA";"Puskesmas Pembantu";;53;"Nusa Tenggara Timur";5318;"Kab. Sumba Barat Daya";531810;"Wewewa Tengah";0;0;;;;Operasional;Aktif
1635;Pustu;1001262760;1001262760;"PUSTU MALI MADA PALLA";"Puskesmas Pembantu";;53;"Nusa Tenggara Timur";5318;"Kab. Sumba Barat Daya";531802;"Wewewa Utara";0;0;;;;Operasional;Aktif
1636;Pustu;1001264196;1001264196;"PUSTU MANDUNGO TENA TEKE";"Puskesmas Pembantu";;53;"Nusa Tenggara Timur";5318;"Kab. Sumba Barat Daya";531805;"Wewewa Selatan";0;0;;;;Operasional;Aktif
1637;Pustu;1001264354;1001264354;"PUSTU MANGGANIPI BILA CENGE";"Puskesmas Pembantu";;53;"Nusa Tenggara Timur";5318;"Kab. Sumba Barat Daya";531808;"Kodi Utara";0;0;;;;Operasional;Aktif
1638;Pustu;1001266065;1001266065;"PUSTU MAREDA KALADA ELOPADA";"Puskesmas Pembantu";;53;"Nusa Tenggara Timur";5318;"Kab. Sumba Barat Daya";531803;"Wewewa Timur";0;0;;;;Operasional;Aktif
1639;Pustu;1001268128;1001268128;"PUSTU MATA PYAWU ELOPADA";"Puskesmas Pembantu";;53;"Nusa Tenggara Timur";5318;"Kab. Sumba Barat Daya";531803;"Wewewa Timur";0;0;;;;Operasional;Aktif
1640;Pustu;1001268221;1001268221;"PUSTU MATAKAPORE DELU DEPA";"Puskesmas Pembantu";;53;"Nusa Tenggara Timur";5318;"Kab. Sumba Barat Daya";531806;"Kodi Bangedo";0;0;;;;Operasional;Aktif
1641;Pustu;1001287411;1001287411;"PUSTU OMBA RADE TENGGABA";"Puskesmas Pembantu";;53;"Nusa Tenggara Timur";5318;"Kab. Sumba Barat Daya";531810;"Wewewa Tengah";0;0;;;;Operasional;Aktif
1642;Pustu;1001373820;1001373820;"PUSTU TEMA TANA ELOPADA";"Puskesmas Pembantu";;53;"Nusa Tenggara Timur";5318;"Kab. Sumba Barat Daya";531803;"Wewewa Timur";0;0;;;;Operasional;Aktif
1643;Pustu;1001380275;1001380275;"PUSTU TOTOK RADA MATA";"Puskesmas Pembantu";;53;"Nusa Tenggara Timur";5318;"Kab. Sumba Barat Daya";531801;Loura;0;0;;;;Operasional;Aktif
1644;Pustu;1001387950;1001387950;"PUSTU WAIHA PANENGGO EDE";"Puskesmas Pembantu";;53;"Nusa Tenggara Timur";5318;"Kab. Sumba Barat Daya";531811;"Kodi Balaghar";0;0;;;;Operasional;Aktif
1645;Pustu;1001387986;1001387986;"PUSTU WAIHOLO KORI";"Puskesmas Pembantu";;53;"Nusa Tenggara Timur";5318;"Kab. Sumba Barat Daya";531808;"Kodi Utara";0;0;;;;Operasional;Aktif
1646;Pustu;1001388019;1001388019;"PUSTU WAIKADADA DELU DEPA";"Puskesmas Pembantu";;53;"Nusa Tenggara Timur";5318;"Kab. Sumba Barat Daya";531806;"Kodi Bangedo";0;0;;;;Operasional;Aktif
1647;Pustu;1001388095;1001388095;"PUSTU WAIKANINYO WALANDIMU";"Puskesmas Pembantu";;53;"Nusa Tenggara Timur";5318;"Kab. Sumba Barat Daya";531806;"Kodi Bangedo";0;0;;;;Operasional;Aktif
1648;Pustu;1001388100;1001388100;"PUSTU WAIKARARA PANENGGO EDE";"Puskesmas Pembantu";;53;"Nusa Tenggara Timur";5318;"Kab. Sumba Barat Daya";531811;"Kodi Balaghar";0;0;;;;Operasional;Aktif
1649;Pustu;1001391822;1001391822;"PUSTU WEE KOMBAKA WEEKOMBAK";"Puskesmas Pembantu";;53;"Nusa Tenggara Timur";5318;"Kab. Sumba Barat Daya";531804;"Wewewa Barat";0;0;;;;Operasional;Aktif
1650;Pustu;1001391834;1001391834;"PUSTU WEE NAMBA PALLA";"Puskesmas Pembantu";;53;"Nusa Tenggara Timur";5318;"Kab. Sumba Barat Daya";531802;"Wewewa Utara";0;0;;;;Operasional;Aktif
1651;Pustu;1001391846;1001391846;"PUSTU WEE RAME TENGGABA";"Puskesmas Pembantu";;53;"Nusa Tenggara Timur";5318;"Kab. Sumba Barat Daya";531810;"Wewewa Tengah";0;0;;;;Operasional;Aktif
1652;Pustu;1001391860;1001391860;"PUSTU WEE WULLA TENA TEKE";"Puskesmas Pembantu";;53;"Nusa Tenggara Timur";5318;"Kab. Sumba Barat Daya";531805;"Wewewa Selatan";0;0;;;;Operasional;Aktif
1653;Pustu;1001392125;1001392125;"PUSTU WERI LOLO WERI LOLO";"Puskesmas Pembantu";;53;"Nusa Tenggara Timur";5318;"Kab. Sumba Barat Daya";531805;"Wewewa Selatan";0;0;;;;Operasional;Aktif
1654;Pustu;1001406988;1001406988;"PUSTU 3 ULUNG BARAS POTA";"Puskesmas Pembantu";;53;"Nusa Tenggara Timur";5319;"Kab. Manggarai Timur";531904;"Sambi Rampas";0;0;;;;Operasional;Aktif
1655;Pustu;1001415290;1001415290;"PUSTU ARUS LAWIR";"Puskesmas Pembantu";;53;"Nusa Tenggara Timur";5319;"Kab. Manggarai Timur";531908;"Poco Ranaka Timur";0;0;;;;Operasional;Aktif
1656;Pustu;1001427138;1001427138;"PUSTU BEA NGENCUNG LALANG";"Puskesmas Pembantu";;53;"Nusa Tenggara Timur";5319;"Kab. Manggarai Timur";531907;"Rana Mese";0;0;;;;Operasional;Aktif
1657;Pustu;1001427140;1001427140;"PUSTU BEA WAEK MANO";"Puskesmas Pembantu";;53;"Nusa Tenggara Timur";5319;"Kab. Manggarai Timur";531902;"Poco Ranaka";0;0;;;;Operasional;Aktif
1658;Pustu;1001429071;1001429071;"PUSTU BENTENG RAJA LEBI";"Puskesmas Pembantu";;53;"Nusa Tenggara Timur";5319;"Kab. Manggarai Timur";531901;Borong;0;0;;;;Operasional;Aktif
1659;Pustu;1001429083;1001429083;"PUSTU BENTENG RAMPAS LAWIR";"Puskesmas Pembantu";;53;"Nusa Tenggara Timur";5319;"Kab. Manggarai Timur";531908;"Poco Ranaka Timur";0;0;;;;Operasional;Aktif
1660;Pustu;1001440960;1001440960;"PUSTU BUTI LENGKO AJANG";"Puskesmas Pembantu";;53;"Nusa Tenggara Timur";5319;"Kab. Manggarai Timur";531904;"Sambi Rampas";0;0;;;;Operasional;Aktif
1661;Pustu;1001535947;1001535947;"Pustu Compang Loni";"Puskesmas Pembantu";;53;"Nusa Tenggara Timur";5319;"Kab. Manggarai Timur";531907;"Rana Mese";0;0;;;;Operasional;Aktif
1662;Pustu;1001446471;1001446471;"PUSTU COMPANG NDEJING BORONG";"Puskesmas Pembantu";;53;"Nusa Tenggara Timur";5319;"Kab. Manggarai Timur";531901;Borong;0;0;;;;Operasional;Aktif
1663;Pustu;1001446483;1001446483;"PUSTU COMPANG TEBER SITA";"Puskesmas Pembantu";;53;"Nusa Tenggara Timur";5319;"Kab. Manggarai Timur";531907;"Rana Mese";0;0;;;;Operasional;Aktif
1664;Pustu;1001446495;1001446495;"PUSTU COMPANG TEO MOMBOK";"Puskesmas Pembantu";;53;"Nusa Tenggara Timur";5319;"Kab. Manggarai Timur";531905;Elar;0;0;;;;Operasional;Aktif
1665;Pustu;1001446500;1001446500;"PUSTU COMPANG WUNIS LAWIR";"Puskesmas Pembantu";;53;"Nusa Tenggara Timur";5319;"Kab. Manggarai Timur";531908;"Poco Ranaka Timur";0;0;;;;Operasional;Aktif
1666;Pustu;1001458591;1001458591;"PUSTU GOLO MANGUNG DAMPEK";"Puskesmas Pembantu";;53;"Nusa Tenggara Timur";5319;"Kab. Manggarai Timur";531903;"Lamba Leda";0;0;;;;Operasional;Aktif
1667;Pustu;1001458618;1001458618;"PUSTU GOLO MELENG SITA";"Puskesmas Pembantu";;53;"Nusa Tenggara Timur";5319;"Kab. Manggarai Timur";531907;"Rana Mese";0;0;;;;Operasional;Aktif
1668;Pustu;1001458606;1001458606;"PUSTU GOLO MUNGA BARAT WELENG";"Puskesmas Pembantu";;53;"Nusa Tenggara Timur";5319;"Kab. Manggarai Timur";531903;"Lamba Leda";0;0;;;;Operasional;Aktif
1669;Pustu;1001458620;1001458620;"PUSTU GOLO NDERU MUKUN";"Puskesmas Pembantu";;53;"Nusa Tenggara Timur";5319;"Kab. Manggarai Timur";531906;"Kota Komba";0;0;;;;Operasional;Aktif
1670;Pustu;1001458632;1001458632;"PUSTU GOLO NGAWAN WAKTU NGGONG";"Puskesmas Pembantu";;53;"Nusa Tenggara Timur";5319;"Kab. Manggarai Timur";531904;"Sambi Rampas";0;0;;;;Operasional;Aktif
1671;Pustu;1001458644;1001458644;"PUSTU GOLO PARI WAKTU NGGONG";"Puskesmas Pembantu";;53;"Nusa Tenggara Timur";5319;"Kab. Manggarai Timur";531904;"Sambi Rampas";0;0;;;;Operasional;Aktif
1672;Pustu;1001458709;1001458709;"PUSTU GOLO ROS LALANG";"Puskesmas Pembantu";;53;"Nusa Tenggara Timur";5319;"Kab. Manggarai Timur";531907;"Rana Mese";0;0;;;;Operasional;Aktif
1673;Pustu;1001297090;1001297090;"PUSTU GUNUNG WAE LENGGA";"Puskesmas Pembantu";;53;"Nusa Tenggara Timur";5319;"Kab. Manggarai Timur";531906;"Kota Komba";0;0;;;;Operasional;Aktif
1674;Pustu;1001461263;1001461263;"PUSTU GURUNG LIWUT PEOT";"Puskesmas Pembantu";;53;"Nusa Tenggara Timur";5319;"Kab. Manggarai Timur";531901;Borong;0;0;;;;Operasional;Aktif
1675;Pustu;1001461548;1001461548;"PUSTU HAJU NGENDONG MOMBOK";"Puskesmas Pembantu";;53;"Nusa Tenggara Timur";5319;"Kab. Manggarai Timur";531905;Elar;0;0;;;;Operasional;Aktif
1676;Pustu;1001461550;1001461550;"PUSTU HAJU WANGI DAMPEK";"Puskesmas Pembantu";;53;"Nusa Tenggara Timur";5319;"Kab. Manggarai Timur";531903;"Lamba Leda";0;0;;;;Operasional;Aktif
1677;Pustu;1001239634;1001239634;"PUSTU KOMBA WAE LENGGA";"Puskesmas Pembantu";;53;"Nusa Tenggara Timur";5319;"Kab. Manggarai Timur";531906;"Kota Komba";0;0;;;;Operasional;Aktif
1678;Pustu;1001252337;1001252337;"PUSTU LEGUR LAI LEMPANG PAJI";"Puskesmas Pembantu";;53;"Nusa Tenggara Timur";5319;"Kab. Manggarai Timur";531905;Elar;0;0;;;;Operasional;Aktif
1679;Pustu;1001253020;1001253020;"PUSTU LEMBUR KISOL";"Puskesmas Pembantu";;53;"Nusa Tenggara Timur";5319;"Kab. Manggarai Timur";531906;"Kota Komba";0;0;;;;Operasional;Aktif
1680;Pustu;1001336547;1001336547;"PUSTU LENANG LENANG";"Puskesmas Pembantu";;53;"Nusa Tenggara Timur";5319;"Kab. Manggarai Timur";531902;"Poco Ranaka";0;0;;;;Operasional;Aktif
1681;Pustu;1001253496;1001253496;"PUSTU LEONG BEAMURING";"Puskesmas Pembantu";;53;"Nusa Tenggara Timur";5319;"Kab. Manggarai Timur";531902;"Poco Ranaka";0;0;;;;Operasional;Aktif
1682;Pustu;1001271515;1001271515;"PUSTU MELO BEAMURING";"Puskesmas Pembantu";;53;"Nusa Tenggara Timur";5319;"Kab. Manggarai Timur";531902;"Poco Ranaka";0;0;;;;Operasional;Aktif
1683;Pustu;1001279957;1001279957;"PUSTU NAMPAR SEPANG POTA";"Puskesmas Pembantu";;53;"Nusa Tenggara Timur";5319;"Kab. Manggarai Timur";531904;"Sambi Rampas";0;0;;;;Operasional;Aktif
1684;Pustu;1001280451;1001280451;"PUSTU NANGA LABANG BORONG";"Puskesmas Pembantu";;53;"Nusa Tenggara Timur";5319;"Kab. Manggarai Timur";531901;Borong;0;0;;;;Operasional;Aktif
1685;Pustu;1001309477;1001309477;"PUSTU POCO LIA MANO";"Puskesmas Pembantu";;53;"Nusa Tenggara Timur";5319;"Kab. Manggarai Timur";531902;"Poco Ranaka";0;0;;;;Operasional;Aktif
1686;Pustu;1001310672;1001310672;"PUSTU PONG RUAN KETANG";"Puskesmas Pembantu";;53;"Nusa Tenggara Timur";5319;"Kab. Manggarai Timur";531906;"Kota Komba";0;0;;;;Operasional;Aktif
1687;Pustu;1001316896;1001316896;"PUSTU RANA GAPANG ELAR";"Puskesmas Pembantu";;53;"Nusa Tenggara Timur";5319;"Kab. Manggarai Timur";531905;Elar;0;0;;;;Operasional;Aktif
1688;Pustu;1001316901;1001316901;"PUSTU RANA KULAN MOMBOK";"Puskesmas Pembantu";;53;"Nusa Tenggara Timur";5319;"Kab. Manggarai Timur";531905;Elar;0;0;;;;Operasional;Aktif
1689;Pustu;1001316913;1001316913;"PUSTU RANA MBATA MUKUN";"Puskesmas Pembantu";;53;"Nusa Tenggara Timur";5319;"Kab. Manggarai Timur";531906;"Kota Komba";0;0;;;;Operasional;Aktif
1690;Pustu;1001316925;1001316925;"PUSTU RANA MESE WAKTU NGGONG";"Puskesmas Pembantu";;53;"Nusa Tenggara Timur";5319;"Kab. Manggarai Timur";531904;"Sambi Rampas";0;0;;;;Operasional;Aktif
1691;Pustu;1001326152;1001326152;"PUSTU SANO LOKOM SITA";"Puskesmas Pembantu";;53;"Nusa Tenggara Timur";5319;"Kab. Manggarai Timur";531907;"Rana Mese";0;0;;;;Operasional;Aktif
1692;Pustu;1001535882;1001535882;"Pustu Satar Kampas";"Puskesmas Pembantu";;53;"Nusa Tenggara Timur";5319;"Kab. Manggarai Timur";531911;"Lamba Leda Utara";0;0;;;;Operasional;Aktif
1693;Pustu;1001535985;1001535985;"Pustu Satar Lenda";"Puskesmas Pembantu";;53;"Nusa Tenggara Timur";5319;"Kab. Manggarai Timur";531907;"Rana Mese";0;0;;;;Operasional;Aktif
1694;Pustu;1001535923;1001535923;"Pustu Tengku Leda";"Puskesmas Pembantu";;53;"Nusa Tenggara Timur";5319;"Kab. Manggarai Timur";531903;"Lamba Leda";0;0;;;;Operasional;Aktif
1695;Pustu;1001380110;1001380110;"PUSTU TOROK GOLO LALANG";"Puskesmas Pembantu";;53;"Nusa Tenggara Timur";5319;"Kab. Manggarai Timur";531907;"Rana Mese";0;0;;;;Operasional;Aktif
1696;Pustu;1001388875;1001388875;"PUSTU WALING TILIR";"Puskesmas Pembantu";;53;"Nusa Tenggara Timur";5319;"Kab. Manggarai Timur";531901;Borong;0;0;;;;Operasional;Aktif
1697;Pustu;1001389623;1001389623;"PUSTU WANGKAR WELI COLOL";"Puskesmas Pembantu";;53;"Nusa Tenggara Timur";5319;"Kab. Manggarai Timur";531908;"Poco Ranaka Timur";0;0;;;;Operasional;Aktif
1698;Pustu;1001402645;1001402645;"PUSTU WELA LADA LENGKO AJANG";"Puskesmas Pembantu";;53;"Nusa Tenggara Timur";5319;"Kab. Manggarai Timur";531904;"Sambi Rampas";0;0;;;;Operasional;Aktif
1699;Pustu;1001403819;1001403819;"PUSTU 1 LEDEKE LEDEUNU";"Puskesmas Pembantu";;53;"Nusa Tenggara Timur";5320;"Kab. Sabu Raijua";532006;Raijua;0;0;;;;Operasional;Aktif
1700;Pustu;1001405221;1001405221;"PUSTU 2 LIMAGGU BOLLOU";"Puskesmas Pembantu";;53;"Nusa Tenggara Timur";5320;"Kab. Sabu Raijua";532003;"Sabu Timur";0;0;;;;Operasional;Aktif
1701;Pustu;1001419155;1001419155;"PUSTU BALLU LEDEUNU";"Puskesmas Pembantu";;53;"Nusa Tenggara Timur";5320;"Kab. Sabu Raijua";532006;Raijua;0;0;;;;Operasional;Aktif
1702;Pustu;1001427164;1001427164;"PUSTU BEBAE EIMMADEKE";"Puskesmas Pembantu";;53;"Nusa Tenggara Timur";5320;"Kab. Sabu Raijua";532002;"Sabu Tengah";0;0;;;;Operasional;Aktif
1703;Pustu;1001432896;1001432896;"PUSTU BODAE BOLLOU";"Puskesmas Pembantu";;53;"Nusa Tenggara Timur";5320;"Kab. Sabu Raijua";532003;"Sabu Timur";0;0;;;;Operasional;Aktif
1704;Pustu;1001433670;1001433670;"PUSTU BOLUA LEDEUNU";"Puskesmas Pembantu";;53;"Nusa Tenggara Timur";5320;"Kab. Sabu Raijua";532006;Raijua;0;0;;;;Operasional;Aktif
1705;Pustu;1001447504;1001447504;"PUSTU DAIEKO DAIEKO";"Puskesmas Pembantu";;53;"Nusa Tenggara Timur";5320;"Kab. Sabu Raijua";532005;"Hawu Mehara";0;0;;;;Operasional;Aktif
1706;Pustu;1001447528;1001447528;"PUSTU DAINAO EILOGO";"Puskesmas Pembantu";;53;"Nusa Tenggara Timur";5320;"Kab. Sabu Raijua";532004;"Sabu Liae";0;0;;;;Operasional;Aktif
1707;Pustu;1001449423;1001449423;"PUSTU DELO SEBA";"Puskesmas Pembantu";;53;"Nusa Tenggara Timur";5320;"Kab. Sabu Raijua";532001;"Sabu Barat";0;0;;;;Operasional;Aktif
1708;Pustu;1001449552;1001449552;"PUSTU DEME EILOGO";"Puskesmas Pembantu";;53;"Nusa Tenggara Timur";5320;"Kab. Sabu Raijua";532004;"Sabu Liae";0;0;;;;Operasional;Aktif
1709;Pustu;1001449708;1001449708;"PUSTU DEPE SEBA";"Puskesmas Pembantu";;53;"Nusa Tenggara Timur";5320;"Kab. Sabu Raijua";532001;"Sabu Barat";0;0;;;;Operasional;Aktif
1710;Pustu;1001450408;1001450408;"PUSTU DJADU SEBA";"Puskesmas Pembantu";;53;"Nusa Tenggara Timur";5320;"Kab. Sabu Raijua";532001;"Sabu Barat";0;0;;;;Operasional;Aktif
1711;Pustu;1001452676;1001452676;"PUSTU EIADA BOLLOU";"Puskesmas Pembantu";;53;"Nusa Tenggara Timur";5320;"Kab. Sabu Raijua";532003;"Sabu Timur";0;0;;;;Operasional;Aktif
1712;Pustu;1001452688;1001452688;"PUSTU EIKARE EILOGO";"Puskesmas Pembantu";;53;"Nusa Tenggara Timur";5320;"Kab. Sabu Raijua";532004;"Sabu Liae";0;0;;;;Operasional;Aktif
1713;Pustu;1001452690;1001452690;"PUSTU EILODE EIMMADEKE";"Puskesmas Pembantu";;53;"Nusa Tenggara Timur";5320;"Kab. Sabu Raijua";532002;"Sabu Tengah";0;0;;;;Operasional;Aktif
1714;Pustu;1001452705;1001452705;"PUSTU EILOGO EILOGO";"Puskesmas Pembantu";;53;"Nusa Tenggara Timur";5320;"Kab. Sabu Raijua";532004;"Sabu Liae";0;0;;;;Operasional;Aktif
1715;Pustu;1001452717;1001452717;"PUSTU EIMADAKE EIMMADEKE";"Puskesmas Pembantu";;53;"Nusa Tenggara Timur";5320;"Kab. Sabu Raijua";532002;"Sabu Tengah";0;0;;;;Operasional;Aktif
1716;Pustu;1001452729;1001452729;"PUSTU EIMAU EIMMADEKE";"Puskesmas Pembantu";;53;"Nusa Tenggara Timur";5320;"Kab. Sabu Raijua";532002;"Sabu Tengah";0;0;;;;Operasional;Aktif
1717;Pustu;1001461184;1001461184;"PUSTU GURIMONEARU DAIEKO";"Puskesmas Pembantu";;53;"Nusa Tenggara Timur";5320;"Kab. Sabu Raijua";532005;"Hawu Mehara";0;0;;;;Operasional;Aktif
1718;Pustu;1001461615;1001461615;"PUSTU HALLA PAJI EILOGO";"Puskesmas Pembantu";;53;"Nusa Tenggara Timur";5320;"Kab. Sabu Raijua";532004;"Sabu Liae";0;0;;;;Operasional;Aktif
1719;Pustu;1001300744;1001300744;"PUSTU HUWAGA BOLLOU";"Puskesmas Pembantu";;53;"Nusa Tenggara Timur";5320;"Kab. Sabu Raijua";532003;"Sabu Timur";0;0;;;;Operasional;Aktif
1720;Pustu;1001305249;1001305249;"PUSTU JIWUWU EIMMADEKE";"Puskesmas Pembantu";;53;"Nusa Tenggara Timur";5320;"Kab. Sabu Raijua";532002;"Sabu Tengah";0;0;;;;Operasional;Aktif
1721;Pustu;1001481275;1001481275;"PUSTU KEDURU BOLLOU";"Puskesmas Pembantu";;53;"Nusa Tenggara Timur";5320;"Kab. Sabu Raijua";532003;"Sabu Timur";0;0;;;;Operasional;Aktif
1722;Pustu;1001481768;1001481768;"PUSTU KELIHA BOLLOU";"Puskesmas Pembantu";;53;"Nusa Tenggara Timur";5320;"Kab. Sabu Raijua";532003;"Sabu Timur";0;0;;;;Operasional;Aktif
1723;Pustu;1001239543;1001239543;"PUSTU KOLORAE LEDEUNU";"Puskesmas Pembantu";;53;"Nusa Tenggara Timur";5320;"Kab. Sabu Raijua";532006;Raijua;0;0;;;;Operasional;Aktif
1724;Pustu;1001240592;1001240592;"PUSTU KOTAHAWU EILOGO";"Puskesmas Pembantu";;53;"Nusa Tenggara Timur";5320;"Kab. Sabu Raijua";532004;"Sabu Liae";0;0;;;;Operasional;Aktif
1725;Pustu;1001243623;1001243623;"PUSTU KUJI RATU BOLLOU";"Puskesmas Pembantu";;53;"Nusa Tenggara Timur";5320;"Kab. Sabu Raijua";532003;"Sabu Timur";0;0;;;;Operasional;Aktif
1726;Pustu;1001252179;1001252179;"PUSTU LEDEANA SEBA";"Puskesmas Pembantu";;53;"Nusa Tenggara Timur";5320;"Kab. Sabu Raijua";532001;"Sabu Barat";0;0;;;;Operasional;Aktif
1727;Pustu;1001252181;1001252181;"PUSTU LEDEKE EILOGO";"Puskesmas Pembantu";;53;"Nusa Tenggara Timur";5320;"Kab. Sabu Raijua";532004;"Sabu Liae";0;0;;;;Operasional;Aktif
1728;Pustu;1001252193;1001252193;"PUSTU LEDEKEPAKA SEBA";"Puskesmas Pembantu";;53;"Nusa Tenggara Timur";5320;"Kab. Sabu Raijua";532001;"Sabu Barat";0;0;;;;Operasional;Aktif
1729;Pustu;1001252208;1001252208;"PUSTU LEDERAGA DAIEKO";"Puskesmas Pembantu";;53;"Nusa Tenggara Timur";5320;"Kab. Sabu Raijua";532005;"Hawu Mehara";0;0;;;;Operasional;Aktif
1730;Pustu;1001252210;1001252210;"PUSTU LEDETALO EILOGO";"Puskesmas Pembantu";;53;"Nusa Tenggara Timur";5320;"Kab. Sabu Raijua";532004;"Sabu Liae";0;0;;;;Operasional;Aktif
1731;Pustu;1001256163;1001256163;"PUSTU LOBOAJU EIMMADEKE";"Puskesmas Pembantu";;53;"Nusa Tenggara Timur";5320;"Kab. Sabu Raijua";532002;"Sabu Tengah";0;0;;;;Operasional;Aktif
1732;Pustu;1001256175;1001256175;"PUSTU LOBODEI BOLLOU";"Puskesmas Pembantu";;53;"Nusa Tenggara Timur";5320;"Kab. Sabu Raijua";532003;"Sabu Timur";0;0;;;;Operasional;Aktif
1733;Pustu;1001256187;1001256187;"PUSTU LOBOHEDE DAIEKO";"Puskesmas Pembantu";;53;"Nusa Tenggara Timur";5320;"Kab. Sabu Raijua";532005;"Hawu Mehara";0;0;;;;Operasional;Aktif
1734;Pustu;1001256204;1001256204;"PUSTU LOBORAI BOLLOU";"Puskesmas Pembantu";;53;"Nusa Tenggara Timur";5320;"Kab. Sabu Raijua";532003;"Sabu Timur";0;0;;;;Operasional;Aktif
1735;Pustu;1001256216;1001256216;"PUSTU LOBORUI EILOGO";"Puskesmas Pembantu";;53;"Nusa Tenggara Timur";5320;"Kab. Sabu Raijua";532004;"Sabu Liae";0;0;;;;Operasional;Aktif
1736;Pustu;1001268570;1001268570;"PUSTU MATEI EIMMADEKE";"Puskesmas Pembantu";;53;"Nusa Tenggara Timur";5320;"Kab. Sabu Raijua";532002;"Sabu Tengah";0;0;;;;Operasional;Aktif
1737;Pustu;1001269897;1001269897;"PUSTU MEHONA EILOGO";"Puskesmas Pembantu";;53;"Nusa Tenggara Timur";5320;"Kab. Sabu Raijua";532004;"Sabu Liae";0;0;;;;Operasional;Aktif
1738;Pustu;1001271981;1001271981;"PUSTU MENIA SEBA";"Puskesmas Pembantu";;53;"Nusa Tenggara Timur";5320;"Kab. Sabu Raijua";532001;"Sabu Barat";0;0;;;;Operasional;Aktif
1739;Pustu;1001274696;1001274696;"PUSTU MOLIE DAIEKO";"Puskesmas Pembantu";;53;"Nusa Tenggara Timur";5320;"Kab. Sabu Raijua";532005;"Hawu Mehara";0;0;;;;Operasional;Aktif
1740;Pustu;1001279323;1001279323;"PUSTU NAAWAWI SEBA";"Puskesmas Pembantu";;53;"Nusa Tenggara Timur";5320;"Kab. Sabu Raijua";532001;"Sabu Barat";0;0;;;;Operasional;Aktif
1741;Pustu;1001301762;1001301762;"PUSTU PEDARRO DAIEKO";"Puskesmas Pembantu";;53;"Nusa Tenggara Timur";5320;"Kab. Sabu Raijua";532005;"Hawu Mehara";0;0;;;;Operasional;Aktif
1742;Pustu;1001316004;1001316004;"PUSTU RAEDEWA SEBA";"Puskesmas Pembantu";;53;"Nusa Tenggara Timur";5320;"Kab. Sabu Raijua";532001;"Sabu Barat";0;0;;;;Operasional;Aktif
1743;Pustu;1001316016;1001316016;"PUSTU RAEKORE SEBA";"Puskesmas Pembantu";;53;"Nusa Tenggara Timur";5320;"Kab. Sabu Raijua";532001;"Sabu Barat";0;0;;;;Operasional;Aktif
1744;Pustu;1001316028;1001316028;"PUSTU RAEMADIA SEBA";"Puskesmas Pembantu";;53;"Nusa Tenggara Timur";5320;"Kab. Sabu Raijua";532001;"Sabu Barat";0;0;;;;Operasional;Aktif
1745;Pustu;1001316030;1001316030;"PUSTU RAEMUDE SEBA";"Puskesmas Pembantu";;53;"Nusa Tenggara Timur";5320;"Kab. Sabu Raijua";532001;"Sabu Barat";0;0;;;;Operasional;Aktif
1746;Pustu;1001316042;1001316042;"PUSTU RAENALULU SEBA";"Puskesmas Pembantu";;53;"Nusa Tenggara Timur";5320;"Kab. Sabu Raijua";532001;"Sabu Barat";0;0;;;;Operasional;Aktif
1747;Pustu;1001316054;1001316054;"PUSTU RAENYALE SEBA";"Puskesmas Pembantu";;53;"Nusa Tenggara Timur";5320;"Kab. Sabu Raijua";532001;"Sabu Barat";0;0;;;;Operasional;Aktif
1748;Pustu;1001316066;1001316066;"PUSTU RAEROBO EILOGO";"Puskesmas Pembantu";;53;"Nusa Tenggara Timur";5320;"Kab. Sabu Raijua";532004;"Sabu Liae";0;0;;;;Operasional;Aktif
1749;Pustu;1001316779;1001316779;"PUSTU RAMEDUE DAIEKO";"Puskesmas Pembantu";;53;"Nusa Tenggara Timur";5320;"Kab. Sabu Raijua";532005;"Hawu Mehara";0;0;;;;Operasional;Aktif
1750;Pustu;1001359903;1001359903;"PUSTU TADA EIMMADEKE";"Puskesmas Pembantu";;53;"Nusa Tenggara Timur";5320;"Kab. Sabu Raijua";532002;"Sabu Tengah";0;0;;;;Operasional;Aktif
1751;Pustu;1001364180;1001364180;"PUSTU TANAJAWA DAIEKO";"Puskesmas Pembantu";;53;"Nusa Tenggara Timur";5320;"Kab. Sabu Raijua";532005;"Hawu Mehara";0;0;;;;Operasional;Aktif
1752;Pustu;1001375323;1001375323;"PUSTU TERIWU SEBA";"Puskesmas Pembantu";;53;"Nusa Tenggara Timur";5320;"Kab. Sabu Raijua";532001;"Sabu Barat";0;0;;;;Operasional;Aktif
1753;Pustu;1001377931;1001377931;"PUSTU TITINALEDE SEBA";"Puskesmas Pembantu";;53;"Nusa Tenggara Timur";5320;"Kab. Sabu Raijua";532001;"Sabu Barat";0;0;;;;Operasional;Aktif
1754;Pustu;1001387376;1001387376;"PUSTU WADUMADDI DAIEKO";"Puskesmas Pembantu";;53;"Nusa Tenggara Timur";5320;"Kab. Sabu Raijua";532005;"Hawu Mehara";0;0;;;;Operasional;Aktif
1755;Pustu;1001387390;1001387390;"PUSTU WADUWALLA EILOGO";"Puskesmas Pembantu";;53;"Nusa Tenggara Timur";5320;"Kab. Sabu Raijua";532004;"Sabu Liae";0;0;;;;Operasional;Aktif
1756;Pustu;1001412195;1001412195;"PUSTU ALAS ALAS";"Puskesmas Pembantu";;53;"Nusa Tenggara Timur";5321;"Kab. Malaka";532110;"Kobalima Timur";0;0;;;;Operasional;Aktif
1757;Pustu;1001412224;1001412224;"PUSTU ALAS UTARA ALAS";"Puskesmas Pembantu";;53;"Nusa Tenggara Timur";5321;"Kab. Malaka";532110;"Kobalima Timur";0;0;;;;Operasional;Aktif
1758;Pustu;1001415331;1001415331;"PUSTU AS MANULEA KAPUTU";"Puskesmas Pembantu";;53;"Nusa Tenggara Timur";5321;"Kab. Malaka";532107;Sasitamean;0;0;;;;Operasional;Aktif
1759;Pustu;1001252143;1001252143;"PUSTU BABOTIN SARINA";"Puskesmas Pembantu";;53;"Nusa Tenggara Timur";5321;"Kab. Malaka";532112;"Botin Leobele";0;0;;;;Operasional;Aktif
1760;Pustu;1001416701;1001416701;"PUSTU BABULU SELATAN BABULU";"Puskesmas Pembantu";;53;"Nusa Tenggara Timur";5321;"Kab. Malaka";532111;Kobalima;0;0;;;;Operasional;Aktif
1761;Pustu;1001450305;1001450305;"PUSTU DIRMA SEON";"Puskesmas Pembantu";;53;"Nusa Tenggara Timur";5321;"Kab. Malaka";532109;"Malaka Timur";0;0;;;;Operasional;Aktif
1762;Pustu;1001453747;1001453747;"PUSTU FATUARUIN KAPUTU";"Puskesmas Pembantu";;53;"Nusa Tenggara Timur";5321;"Kab. Malaka";532107;Sasitamean;0;0;;;;Operasional;Aktif
1763;Pustu;1001461598;1001461598;"PUSTU HALIBASAR WEOE";"Puskesmas Pembantu";;53;"Nusa Tenggara Timur";5321;"Kab. Malaka";532103;Wewiku;0;0;;;;Operasional;Aktif
1764;Pustu;1001462396;1001462396;"PUSTU HAREKAKAE BETUN";"Puskesmas Pembantu";;53;"Nusa Tenggara Timur";5321;"Kab. Malaka";532101;"Malaka Tengah";0;0;;;;Operasional;Aktif
1765;Pustu;1001470824;1001470824;"PUSTU KAKANIUK BETUN";"Puskesmas Pembantu";;53;"Nusa Tenggara Timur";5321;"Kab. Malaka";532101;"Malaka Tengah";0;0;;;;Operasional;Aktif
1766;Pustu;1001472951;1001472951;"PUSTU KAMANASA BETUN";"Puskesmas Pembantu";;53;"Nusa Tenggara Timur";5321;"Kab. Malaka";532101;"Malaka Tengah";0;0;;;;Operasional;Aktif
1767;Pustu;1001483687;1001483687;"PUSTU KEREANA SARINA";"Puskesmas Pembantu";;53;"Nusa Tenggara Timur";5321;"Kab. Malaka";532112;"Botin Leobele";0;0;;;;Operasional;Aktif
1768;Pustu;1001240530;1001240530;"PUSTU KOTABIRU ALAS";"Puskesmas Pembantu";;53;"Nusa Tenggara Timur";5321;"Kab. Malaka";532110;"Kobalima Timur";0;0;;;;Operasional;Aktif
1769;Pustu;1001255949;1001255949;"PUSTU LITAMALI NAMFALUS";"Puskesmas Pembantu";;53;"Nusa Tenggara Timur";5321;"Kab. Malaka";532111;Kobalima;0;0;;;;Operasional;Aktif
1770;Pustu;1001362156;1001362156;"PUSTU NAUKE KUSA UABAU";"Puskesmas Pembantu";;53;"Nusa Tenggara Timur";5321;"Kab. Malaka";532108;Laenmanen;0;0;;;;Operasional;Aktif
1771;Pustu;1001315892;1001315892;"PUSTU RABASA BESIKAMA";"Puskesmas Pembantu";;53;"Nusa Tenggara Timur";5321;"Kab. Malaka";532102;"Malaka Barat";0;0;;;;Operasional;Aktif
1772;Pustu;1001326140;1001326140;"PUSTU SANLEO SEON";"Puskesmas Pembantu";;53;"Nusa Tenggara Timur";5321;"Kab. Malaka";532109;"Malaka Timur";0;0;;;;Operasional;Aktif
1773;Pustu;1001397486;1001397486;"PUSTU SESERAI ALKANI";"Puskesmas Pembantu";;53;"Nusa Tenggara Timur";5321;"Kab. Malaka";532103;Wewiku;0;0;;;;Operasional;Aktif
1774;Pustu;1001397929;1001397929;"PUSTU SIKUN BESIKAMA";"Puskesmas Pembantu";;53;"Nusa Tenggara Timur";5321;"Kab. Malaka";532102;"Malaka Barat";0;0;;;;Operasional;Aktif
1775;Pustu;1001343394;1001343394;"PUSTU SISI NAMFALUS";"Puskesmas Pembantu";;53;"Nusa Tenggara Timur";5321;"Kab. Malaka";532111;Kobalima;0;0;;;;Operasional;Aktif
1776;Pustu;1001360055;1001360055;"PUSTU TAFULI TAFULI";"Puskesmas Pembantu";;53;"Nusa Tenggara Timur";5321;"Kab. Malaka";532105;Rinhat;0;0;;;;Operasional;Aktif
1777;Pustu;1001378349;1001378349;"PUSTU TNIUMANU NUROBO";"Puskesmas Pembantu";;53;"Nusa Tenggara Timur";5321;"Kab. Malaka";532108;Laenmanen;0;0;;;;Operasional;Aktif
1778;Pustu;1001386293;1001386293;"PUSTU UMALAWAIN WELIMAN";"Puskesmas Pembantu";;53;"Nusa Tenggara Timur";5321;"Kab. Malaka";532104;Weliman;0;0;;;;Operasional;Aktif
1779;Pustu;1001391808;1001391808;"PUSTU WEDEROK WELIMAN";"Puskesmas Pembantu";;53;"Nusa Tenggara Timur";5321;"Kab. Malaka";532104;Weliman;0;0;;;;Operasional;Aktif
1780;Pustu;1001402621;1001402621;"PUSTU WEKEKE TAFULI";"Puskesmas Pembantu";;53;"Nusa Tenggara Timur";5321;"Kab. Malaka";532105;Rinhat;0;0;;;;Operasional;Aktif
1781;Pustu;1001402748;1001402748;"PUSTU WEMEDA SEON";"Puskesmas Pembantu";;53;"Nusa Tenggara Timur";5321;"Kab. Malaka";532109;"Malaka Timur";0;0;;;;Operasional;Aktif
1782;Pustu;1001392060;1001392060;"PUSTU WEOE WEOE";"Puskesmas Pembantu";;53;"Nusa Tenggara Timur";5321;"Kab. Malaka";532103;Wewiku;0;0;;;;Operasional;Aktif
1783;Pustu;1001406641;1001406641;"PUSTU AIR BARU PENFUI";"Puskesmas Pembantu";;53;"Nusa Tenggara Timur";5371;"Kota Kupang";537102;Maulafa;0;0;;;;Operasional;Aktif
1784;Pustu;1001403065;1001403065;"PUSTU AIRMATA KUPANG KOTA";"Puskesmas Pembantu";;53;"Nusa Tenggara Timur";5371;"Kota Kupang";537106;"Kota Lama";0;0;;;;Operasional;Aktif
1785;Pustu;1001405910;1001405910;"PUSTU AIRNONA BAKUNASE";"Puskesmas Pembantu";;53;"Nusa Tenggara Timur";5371;"Kota Kupang";537105;"Kota Raja";0;0;;;;Operasional;Aktif
1786;Pustu;1001244665;1001244665;"PUSTU BATU PLAT NAIONI";"Puskesmas Pembantu";;53;"Nusa Tenggara Timur";5371;"Kota Kupang";537101;Alak;0;0;;;;Operasional;Aktif
1787;Pustu;1001407956;1001407956;"PUSTU BELLO SIKUMANA";"Puskesmas Pembantu";;53;"Nusa Tenggara Timur";5371;"Kota Kupang";537102;Maulafa;0;0;;;;Operasional;Aktif
1788;Pustu;1001409409;1001409409;"PUSTU FATUBESI PASIR PANJANG";"Puskesmas Pembantu";;53;"Nusa Tenggara Timur";5371;"Kota Kupang";537106;"Kota Lama";0;0;;;;Operasional;Aktif
1789;Pustu;1001408015;1001408015;"PUSTU FATUFETO MANUTAPEN";"Puskesmas Pembantu";;53;"Nusa Tenggara Timur";5371;"Kota Kupang";537101;Alak;0;0;;;;Operasional;Aktif
1790;Pustu;1001408572;1001408572;"PUSTU FATUKOA SIKUMANA";"Puskesmas Pembantu";;53;"Nusa Tenggara Timur";5371;"Kota Kupang";537102;Maulafa;0;0;;;;Operasional;Aktif
1791;Pustu;1001408027;1001408027;"PUSTU FATULULI OEBOBO";"Puskesmas Pembantu";;53;"Nusa Tenggara Timur";5371;"Kota Kupang";537104;Oebobo;0;0;;;;Operasional;Aktif
1792;Pustu;1001409411;1001409411;"PUSTU FONTEIN BAKUNASE";"Puskesmas Pembantu";;53;"Nusa Tenggara Timur";5371;"Kota Kupang";537105;"Kota Raja";0;0;;;;Operasional;Aktif
1793;Pustu;1004664567;1004664567;"PUSTU HAUKOTO";"Puskesmas Pembantu";;53;"Nusa Tenggara Timur";5371;"Kota Kupang";537102;Maulafa;0;0;;;;Operasional;Aktif
1794;Pustu;1001403651;1001403651;"PUSTU KELAPA LIMA OESAPA";"Puskesmas Pembantu";;53;"Nusa Tenggara Timur";5371;"Kota Kupang";537103;"Kelapa Lima";0;0;;;;Operasional;Aktif
1795;Pustu;1001409136;1001409136;"PUSTU KOLHUA SIKUMANA";"Puskesmas Pembantu";;53;"Nusa Tenggara Timur";5371;"Kota Kupang";537102;Maulafa;0;0;;;;Operasional;Aktif
1796;Pustu;1001404710;1001404710;"PUSTU LABAT";"Puskesmas Pembantu";;53;"Nusa Tenggara Timur";5371;"Kota Kupang";537105;"Kota Raja";0;0;;;;Operasional;Aktif
1797;Pustu;1001406419;1001406419;"PUSTU LASIANA OESAPA";"Puskesmas Pembantu";;53;"Nusa Tenggara Timur";5371;"Kota Kupang";537103;"Kelapa Lima";0;0;;;;Operasional;Aktif
1798;Pustu;1001407475;1001407475;"PUSTU LILIBA OEPOI";"Puskesmas Pembantu";;53;"Nusa Tenggara Timur";5371;"Kota Kupang";537104;Oebobo;0;0;;;;Operasional;Aktif
1799;Pustu;1001409198;1001409198;"PUSTU MANTASI MANUTAPEN";"Puskesmas Pembantu";;53;"Nusa Tenggara Timur";5371;"Kota Kupang";537101;Alak;0;0;;;;Operasional;Aktif
1800;Pustu;1001404590;1001404590;"PUSTU MANULAI II BARU";"Puskesmas Pembantu";;53;"Nusa Tenggara Timur";5371;"Kota Kupang";537101;Alak;0;0;;;;Operasional;Aktif
1801;Pustu;1001404461;1001404461;"PUSTU MANULAI II NAIONI";"Puskesmas Pembantu";;53;"Nusa Tenggara Timur";5371;"Kota Kupang";537101;Alak;0;0;;;;Operasional;Aktif
1802;Pustu;1001405336;1001405336;"PUSTU MAULAFA PENFUI";"Puskesmas Pembantu";;53;"Nusa Tenggara Timur";5371;"Kota Kupang";537102;Maulafa;0;0;;;;Operasional;Aktif
1803;Pustu;1001409514;1001409514;"PUSTU NAIKOLAN SIKUMANA";"Puskesmas Pembantu";;53;"Nusa Tenggara Timur";5371;"Kota Kupang";537102;Maulafa;0;0;;;;Operasional;Aktif
1804;Pustu;1001407566;1001407566;"PUSTU NAIKOTEN SATU BAKUNASE";"Puskesmas Pembantu";;53;"Nusa Tenggara Timur";5371;"Kota Kupang";537105;"Kota Raja";0;0;;;;Operasional;Aktif
1805;Pustu;1001407578;1001407578;"PUSTU NAIMATA PENFUI";"Puskesmas Pembantu";;53;"Nusa Tenggara Timur";5371;"Kota Kupang";537102;Maulafa;0;0;;;;Operasional;Aktif
1806;Pustu;1001403962;1001403962;"PUSTU NAMOSAIN ALAK";"Puskesmas Pembantu";;53;"Nusa Tenggara Timur";5371;"Kota Kupang";537101;Alak;0;0;;;;Operasional;Aktif
1807;Pustu;1001406586;1001406586;"PUSTU NUNBAUN DELHA ALAK";"Puskesmas Pembantu";;53;"Nusa Tenggara Timur";5371;"Kota Kupang";537101;Alak;0;0;;;;Operasional;Aktif
1808;Pustu;1001407580;1001407580;"PUSTU NUNHILA ALAK";"Puskesmas Pembantu";;53;"Nusa Tenggara Timur";5371;"Kota Kupang";537101;Alak;0;0;;;;Operasional;Aktif
1809;Pustu;1001409239;1001409239;"PUSTU OEBA PASIR PANJANG";"Puskesmas Pembantu";;53;"Nusa Tenggara Timur";5371;"Kota Kupang";537106;"Kota Lama";0;0;;;;Operasional;Aktif
1810;Pustu;1001406598;1001406598;"PUSTU OEBUFU OEPOI";"Puskesmas Pembantu";;53;"Nusa Tenggara Timur";5371;"Kota Kupang";537104;Oebobo;0;0;;;;Operasional;Aktif
1811;Pustu;1001403998;1001403998;"PUSTU OEPURA SIKUMANA";"Puskesmas Pembantu";;53;"Nusa Tenggara Timur";5371;"Kota Kupang";537102;Maulafa;0;0;;;;Operasional;Aktif
1812;Pustu;1001408297;1001408297;"PUSTU OESAPA SELATAN OESAPA";"Puskesmas Pembantu";;53;"Nusa Tenggara Timur";5371;"Kota Kupang";537103;"Kelapa Lima";0;0;;;;Operasional;Aktif
1813;Pustu;1001404629;1001404629;"PUSTU PENKASE OELETA ALAK";"Puskesmas Pembantu";;53;"Nusa Tenggara Timur";5371;"Kota Kupang";537101;Alak;0;0;;;;Operasional;Non-Aktif
1814;Pustu;1004664555;1004664555;"PUSTU SOKON";"Puskesmas Pembantu";;53;"Nusa Tenggara Timur";5371;"Kota Kupang";537102;Maulafa;0;0;;;;Operasional;Aktif
1815;Pustu;1001409394;1001409394;"PUSTU TENAU 1";"Puskesmas Pembantu";;53;"Nusa Tenggara Timur";5371;"Kota Kupang";537101;Alak;0;0;;;;Operasional;Aktif
1816;Pustu;1004664543;1004664543;"PUSTU TENAU 2";"Puskesmas Pembantu";;53;"Nusa Tenggara Timur";5371;"Kota Kupang";537101;Alak;0;0;;;;Operasional;Aktif
1817;Pustu;1001408455;1001408455;"PUSTU TODE KISAR PASIR PANJANG";"Puskesmas Pembantu";;53;"Nusa Tenggara Timur";5371;"Kota Kupang";537106;"Kota Lama";0;0;;;;Operasional;Aktif
1818;Pustu;1001409320;1001409320;"PUSTU TUAK DAUN MERAH OEPOI";"Puskesmas Pembantu";;53;"Nusa Tenggara Timur";5371;"Kota Kupang";537104;Oebobo;0;0;;;;Operasional;Aktif
